"resp_id","sala_init_eq","salacat_init","salaam_init","sala4_init","epinr","jobh","wage_hourly","pay_type","t0bigfive1","t0bigfive2","t0bigfive3","t0bigfive4","t0bigfive5","t0bigfive6","t0bigfive7","t0bigfive8","t0bigfive9","t0bigfive10","t0bigfive11","t0big5_e_comp","t0big5_a_comp","t0big5_c_comp","t0big5_n_comp","t0big5_o_comp","log_wage","monthly_salary"
1011027,NA,1,35,1,1026940,30,35,"hourly",2,3,3,3,2,4,3,3,2,3,3,0.666075208587985,-0.797759534455332,-0.264020662075569,-0.515508340977693,-0.0512975824218321,3.55534806148941,4550
1011079,2,2,1700,2,1027399,2,196.168936072006,"monthly",1,3,5,2,5,4,2,5,2,5,2,1.21745857071493,-0.797759534455332,-0.264020662075569,0.0206682600391986,-0.567155289428958,5.27897620672659,1700.13077929072
1011106,NA,2,3200,1,1018598,32,23.0786983614124,"monthly",2,4,5,4,4,5,2,4,3,3,5,1.21745857071493,1.21893771369932,-0.864525090430422,-0.515508340977693,-1.08301299643608,3.13891004323032,3200.24617278252
1011121,1,2,4500,1,1026472,8,129.817678282945,"monthly",2,4,5,2,3,5,4,4,5,4,4,1.21745857071493,-0.293585335855875,-0.864525090430422,1.62919806308987,-0.0512975824218321,4.8661309913208,4500.34618047543
1011133,1,2,3000,1,1027925,10,69.2360950842372,"monthly",2,3,3,4,5,5,4,3,4,4,4,1.21745857071493,-0.797759534455332,-0.264020662075569,0.0206682600391986,-1.08301299643608,4.23752233189843,3000.23078698361
1011161,NA,2,400,2,1019642,1,92.3147934456497,"monthly",3,4,5,5,4,3,4,3,3,4,3,-0.436691515665901,-0.797759534455332,-1.46502951878527,-1.05168494199458,-0.567155289428958,4.52520440435021,400.030771597815
1011266,NA,1,29,1,1028601,26,29,"hourly",4,4,2,3,4,4,2,4,4,3,4,-0.436691515665901,0.714763212595312,0.936988194634136,0.55684486105609,-1.08301299643608,3.36729582998647,3267.33333333333
1011270,NA,1,20,2,1027083,35,20,"hourly",4,3,2,4,3,4,3,4,5,4,4,-0.436691515665901,-0.293585335855875,0.936988194634136,0.55684486105609,-0.0512975824218321,2.99573227355399,3033.33333333333
1011295,1,2,4300,2,1019210,5,198.476805908147,"monthly",4,5,2,4,4,1,3,2,3,5,5,-2.09084160204673,1.21893771369932,-0.264020662075569,-0.515508340977693,-0.0512975824218321,5.29067224648978,4300.33079467652
1011305,1,2,4500,1,1026999,36,28.8483729517655,"monthly",3,4,3,4,1,4,1,1,5,5,4,0.114691846461042,1.21893771369932,-1.46502951878527,0.55684486105609,1.49627553859954,3.36205359454453,4500.34618047542
1011347,NA,2,2000,NA,1020262,9,51.2859963586943,"monthly",3,3,3,3,3,3,3,3,3,3,3,-0.436691515665901,-0.797759534455332,-0.264020662075569,0.0206682600391986,-0.567155289428958,3.93741773944809,2000.15385798908
1011394,NA,1,62,1,1027187,8,62,"hourly",4,2,4,4,1,4,3,4,5,4,4,-0.436691515665901,-0.797759534455332,-0.264020662075569,0.55684486105609,0.980417831592419,4.12713438504509,2149.33333333333
1011415,NA,1,20,2,1028434,5,20,"hourly",5,3,1,2,4,4,2,4,5,5,5,-0.988074877792844,0.714763212595312,1.53749262298899,1.62919806308987,-0.0512975824218321,2.99573227355399,433.333333333333
1011423,NA,2,1000,1,1026366,3,76.9289945380414,"monthly",2,4,5,1,3,4,3,2,5,5,4,0.666075208587985,0.210589013995855,-2.06553394714013,2.16537466410676,0.464560124585293,4.34288284755625,1000.07692899454
1011508,1,2,2550,1,1026450,2,294.253404108008,"monthly",4,3,2,4,3,2,2,4,2,4,4,-1.53945823991979,0.210589013995855,0.936988194634136,-1.05168494199458,-0.0512975824218321,5.68444131483475,2550.19616893607
1011511,2,1,13,1,1028411,2,13,"hourly",2,4,3,1,1,5,2,4,5,5,5,1.21745857071493,1.21893771369932,0.336483766279283,2.16537466410676,1.49627553859954,2.56494935746154,112.666666666667
1011516,NA,1,26,1,1018665,40,26,"hourly",4,4,4,4,4,4,4,4,4,4,4,-0.436691515665901,-0.293585335855875,-0.264020662075569,0.0206682600391986,-0.567155289428958,3.25809653802148,4506.66666666667
1011586,NA,2,2000,2,1015549,3,153.857989076083,"monthly",5,3,3,2,3,4,2,4,5,4,5,-0.988074877792844,0.714763212595312,0.336483766279283,1.62919806308987,-0.0512975824218321,5.0360300281162,2000.15385798908
1011588,NA,1,20,2,1026335,3,20,"hourly",3,5,1,2,1,4,1,5,2,4,5,0.114691846461042,2.22728595964596,2.13799705134384,0.0206682600391986,0.980417831592419,2.99573227355399,260
1011589,NA,1,30,2,1015014,10,30,"hourly",4,4,3,4,2,3,2,3,4,5,4,-0.988074877792844,0.714763212595312,-0.264020662075569,0.0206682600391986,0.980417831592419,3.40119738166216,1300
1011593,1,2,3800,2,1026961,20,43.8495268866836,"monthly",4,3,3,4,5,5,2,3,2,4,5,0.114691846461042,0.714763212595312,-0.264020662075569,-1.05168494199458,-1.08301299643608,3.78076392940271,3800.29233017925
1011606,NA,2,300,2,1026351,8,8.65451188552966,"monthly",3,3,1,4,1,5,1,4,1,4,5,0.666075208587985,1.21893771369932,1.53749262298899,-1.58786154301148,0.980417831592419,2.15808079021859,300.023078698362
1011612,NA,2,3600,1,1027528,33,25.1767618488135,"monthly",2,3,2,2,4,4,2,3,3,3,5,0.666075208587985,0.714763212595312,0.336483766279283,0.55684486105609,-1.08301299643608,3.22592142021995,3600.27694438033
1011668,NA,1,20,2,1018079,4,20,"hourly",4,3,5,5,1,3,4,3,4,5,4,-0.988074877792844,-0.797759534455332,-1.46502951878527,-0.515508340977693,1.49627553859954,2.99573227355399,346.666666666667
1011696,NA,2,4800,1,1026422,4,276.944380336949,"monthly",2,3,2,2,2,4,5,5,2,5,4,0.666075208587985,-1.30193373305479,1.53749262298899,0.0206682600391986,0.980417831592419,5.62381669301832,4800.36925917378
1011740,NA,2,2500,1,1027102,4,144.241864758828,"monthly",1,1,4,3,1,5,3,4,3,3,5,1.76884193284187,-0.797759534455332,-0.264020662075569,0.0206682600391986,0.464560124585293,4.97149150697863,2500.19232248635
1011777,NA,1,32,2,1018765,24,32,"hourly",1,4,3,1,3,3,4,5,4,5,5,0.666075208587985,0.210589013995855,0.936988194634136,1.62919806308987,0.464560124585293,3.46573590279973,3328
1011799,NA,1,24,1,1026709,35,24,"hourly",2,2,5,3,4,5,5,4,5,4,2,1.21745857071493,-2.81445663135771,-0.864525090430422,1.09302146207298,-0.567155289428958,3.17805383034795,3640
1011828,NA,2,3000,1,1020042,2,346.180475421186,"monthly",3,2,4,4,1,2,3,3,2,4,3,-0.988074877792844,-1.30193373305479,-0.864525090430422,-1.05168494199458,0.980417831592419,5.84696024433253,3000.23078698361
1011860,1,2,770,2,1015339,38,4.67647308902304,"monthly",5,4,5,4,5,4,5,4,5,4,5,-0.988074877792844,-0.293585335855875,-0.864525090430422,0.55684486105609,-1.08301299643608,1.54254421236357,770.059235325794
1011861,NA,2,200,2,1015903,10,4.61573967228248,"monthly",3,4,3,3,4,4,2,3,3,4,3,0.114691846461042,0.210589013995855,-0.264020662075569,0.0206682600391986,-0.567155289428958,1.52947213079622,200.015385798907
1011881,2,2,2500,2,1019552,2,288.483729517655,"monthly",2,5,2,2,1,4,2,5,2,5,5,0.666075208587985,1.72311145854195,1.53749262298899,0.0206682600391986,1.49627553859954,5.66463868753857,2500.19232248634
1011894,1,1,20,2,1018422,5,20,"hourly",3,4,4,4,2,4,4,3,2,4,4,0.114691846461042,-0.293585335855875,-0.864525090430422,-1.05168494199458,0.464560124585293,2.99573227355399,433.333333333333
1011978,NA,1,22,2,1019038,25,22,"hourly",5,2,3,2,1,4,2,4,5,4,5,-0.988074877792844,0.210589013995855,0.336483766279283,1.62919806308987,0.980417831592419,3.09104245335832,2383.33333333333
1011986,NA,1,18,1,1027086,6,18,"hourly",3,4,2,4,4,5,2,3,3,4,5,0.666075208587985,1.21893771369932,0.336483766279283,-0.515508340977693,-0.567155289428958,2.89037175789616,468
1011997,1,1,22,1,1015556,30,22,"hourly",3,4,3,3,2,4,3,4,3,4,4,0.114691846461042,0.210589013995855,0.336483766279283,0.0206682600391986,0.464560124585293,3.09104245335832,2860
1012004,NA,1,23,1,1000212,8,23,"hourly",3,1,3,4,4,3,4,3,4,4,4,-0.436691515665901,-1.80610808290652,-0.264020662075569,0.0206682600391986,-0.567155289428958,3.13549421592915,797.333333333333
1012078,1,1,23,2,1026651,4,23,"hourly",1,3,3,2,2,5,3,3,4,5,5,1.76884193284187,0.210589013995855,-0.264020662075569,1.09302146207298,0.980417831592419,3.13549421592915,398.666666666667
1012080,NA,2,4500,2,1026938,4,259.63535656589,"monthly",4,4,5,5,5,4,4,5,4,5,4,-0.436691515665901,-0.293585335855875,-0.264020662075569,-0.515508340977693,-0.567155289428958,5.55927817188075,4500.34618047543
1012086,NA,2,4099,1,1027443,10,94.5995845834295,"monthly",3,4,3,1,2,3,3,4,4,4,5,-0.436691515665901,0.714763212595312,0.336483766279283,1.62919806308987,0.464560124585293,4.54965308475252,4099.31533194861
1012090,NA,1,15,NA,1026517,20,15,"hourly",1,2,5,1,3,5,3,2,2,5,3,1.76884193284187,-1.30193373305479,-2.06553394714013,0.55684486105609,0.464560124585293,2.70805020110221,1300
1012097,NA,2,4400,1,1027995,5,203.092545580429,"monthly",5,5,5,5,5,5,5,5,5,5,5,-0.436691515665901,0.210589013995855,-0.264020662075569,0.0206682600391986,-0.567155289428958,5.31366176471448,4400.33848757596
1012118,1,2,4000,2,1018298,30,30.7715978152166,"monthly",2,4,2,3,5,5,3,4,2,5,4,1.21745857071493,0.210589013995855,0.936988194634136,-0.515508340977693,-0.567155289428958,3.4265921156821,4000.30771597816
1012142,NA,2,200,2,1027473,8,5.7696745903531,"monthly",2,2,1,2,4,3,3,2,1,3,3,0.114691846461042,-1.30193373305479,0.336483766279283,-0.515508340977693,-1.08301299643608,1.75261568211043,200.015385798907
1012189,1,2,4200,2,1020213,4,242.32633279483,"monthly",2,2,2,3,2,2,3,3,2,2,5,-0.436691515665901,-0.293585335855875,0.336483766279283,-0.515508340977693,-0.567155289428958,5.4902853003938,4200.32310177705
1012192,1,2,3300,1,1027395,34,22.3999131154885,"monthly",1,4,3,2,4,3,3,4,4,4,5,0.666075208587985,0.714763212595312,0.336483766279283,1.09302146207298,-0.567155289428958,3.10905708008064,3300.25386568197
1012227,1,1,20,1,1020380,1,20,"hourly",2,2,3,2,1,5,3,2,2,5,4,1.21745857071493,-0.797759534455332,-0.864525090430422,0.0206682600391986,1.49627553859954,2.99573227355399,86.6666666666667
1012302,NA,1,25,1,1019612,4,25,"hourly",3,5,4,2,2,4,2,3,4,4,5,0.114691846461042,1.72311145854195,-0.864525090430422,1.09302146207298,0.464560124585293,3.2188758248682,433.333333333333
1012360,NA,1,24,1,1027504,29,24,"hourly",2,4,2,3,1,5,2,3,2,5,5,1.21745857071493,1.21893771369932,0.336483766279283,-0.515508340977693,1.49627553859954,3.17805383034795,3016
1012392,NA,2,400,2,1018173,24,3.84644972690207,"monthly",2,1,3,4,4,5,1,5,1,3,3,1.21745857071493,-0.797759534455332,0.936988194634136,-1.58786154301148,-1.08301299643608,1.34715057400226,400.030771597815
1012457,1,1,20,1,1020033,9,20,"hourly",3,4,3,4,3,4,2,4,2,2,4,0.114691846461042,0.714763212595312,0.336483766279283,-1.05168494199458,-1.08301299643608,2.99573227355399,780
1012468,1,2,1700,2,1020291,15,26.1558581429341,"monthly",2,3,4,3,1,4,4,2,1,5,5,0.666075208587985,-0.293585335855875,-1.46502951878527,-1.05168494199458,1.49627553859954,3.26407318618433,1700.13077929072
1012480,NA,2,3900,2,1028439,26,34.6180475421186,"monthly",3,3,4,4,4,4,4,4,4,4,4,0.114691846461042,-0.797759534455332,-0.264020662075569,0.0206682600391986,-0.567155289428958,3.54437515133848,3900.3000230787
1012481,NA,1,21,1,1020324,30,21,"hourly",1,3,2,3,1,4,2,3,4,5,5,1.21745857071493,0.714763212595312,0.336483766279283,0.55684486105609,1.49627553859954,3.04452243772342,2730
1012560,1,2,3400,1,1018532,33,23.7780528572128,"monthly",3,4,4,2,1,4,3,4,2,5,5,0.114691846461042,0.714763212595312,-0.264020662075569,0.0206682600391986,1.49627553859954,3.16876300638,3400.26155858143
1012569,1,1,30,1,1026812,20,30,"hourly",4,5,4,4,1,2,2,4,1,4,5,-1.53945823991979,1.72311145854195,-0.264020662075569,-1.58786154301148,0.980417831592419,3.40119738166216,2600
1012581,NA,1,20,2,1027762,20,20,"hourly",2,3,5,3,1,4,2,3,3,5,4,0.666075208587985,0.210589013995855,-1.46502951878527,0.0206682600391986,1.49627553859954,2.99573227355399,1733.33333333333
1012592,NA,2,1200,2,1015736,15,18.4629586891299,"monthly",3,4,2,3,3,3,3,3,4,4,4,-0.436691515665901,0.210589013995855,0.336483766279283,0.55684486105609,-0.0512975824218321,2.91576649191611,1200.09231479344
1012636,1,2,4200,1,1027612,28,34.6180475421186,"monthly",1,3,2,3,1,3,3,4,2,4,5,0.666075208587985,0.210589013995855,0.936988194634136,-0.515508340977693,0.980417831592419,3.54437515133848,4200.32310177706
1012659,1,1,30,1,1026783,3,30,"hourly",3,1,2,2,4,4,3,5,2,4,4,0.114691846461042,-1.30193373305479,1.53749262298899,0.0206682600391986,-0.567155289428958,3.40119738166216,390
1012681,1,1,20,1,1026117,1,20,"hourly",1,4,2,3,4,5,3,5,4,5,5,1.76884193284187,0.714763212595312,1.53749262298899,0.55684486105609,-0.0512975824218321,2.99573227355399,86.6666666666667
1012708,NA,2,400,2,1019533,20,4.61573967228248,"monthly",3,4,3,2,2,3,3,4,4,5,5,-0.436691515665901,0.714763212595312,0.336483766279283,1.09302146207298,0.980417831592419,1.52947213079622,400.030771597815
1012739,2,1,21,1,1027552,30,21,"hourly",4,2,3,2,2,3,3,4,4,4,3,-0.988074877792844,-1.30193373305479,0.336483766279283,1.09302146207298,0.464560124585293,3.04452243772342,2730
1012743,NA,1,10,2,1015193,10,10,"hourly",3,1,4,4,1,3,3,5,3,5,5,-0.436691515665901,-0.797759534455332,0.336483766279283,-0.515508340977693,1.49627553859954,2.30258509299405,433.333333333333
1012750,1,2,639,2,1027243,40,3.68682206323563,"monthly",3,3,2,2,3,4,2,3,4,5,2,0.114691846461042,-0.797759534455332,0.336483766279283,1.09302146207298,0.464560124585293,1.30476485750583,639.049157627509
1012755,NA,2,2000,2,1015360,1,461.573967228248,"monthly",4,4,4,3,1,5,4,4,3,4,5,0.114691846461042,0.210589013995855,-0.264020662075569,0.0206682600391986,0.980417831592419,6.13464231678431,2000.15385798907
1012773,NA,2,2600,1,1027261,23,26.0889633650749,"monthly",NA,NA,NA,NA,NA,NA,NA,NA,NA,NA,NA,NA,NA,NA,NA,NA,3.26151236532265,2600.2000153858
1012834,1,2,1100,1,1020292,4,63.4664204938841,"monthly",4,5,4,1,2,4,2,2,3,5,5,-0.436691515665901,1.72311145854195,-1.46502951878527,1.09302146207298,0.980417831592419,4.1505109549088,1100.08462189399
1012839,NA,1,30,2,1026569,40,30,"hourly",4,3,3,4,4,2,3,4,2,2,3,-1.53945823991979,-0.797759534455332,0.336483766279283,-1.05168494199458,-1.59887070344321,3.40119738166216,5200
1012874,1,1,21,2,1020401,4,21,"hourly",1,3,5,2,5,3,5,4,5,1,3,0.666075208587985,-1.80610808290652,-0.864525090430422,1.62919806308987,-2.63058611745746,3.04452243772342,364
1012879,2,1,25,1,1019813,34,25,"hourly",2,4,4,5,3,4,2,3,3,4,5,0.666075208587985,1.21893771369932,-0.864525090430422,-1.05168494199458,-0.0512975824218321,3.2188758248682,3683.33333333333
1012888,NA,1,17,1,1015871,20,17,"hourly",3,2,1,5,3,5,3,5,1,5,5,0.666075208587985,-0.293585335855875,2.13799705134384,-2.12403814402837,0.464560124585293,2.83321334405622,1473.33333333333
1012889,NA,2,1300,2,1015769,5,60.0046157396723,"monthly",3,4,3,5,5,4,3,4,4,5,4,0.114691846461042,0.210589013995855,0.336483766279283,-0.515508340977693,-0.567155289428958,4.09442148825776,1300.1000076929
1012908,NA,2,1200,1,1015243,16,17.3090237710593,"monthly",1,3,3,5,1,5,1,1,1,4,5,1.76884193284187,1.21893771369932,-1.46502951878527,-2.12403814402837,0.980417831592419,2.85122797077854,1200.09231479344
1012909,NA,1,20,1,1026810,1,20,"hourly",2,4,2,5,2,5,2,4,2,4,4,1.21745857071493,0.714763212595312,0.936988194634136,-1.58786154301148,0.464560124585293,2.99573227355399,86.6666666666667
1012938,1,2,2500,2,1018387,20,28.8483729517655,"monthly",2,4,3,2,3,3,2,4,4,3,5,0.114691846461042,1.21893771369932,0.336483766279283,1.09302146207298,-0.567155289428958,3.36205359454453,2500.19232248634
1012940,NA,1,21,1,1027259,80,21,"hourly",5,2,3,1,5,4,2,4,5,1,1,-0.988074877792844,-1.80610808290652,0.336483766279283,2.16537466410676,-2.63058611745746,3.04452243772342,7280
1012942,2,1,19,2,1015944,12,19,"hourly",4,4,5,5,3,5,4,4,2,3,3,0.114691846461042,-0.797759534455332,-0.864525090430422,-1.58786154301148,-0.567155289428958,2.94443897916644,988
1013014,NA,1,21,2,1028160,25,21,"hourly",2,3,2,2,2,5,3,4,4,4,5,1.21745857071493,0.210589013995855,0.936988194634136,1.09302146207298,0.464560124585293,3.04452243772342,2275
1013027,NA,2,1600,2,1020209,20,18.4629586891299,"monthly",2,4,3,3,5,4,3,3,2,4,3,0.666075208587985,-0.293585335855875,-0.264020662075569,-0.515508340977693,-1.08301299643608,2.91576649191611,1600.12308639126
1013028,1,1,25,2,1026244,1,25,"hourly",2,3,3,4,4,3,2,4,2,2,4,0.114691846461042,0.210589013995855,0.336483766279283,-1.05168494199458,-1.59887070344321,3.2188758248682,108.333333333333
1013056,NA,2,2400,2,1027204,24,23.0786983614124,"monthly",3,4,3,2,2,3,2,3,4,2,4,-0.436691515665901,0.714763212595312,-0.264020662075569,1.09302146207298,-0.567155289428958,3.13891004323032,2400.18462958689
1013069,NA,2,4100,1,1000135,42,22.5292055432835,"monthly",5,4,5,4,5,4,3,4,5,5,4,-0.988074877792844,0.210589013995855,-0.864525090430422,0.55684486105609,-0.567155289428958,3.11481249165126,4100.3154088776
1013071,NA,2,3400,1,1028196,24,32.6948226786676,"monthly",3,3,5,3,2,3,3,3,4,5,4,-0.436691515665901,-0.293585335855875,-1.46502951878527,0.55684486105609,0.980417831592419,3.48721673749853,3400.26155858143
1013089,2,1,100,2,1018300,10,100,"hourly",NA,NA,NA,NA,NA,NA,NA,NA,NA,NA,NA,NA,NA,NA,NA,NA,4.60517018598809,4333.33333333333
1013092,NA,1,20,2,1018549,15,20,"hourly",2,4,5,4,3,4,4,3,2,5,5,0.666075208587985,0.210589013995855,-1.46502951878527,-1.05168494199458,0.464560124585293,2.99573227355399,1300
1013099,1,2,3100,1,1019765,7,102.205664171969,"monthly",2,5,5,5,4,5,5,5,4,5,4,1.21745857071493,-0.293585335855875,-0.264020662075569,-0.515508340977693,-0.0512975824218321,4.62698709866015,3100.23847988306
1013108,NA,2,4200,2,1028183,2,484.652665589661,"monthly",3,4,2,5,1,4,2,5,1,5,5,0.114691846461042,1.21893771369932,1.53749262298899,-2.12403814402837,1.49627553859954,6.18343248095374,4200.32310177706
1013157,NA,2,3800,1,1019851,32,27.4059543041772,"monthly",2,5,5,1,1,5,4,1,2,5,3,1.21745857071493,-0.293585335855875,-2.66603837549498,0.55684486105609,1.49627553859954,3.31076030015698,3800.29233017924
1013158,2,2,4600,1,1028670,3,353.87337487499,"monthly",3,5,3,4,1,5,1,3,3,4,5,0.666075208587985,2.22728595964596,-0.264020662075569,-0.515508340977693,0.980417831592419,5.8689391510513,4600.35387337487
1013160,1,2,3500,1,1019288,20,40.3877221324717,"monthly",3,4,3,3,2,3,3,4,3,5,4,-0.436691515665901,0.210589013995855,0.336483766279283,0.0206682600391986,0.980417831592419,3.69852583116574,3500.26925148088
1013177,NA,1,20,1,1027327,38,20,"hourly",4,2,5,2,3,1,5,4,4,5,2,-2.09084160204673,-2.81445663135771,-0.864525090430422,1.09302146207298,0.464560124585293,2.99573227355399,3293.33333333333
1013182,NA,2,1200,2,1015112,6,46.1573967228248,"monthly",5,2,3,2,4,4,3,4,5,4,NA,-0.988074877792844,-0.696924785486805,0.336483766279283,1.62919806308987,-0.567155289428958,3.83205722379026,1200.09231479344
1013191,NA,1,20,2,1015035,20,20,"hourly",4,3,4,1,3,3,3,5,5,2,4,-0.988074877792844,-0.293585335855875,0.336483766279283,2.16537466410676,-1.08301299643608,2.99573227355399,1733.33333333333
1013234,NA,2,1200,2,1028170,3,92.3147934456497,"monthly",3,2,1,3,1,5,3,4,2,3,5,0.666075208587985,-0.293585335855875,1.53749262298899,-0.515508340977693,0.464560124585293,4.52520440435021,1200.09231479345
1013236,1,1,19,1,1026804,5,19,"hourly",4,2,5,5,5,3,2,3,2,1,4,-0.988074877792844,-0.293585335855875,-1.46502951878527,-1.58786154301148,-2.63058611745746,2.94443897916644,411.666666666667
1013252,NA,1,25,1,1027413,60,25,"hourly",3,4,3,3,4,4,1,5,4,3,3,0.114691846461042,0.714763212595312,0.936988194634136,0.55684486105609,-1.08301299643608,3.2188758248682,6500
1013264,2,2,2600,1,1027620,25,24.0018462958689,"monthly",3,3,4,2,2,3,2,3,3,4,4,-0.436691515665901,0.210589013995855,-0.864525090430422,0.55684486105609,0.464560124585293,3.1781307563836,2600.2000153858
1013272,NA,1,21,2,1027011,16,21,"hourly",3,5,3,4,1,5,1,4,4,5,1,0.666075208587985,0.210589013995855,0.336483766279283,0.0206682600391986,1.49627553859954,3.04452243772342,1456
1013279,NA,1,18,1,1026696,16,18,"hourly",2,5,4,5,4,5,3,3,2,5,2,1.21745857071493,-0.293585335855875,-0.864525090430422,-1.58786154301148,-0.0512975824218321,2.89037175789616,1248
1013292,NA,1,25,1,1026267,8,25,"hourly",4,4,3,3,2,3,4,2,2,3,3,-0.988074877792844,-0.797759534455332,-0.864525090430422,-0.515508340977693,-0.0512975824218321,3.2188758248682,866.666666666667
1013360,NA,1,22,NA,1015919,25,22,"hourly",3,3,2,3,2,5,3,3,2,5,2,0.666075208587985,-1.30193373305479,0.336483766279283,-0.515508340977693,0.980417831592419,3.09104245335832,2383.33333333333
1013381,1,2,2748,1,1018140,32,19.8188322178629,"monthly",4,3,4,3,2,3,5,3,3,4,4,-0.988074877792844,-1.30193373305479,-0.864525090430422,0.0206682600391986,0.464560124585293,2.98663260778474,2748.21140087699
1013400,1,2,4200,1,1027656,8,121.163166397415,"monthly",3,5,5,2,5,4,2,5,2,5,5,0.114691846461042,1.72311145854195,-0.264020662075569,0.0206682600391986,-0.567155289428958,4.79713811983385,4200.32310177705
1013425,NA,2,3900,1,1026619,33,27.2748253362147,"monthly",4,3,3,3,1,2,1,4,4,5,4,-1.53945823991979,0.714763212595312,0.336483766279283,0.55684486105609,1.49627553859954,3.30596412789348,3900.3000230787
1013430,NA,1,22,1,1019196,25,22,"hourly",4,4,3,5,4,3,4,3,2,4,4,-0.988074877792844,-0.293585335855875,-0.264020662075569,-1.58786154301148,-0.567155289428958,3.09104245335832,2383.33333333333
1013432,NA,2,1033,1,1027262,2,119.201477036695,"monthly",4,4,5,4,2,3,3,3,4,5,5,-0.988074877792844,0.714763212595312,-1.46502951878527,0.0206682600391986,0.980417831592419,4.78081514580192,1033.07946765136
1013461,NA,1,21,1,1026879,18,21,"hourly",2,4,2,5,1,5,2,3,1,4,5,1.21745857071493,1.21893771369932,0.336483766279283,-2.12403814402837,0.980417831592419,3.04452243772342,1638
1013497,1,2,3760,2,1026698,10,86.7759058389107,"monthly",3,5,1,5,4,5,2,4,1,1,5,0.666075208587985,1.72311145854195,1.53749262298899,-2.12403814402837,-2.11472841045033,4.46332900063212,3760.28925301946
1013498,1,1,15,2,1026597,20,15,"hourly",3,4,3,3,2,4,4,4,3,4,4,0.114691846461042,-0.293585335855875,0.336483766279283,0.0206682600391986,0.464560124585293,2.70805020110221,1300
2011003,NA,1,20,2,1015632,17,20,"hourly",NA,NA,NA,NA,NA,NA,NA,NA,NA,NA,NA,NA,NA,NA,NA,NA,2.99573227355399,1473.33333333333
2011004,1,1,20,2,1027434,3,20,"hourly",3,2,3,2,3,4,3,3,4,3,3,0.114691846461042,-1.30193373305479,-0.264020662075569,1.09302146207298,-0.567155289428958,2.99573227355399,260
2011012,1,1,29,1,1027927,30,29,"hourly",3,2,4,4,4,2,4,2,3,5,2,-0.988074877792844,-2.31028228150598,-1.46502951878527,-0.515508340977693,-0.0512975824218321,3.36729582998647,3770
2011019,NA,1,19,1,1027345,30,19,"hourly",3,3,2,2,4,4,2,3,4,4,4,0.114691846461042,0.210589013995855,0.336483766279283,1.09302146207298,-0.567155289428958,2.94443897916644,2470
2011025,1,2,5200,1,1027738,18,66.6717952663025,"monthly",1,1,1,3,3,5,3,5,2,5,5,1.76884193284187,-0.797759534455332,2.13799705134384,-0.515508340977693,0.464560124585293,4.19978200391558,5200.40003077159
2011035,NA,2,1300,2,1015297,21,14.2868132713505,"monthly",3,4,4,2,1,3,3,2,3,4,4,-0.436691515665901,0.210589013995855,-1.46502951878527,0.55684486105609,0.980417831592419,2.65933696296843,1300.1000076929
2011043,1,1,25,1,1018776,8,25,"hourly",4,2,3,4,1,4,3,4,2,5,5,-0.436691515665901,-0.293585335855875,0.336483766279283,-1.05168494199458,1.49627553859954,3.2188758248682,866.666666666667
2011071,1,2,2000,2,1028590,6,76.9289945380414,"monthly",2,3,1,3,4,5,2,4,2,3,4,1.21745857071493,0.210589013995855,1.53749262298899,-0.515508340977693,-1.08301299643608,4.34288284755625,2000.15385798908
2011109,NA,2,4200,1,1019101,40,24.232633279483,"monthly",2,4,5,4,1,4,3,4,3,5,5,0.666075208587985,0.714763212595312,-0.864525090430422,-0.515508340977693,1.49627553859954,3.18770020739975,4200.32310177705
2011132,NA,1,30,1,1027632,15,30,"hourly",2,3,4,2,2,3,1,4,2,4,3,0.114691846461042,0.210589013995855,-0.264020662075569,0.0206682600391986,0.464560124585293,3.40119738166216,1950
2011228,NA,1,19,2,1015318,20,19,"hourly",2,3,2,4,5,4,2,1,3,2,3,0.666075208587985,-0.293585335855875,-0.864525090430422,-0.515508340977693,-2.11472841045033,2.94443897916644,1646.66666666667
2011271,1,2,850,2,1015927,30,6.53896453573352,"monthly",3,4,3,3,4,4,3,3,3,2,2,0.114691846461042,-0.797759534455332,-0.264020662075569,0.0206682600391986,-1.59887070344321,1.87777882506443,850.065389645357
2011283,1,1,50,2,1015302,20,50,"hourly",2,3,4,3,1,2,4,3,3,5,4,-0.436691515665901,-0.797759534455332,-0.864525090430422,0.0206682600391986,1.49627553859954,3.91202300542815,4333.33333333333
2011330,1,1,27,1,1018533,1,27,"hourly",2,3,3,3,1,4,3,4,2,3,4,0.666075208587985,-0.293585335855875,0.336483766279283,-0.515508340977693,0.464560124585293,3.29583686600433,117
2011373,1,1,23,1,1019611,2,23,"hourly",1,4,3,3,4,4,2,4,2,4,5,1.21745857071493,1.21893771369932,0.336483766279283,-0.515508340977693,-0.567155289428958,3.13549421592915,199.333333333333
2011386,NA,1,25,2,1027789,70,25,"hourly",5,4,1,4,4,5,NA,3,1,3,4,-0.436691515665901,0.613928463626785,0.936988194634136,-1.58786154301148,-1.08301299643608,3.2188758248682,7583.33333333333
2011452,NA,2,4200,2,1027545,5,193.861066235864,"monthly",2,4,2,3,5,3,2,4,3,4,4,0.114691846461042,0.714763212595312,0.936988194634136,0.0206682600391986,-1.08301299643608,5.26714174907959,4200.32310177705
2011473,NA,2,3700,2,1026875,12,71.1593199476883,"monthly",5,1,5,1,5,1,5,1,5,5,4,-2.64222496417367,-2.31028228150598,-2.66603837549498,2.16537466410676,-0.567155289428958,4.26492130608654,3700.28463727979
2011478,NA,2,1100,1,1027489,18,14.1036489986409,"monthly",3,4,3,3,4,5,2,5,5,5,5,0.666075208587985,1.21893771369932,0.936988194634136,1.09302146207298,-0.0512975824218321,2.64643355813252,1100.08462189399
2011485,NA,1,18,1,1020357,10,18,"hourly",1,2,3,2,5,5,4,2,3,2,4,1.76884193284187,-1.30193373305479,-0.864525090430422,0.55684486105609,-2.11472841045033,2.89037175789616,780
2011503,NA,1,20,1,1026073,30,20,"hourly",4,5,3,2,5,4,3,4,3,4,5,-0.436691515665901,1.21893771369932,0.336483766279283,0.55684486105609,-1.08301299643608,2.99573227355399,2600
2011512,NA,1,19,1,1015725,6,19,"hourly",2,5,5,5,1,2,1,5,5,5,5,-0.436691515665901,2.22728595964596,-0.264020662075569,0.0206682600391986,1.49627553859954,2.94443897916644,494
2011545,1,2,4700,1,1027604,8,135.587352873298,"monthly",3,2,3,2,4,4,2,4,4,3,5,0.114691846461042,0.210589013995855,0.336483766279283,1.09302146207298,-1.08301299643608,4.90961610326054,4700.36156627433
2011553,1,2,4600,1,1019565,4,265.405031156243,"monthly",3,5,4,3,2,4,2,3,3,5,2,0.114691846461042,0.210589013995855,-0.864525090430422,0.0206682600391986,0.980417831592419,5.58125707859952,4600.35387337488
2011632,1,1,55,1,1026124,15,55,"hourly",1,3,4,5,5,4,4,4,2,3,5,1.21745857071493,-0.293585335855875,-0.264020662075569,-1.58786154301148,-1.59887070344321,4.00733318523247,3575
2011696,3,2,990,2,1019846,8,28.5598892222479,"monthly",1,4,3,2,3,5,2,4,2,5,4,1.76884193284187,0.714763212595312,0.336483766279283,0.0206682600391986,0.464560124585293,3.35200325869103,990.076159704594
2011712,1,1,30,1,1027977,3,30,"hourly",4,2,4,3,4,3,3,3,3,3,4,-0.988074877792844,-0.797759534455332,-0.864525090430422,0.0206682600391986,-1.08301299643608,3.40119738166216,390
2011768,NA,2,1900,2,1026628,4,109.623817216709,"monthly",3,5,5,5,3,5,3,3,1,5,2,0.666075208587985,-0.293585335855875,-1.46502951878527,-2.12403814402837,0.464560124585293,4.69705466127687,1900.14616508962
2011801,1,1,22,2,1019609,9,22,"hourly",3,4,1,5,1,3,2,4,3,2,3,-0.436691515665901,0.210589013995855,1.53749262298899,-1.05168494199458,-0.0512975824218321,3.09104245335832,858
2011813,1,1,25,2,1019399,4,25,"hourly",4,3,2,1,1,3,1,4,4,5,5,-0.988074877792844,1.21893771369932,0.936988194634136,1.62919806308987,1.49627553859954,3.2188758248682,433.333333333333
2011839,1,2,4000,1,1027236,4,230.786983614124,"monthly",2,5,4,3,2,4,3,4,2,4,3,0.666075208587985,0.210589013995855,-0.264020662075569,-0.515508340977693,0.464560124585293,5.44149513622436,4000.30771597815
2011842,NA,2,4000,1,1019228,3,307.715978152166,"monthly",3,4,3,4,4,3,2,3,2,3,4,-0.436691515665901,0.714763212595312,-0.264020662075569,-1.05168494199458,-1.08301299643608,5.72917720867614,4000.30771597816
2011847,NA,1,20,2,1028399,5,20,"hourly",2,4,4,3,5,4,2,3,2,3,4,0.666075208587985,0.714763212595312,-0.864525090430422,-0.515508340977693,-1.59887070344321,2.99573227355399,433.333333333333
2011854,1,2,2400,1,1026293,13,42.606827744146,"monthly",3,2,4,1,1,4,2,3,5,5,4,0.114691846461042,-0.293585335855875,-0.864525090430422,2.16537466410676,1.49627553859954,3.75201451611673,2400.18462958689
2011907,NA,2,1000,2,1019658,20,11.5393491807062,"monthly",3,3,3,4,1,2,2,4,4,1,1,-0.988074877792844,-1.30193373305479,0.336483766279283,0.0206682600391986,-0.567155289428958,2.44576286267037,1000.07692899454
2011913,NA,2,1500,1,1019302,50,6.92360950842372,"monthly",3,1,4,3,4,2,2,4,5,3,5,-0.988074877792844,-0.293585335855875,-0.264020662075569,1.09302146207298,-1.08301299643608,1.93493723890438,1500.11539349181
2011944,1,1,25,1,1026428,2,25,"hourly",4,2,3,2,2,3,2,4,4,1,4,-0.988074877792844,-0.293585335855875,0.336483766279283,1.09302146207298,-1.08301299643608,3.2188758248682,216.666666666667
2011951,NA,1,20,2,1018688,24,20,"hourly",3,3,4,2,5,3,2,3,3,3,4,-0.436691515665901,0.210589013995855,-0.864525090430422,0.55684486105609,-1.59887070344321,2.99573227355399,2080
2011988,NA,1,20,2,1027696,40,20,"hourly",2,3,3,3,4,5,3,4,3,4,5,1.21745857071493,0.210589013995855,0.336483766279283,0.0206682600391986,-0.567155289428958,2.99573227355399,3466.66666666667
2012014,1,2,3100,1,1020060,34,21.0423426236407,"monthly",4,3,3,4,1,4,4,4,4,5,4,-0.436691515665901,-0.797759534455332,0.336483766279283,0.0206682600391986,1.49627553859954,3.0465367230993,3100.23847988306
2012021,NA,1,23,2,1028600,20,23,"hourly",4,4,2,2,3,2,3,4,3,3,4,-1.53945823991979,0.210589013995855,0.936988194634136,0.55684486105609,-0.567155289428958,3.13549421592915,1993.33333333333
2012058,1,2,3700,1,1027423,1,853.911839372259,"monthly",3,5,2,3,2,4,2,4,3,4,5,0.114691846461042,1.72311145854195,0.936988194634136,0.0206682600391986,0.464560124585293,6.74982795587454,3700.28463727979
2012063,NA,2,1000,2,1026554,21,10.9898563625773,"monthly",3,3,5,3,3,4,3,NA,5,5,5,0.114691846461042,0.210589013995855,-0.864525090430422,1.09302146207298,0.464560124585293,2.39697269850094,1000.07692899453
2012106,2,2,2200,1,1018647,20,25.3865681975537,"monthly",3,5,5,3,4,4,3,2,3,3,4,0.114691846461042,0.714763212595312,-2.06553394714013,0.0206682600391986,-1.08301299643608,3.23422022303464,2200.16924378799
2012159,NA,1,25,2,1018487,36,25,"hourly",4,3,4,3,1,2,2,3,4,4,3,-1.53945823991979,-0.293585335855875,-0.864525090430422,0.55684486105609,0.980417831592419,3.2188758248682,3900
2012169,NA,1,20,2,1027525,2,20,"hourly",3,4,2,3,3,5,2,4,3,4,5,0.666075208587985,1.21893771369932,0.936988194634136,0.0206682600391986,-0.0512975824218321,2.99573227355399,173.333333333333
2012184,NA,1,18,1,1015767,25,18,"hourly",3,4,3,3,1,4,2,3,3,5,5,0.114691846461042,1.21893771369932,-0.264020662075569,0.0206682600391986,1.49627553859954,2.89037175789616,1950
2012186,1,1,17,1,1018391,1,17,"hourly",2,4,3,4,3,5,1,3,1,4,3,1.21745857071493,0.714763212595312,-0.264020662075569,-1.58786154301148,-0.0512975824218321,2.83321334405622,73.6666666666667
2012241,NA,2,4800,1,1019316,5,221.555504269559,"monthly",1,1,2,3,5,4,3,5,1,3,5,1.21745857071493,-0.797759534455332,1.53749262298899,-1.05168494199458,-1.59887070344321,5.40067314170411,4800.36925917378
2012242,NA,1,27,1,1018683,35,27,"hourly",3,3,3,3,3,3,3,3,3,3,3,-0.436691515665901,-0.797759534455332,-0.264020662075569,0.0206682600391986,-0.567155289428958,3.29583686600433,4095
2012290,NA,2,1300,2,1026926,10,30.0023078698361,"monthly",2,4,4,1,3,5,3,3,4,3,4,1.21745857071493,0.210589013995855,-0.864525090430422,1.62919806308987,-0.567155289428958,3.40127430769781,1300.1000076929
2012300,1,2,4500,1,1018378,9,115.393491807062,"monthly",1,2,1,3,1,5,1,5,1,5,4,1.76884193284187,0.210589013995855,2.13799705134384,-1.05168494199458,1.49627553859954,4.74834795566442,4500.34618047542
2012303,1,2,550,2,1015103,8,15.866605123471,"monthly",1,2,5,2,4,5,3,5,1,4,1,1.76884193284187,-2.31028228150598,-0.264020662075569,-0.515508340977693,-0.567155289428958,2.76421659378891,550.042310946995
2012331,1,2,4200,1,1018826,32,30.2907915993538,"monthly",3,3,3,3,4,3,2,3,3,2,4,-0.436691515665901,0.210589013995855,-0.264020662075569,0.0206682600391986,-1.59887070344321,3.41084375871396,4200.32310177706
2012356,1,2,1200,2,1015905,10,27.6944380336949,"monthly",5,2,4,1,1,1,2,2,5,4,3,-2.64222496417367,-0.797759534455332,-1.46502951878527,2.16537466410676,0.980417831592419,3.32123160002427,1200.09231479345
2012373,NA,1,29,1,1028659,9,29,"hourly",3,2,4,4,4,3,2,3,2,3,5,-0.436691515665901,0.210589013995855,-0.864525090430422,-1.05168494199458,-1.08301299643608,3.36729582998647,1131
2012438,NA,2,950,1,1028651,12,18.2706362027848,"monthly",2,4,4,4,3,4,2,3,2,3,4,0.666075208587985,0.714763212595312,-0.864525090430422,-1.05168494199458,-0.567155289428958,2.90529519204881,950.07308254481
2012528,NA,1,19,1,1000116,50,19,"hourly",2,5,5,3,2,4,4,3,2,3,3,0.666075208587985,-0.293585335855875,-1.46502951878527,-0.515508340977693,-0.0512975824218321,2.94443897916644,4116.66666666667
2012531,1,1,23,1,1028101,18,23,"hourly",3,2,4,2,4,3,3,2,4,5,5,-0.436691515665901,-0.293585335855875,-1.46502951878527,1.09302146207298,-0.0512975824218321,3.13549421592915,1794
2012561,NA,1,35,2,1026101,3,35,"hourly",2,3,3,3,4,4,2,4,2,2,4,0.666075208587985,0.210589013995855,0.336483766279283,-0.515508340977693,-1.59887070344321,3.55534806148941,455
2012572,1,1,18,1,1015811,16,18,"hourly",4,3,3,2,4,3,1,4,3,3,2,-0.988074877792844,-0.293585335855875,0.336483766279283,0.55684486105609,-1.08301299643608,2.89037175789616,1248
2012597,NA,2,1300,1,1026058,14,21.4302199070258,"monthly",4,4,3,3,1,3,3,3,2,3,5,-0.988074877792844,0.714763212595312,-0.264020662075569,-0.515508340977693,0.464560124585293,3.0648020710766,1300.1000076929
2012641,1,2,3700,2,1026378,3,284.637279790753,"monthly",3,3,4,3,4,3,5,3,2,5,2,-0.436691515665901,-2.31028228150598,-0.864525090430422,-0.515508340977693,-0.0512975824218321,5.65121566720643,3700.28463727979
2012672,1,1,26,1,1027383,9,26,"hourly",2,3,4,4,2,5,2,3,2,5,5,1.21745857071493,0.714763212595312,-0.864525090430422,-1.05168494199458,0.980417831592419,3.25809653802148,1014
2012718,2,2,3800,2,1027350,3,292.330179244557,"monthly",2,4,2,2,2,5,3,5,3,3,5,1.21745857071493,0.714763212595312,1.53749262298899,0.55684486105609,-0.0512975824218321,5.6778839142886,3800.29233017924
2012739,NA,2,3002,2,1000126,40,17.32056312024,"monthly",5,4,1,5,5,3,2,4,5,4,5,-1.53945823991979,1.21893771369932,1.53749262298899,0.0206682600391986,-1.08301299643608,2.8518944153217,3002.2309408416
2012749,NA,1,25,1,1026862,50,25,"hourly",5,3,5,1,1,1,5,5,5,5,4,-2.64222496417367,-1.30193373305479,-0.264020662075569,2.16537466410676,1.49627553859954,3.2188758248682,5416.66666666667
2012781,1,1,28,1,1019275,1,28,"hourly",1,4,5,4,1,4,3,4,3,4,4,1.21745857071493,0.210589013995855,-0.864525090430422,-0.515508340977693,0.980417831592419,3.3322045101752,121.333333333333
2012784,NA,2,1400,2,1027524,24,13.4625740441572,"monthly",3,2,2,4,2,3,2,4,2,4,3,-0.436691515665901,-0.797759534455332,0.936988194634136,-1.05168494199458,0.464560124585293,2.59991354249763,1400.10770059235
2012816,NA,2,3200,1,1019374,42,17.5837701801237,"monthly",3,3,1,2,3,4,1,5,4,4,5,0.114691846461042,1.21893771369932,2.13799705134384,1.09302146207298,-0.0512975824218321,2.86697632774668,3200.24617278251
2012829,NA,1,25,1,1018910,1,25,"hourly",4,4,2,1,2,2,4,3,4,4,3,-1.53945823991979,-0.797759534455332,0.336483766279283,1.62919806308987,0.464560124585293,3.2188758248682,108.333333333333
2012856,1,2,4000,1,1028552,10,92.3147934456497,"monthly",2,3,3,3,3,5,3,3,3,4,4,1.21745857071493,-0.293585335855875,-0.264020662075569,0.0206682600391986,-0.0512975824218321,4.52520440435021,4000.30771597815
2012862,1,2,750,2,1018204,8,21.6362797138241,"monthly",4,5,3,4,3,3,1,3,3,2,1,-0.988074877792844,0.210589013995855,-0.264020662075569,-0.515508340977693,-1.08301299643608,3.07437152209275,750.057696745902
2012866,NA,2,2700,2,1027933,36,17.3090237710593,"monthly",1,4,5,4,4,5,5,2,2,5,3,1.76884193284187,-1.30193373305479,-2.06553394714013,-1.05168494199458,-0.0512975824218321,2.85122797077854,2700.20770828525
2012906,1,2,4670,1,1027865,17,63.3985419692918,"monthly",4,3,2,2,1,3,3,4,3,3,3,-0.988074877792844,-0.797759534455332,0.936988194634136,0.55684486105609,0.464560124585293,4.14944086384895,4670.3592584045
2012962,NA,1,27,1,1019522,1,27,"hourly",2,2,2,1,3,4,4,4,3,2,4,0.666075208587985,-1.30193373305479,0.936988194634136,1.09302146207298,-1.08301299643608,3.29583686600433,117
2012965,1,2,3500,1,1019927,34,23.7574836073363,"monthly",3,2,4,2,5,2,4,3,3,2,4,-0.988074877792844,-1.30193373305479,-0.864525090430422,0.55684486105609,-2.11472841045033,3.16789758010357,3500.26925148088
2013007,NA,1,21,1,1019491,8,21,"hourly",3,4,2,2,2,3,2,5,2,2,4,-0.436691515665901,0.714763212595312,1.53749262298899,0.0206682600391986,-0.567155289428958,3.04452243772342,728
2013009,NA,1,18,1,1026358,1,18,"hourly",2,4,5,1,5,4,5,1,5,1,3,0.666075208587985,-1.30193373305479,-2.66603837549498,2.16537466410676,-2.63058611745746,2.89037175789616,78
2013014,NA,2,1000,1,1028064,1,230.786983614124,"monthly",3,4,5,3,3,2,1,3,2,3,5,-0.988074877792844,1.72311145854195,-1.46502951878527,-0.515508340977693,-0.567155289428958,5.44149513622436,1000.07692899454
2013044,2,1,19,2,1015315,8,19,"hourly",3,2,2,3,5,5,3,4,3,4,1,0.666075208587985,-2.31028228150598,0.936988194634136,0.0206682600391986,-1.08301299643608,2.94443897916644,658.666666666667
2013055,NA,1,18,2,1027655,10,18,"hourly",2,4,4,5,4,5,2,5,2,4,4,1.21745857071493,0.714763212595312,0.336483766279283,-1.58786154301148,-0.567155289428958,2.89037175789616,780
2013058,1,2,1600,1,1028374,32,11.5393491807062,"monthly",4,4,4,3,2,3,2,5,4,4,5,-0.988074877792844,1.21893771369932,0.336483766279283,0.55684486105609,0.464560124585293,2.44576286267037,1600.12308639126
2013066,3,2,3500,2,1028648,5,161.550888529887,"monthly",2,4,4,3,2,3,2,3,3,4,4,0.114691846461042,0.714763212595312,-0.864525090430422,0.0206682600391986,0.464560124585293,5.08482019228563,3500.26925148089
2013086,NA,2,1200,2,1019971,8,34.6180475421186,"monthly",3,4,4,3,2,3,4,4,3,3,4,-0.436691515665901,-0.293585335855875,-0.264020662075569,0.0206682600391986,-0.0512975824218321,3.54437515133848,1200.09231479344
2013105,1,2,6000,2,1027535,20,69.2360950842372,"monthly",1,5,2,3,2,4,1,4,2,3,5,1.21745857071493,2.22728595964596,0.936988194634136,-0.515508340977693,-0.0512975824218321,4.23752233189843,6000.46157396722
2013166,NA,1,16,NA,1027495,24,16,"hourly",3,3,4,4,2,4,2,4,3,5,3,0.114691846461042,-0.293585335855875,-0.264020662075569,-0.515508340977693,0.980417831592419,2.77258872223978,1664
2013193,NA,1,22,2,1026752,42,22,"hourly",4,2,4,2,2,1,5,4,3,2,2,-2.09084160204673,-2.81445663135771,-0.264020662075569,0.55684486105609,-0.567155289428958,3.09104245335832,4004
2013203,NA,1,25,2,1026454,10,25,"hourly",3,2,4,4,4,4,2,3,2,4,4,0.114691846461042,-0.293585335855875,-0.864525090430422,-1.05168494199458,-0.567155289428958,3.2188758248682,1083.33333333333
2013231,NA,2,3200,1,1000173,50,14.7703669513039,"monthly",3,5,4,2,1,5,3,5,4,3,3,0.666075208587985,0.210589013995855,0.336483766279283,1.09302146207298,0.464560124585293,2.6926229406019,3200.24617278251
2013239,NA,1,22,1,1027182,20,22,"hourly",4,5,5,2,3,2,1,3,5,3,1,-1.53945823991979,0.210589013995855,-1.46502951878527,1.62919806308987,-0.567155289428958,3.09104245335832,1906.66666666667
2013268,NA,1,25,1,1019354,15,25,"hourly",NA,NA,NA,NA,NA,NA,NA,NA,NA,NA,NA,NA,NA,NA,NA,NA,3.2188758248682,1625
2013302,NA,1,28,1,1027453,4,28,"hourly",2,3,3,1,4,4,3,3,3,5,4,0.666075208587985,-0.293585335855875,-0.264020662075569,1.09302146207298,-0.0512975824218321,3.3322045101752,485.333333333333
2013307,1,2,4700,1,1026051,38,28.5447058680627,"monthly",5,3,4,5,4,4,3,5,4,4,5,-0.988074877792844,0.210589013995855,0.336483766279283,-0.515508340977693,-0.567155289428958,3.35147148521399,4700.36156627432
2013322,NA,1,25,1,1027459,20,25,"hourly",3,4,5,5,5,5,5,3,2,5,3,0.666075208587985,-1.30193373305479,-1.46502951878527,-1.58786154301148,-0.567155289428958,3.2188758248682,2166.66666666667
2013331,1,1,26,1,1026559,3,26,"hourly",4,5,5,3,5,4,1,4,2,2,2,-0.436691515665901,0.714763212595312,-0.864525090430422,-0.515508340977693,-2.11472841045033,3.25809653802148,338
2013402,1,1,25,1,1027241,30,25,"hourly",4,3,2,2,2,3,3,4,2,4,3,-0.988074877792844,-0.797759534455332,0.936988194634136,0.0206682600391986,0.464560124585293,3.2188758248682,3250
2013418,NA,1,25,1,1028328,32,25,"hourly",4,4,3,4,4,3,4,3,3,4,4,-0.988074877792844,-0.293585335855875,-0.264020662075569,-0.515508340977693,-0.567155289428958,3.2188758248682,3466.66666666667
2013422,NA,2,1200,1,1028494,2,138.472190168474,"monthly",4,4,4,2,1,2,3,2,4,5,4,-1.53945823991979,0.210589013995855,-1.46502951878527,1.09302146207298,1.49627553859954,4.93066951245837,1200.09231479344
3011004,NA,1,15,NA,1028491,25,15,"hourly",4,4,4,3,3,2,3,4,3,4,4,-1.53945823991979,0.210589013995855,-0.264020662075569,0.0206682600391986,-0.0512975824218321,2.70805020110221,1625
3011075,NA,1,18,2,1000178,4,18,"hourly",3,5,5,5,3,4,3,3,4,3,5,0.114691846461042,1.21893771369932,-1.46502951878527,-0.515508340977693,-0.567155289428958,2.89037175789616,312
3011188,NA,2,1200,1,1028128,13,21.303413872073,"monthly",4,4,2,3,5,2,2,3,2,4,5,-1.53945823991979,1.21893771369932,0.336483766279283,-0.515508340977693,-1.08301299643608,3.05886733555678,1200.09231479345
3011196,2,2,2500,1,1018593,1,576.96745903531,"monthly",3,2,1,1,3,2,2,5,4,2,4,-0.988074877792844,-0.293585335855875,2.13799705134384,1.62919806308987,-1.08301299643608,6.35778586809852,2500.19232248634
3011229,NA,2,3900,1,1019860,42,21.4302199070258,"monthly",3,2,2,4,5,3,2,3,2,4,3,-0.436691515665901,-0.797759534455332,0.336483766279283,-1.05168494199458,-1.08301299643608,3.0648020710766,3900.3000230787
3011256,NA,1,32,2,1020077,10,32,"hourly",2,2,3,1,5,3,2,1,3,4,1,0.114691846461042,-1.80610808290652,-1.46502951878527,1.09302146207298,-1.08301299643608,3.46573590279973,1386.66666666667
3011264,NA,2,2100,2,1018413,4,121.163166397415,"monthly",2,3,5,2,1,5,3,4,5,3,5,1.21745857071493,0.210589013995855,-0.864525090430422,1.62919806308987,0.464560124585293,4.79713811983385,2100.16155088853
3011286,NA,1,32,1,1019721,6,32,"hourly",3,3,3,4,4,4,3,4,2,2,4,0.114691846461042,-0.293585335855875,0.336483766279283,-1.05168494199458,-1.59887070344321,3.46573590279973,832
3011301,NA,2,1000,1,1018082,4,57.696745903531,"monthly",5,5,5,5,5,4,5,3,2,1,4,-0.988074877792844,-0.293585335855875,-1.46502951878527,-1.58786154301148,-2.63058611745746,4.05520077510447,1000.07692899454
3011357,2,2,4100,1,1028001,35,27.0350466519403,"monthly",5,5,5,5,5,5,5,5,5,5,5,-0.436691515665901,0.210589013995855,-0.264020662075569,0.0206682600391986,-0.567155289428958,3.29713404844521,4100.31540887761
3011369,NA,1,17,2,1018638,30,17,"hourly",3,3,2,3,3,4,2,4,2,3,5,0.114691846461042,0.714763212595312,0.936988194634136,-0.515508340977693,-0.567155289428958,2.83321334405622,2210
3011452,NA,1,20,2,1019650,20,20,"hourly",1,4,3,4,5,5,3,3,2,4,4,1.76884193284187,0.210589013995855,-0.264020662075569,-1.05168494199458,-1.08301299643608,2.99573227355399,1733.33333333333
3011454,1,2,1000,1,1018696,10,23.0786983614124,"monthly",3,2,4,4,4,4,2,3,2,5,4,0.114691846461042,-0.293585335855875,-0.864525090430422,-1.05168494199458,-0.0512975824218321,3.13891004323032,1000.07692899454
3011457,NA,1,20,2,1018334,3,20,"hourly",4,4,3,3,2,3,2,4,2,5,1,-0.988074877792844,-0.797759534455332,0.336483766279283,-0.515508340977693,0.980417831592419,2.99573227355399,260
3011484,1,2,700,2,1018189,4,40.3877221324717,"monthly",3,4,4,3,5,4,3,3,4,2,4,0.114691846461042,0.210589013995855,-0.864525090430422,0.55684486105609,-2.11472841045033,3.69852583116574,700.053850296176
3011501,NA,1,27,1,1020158,36,27,"hourly",5,3,4,3,5,2,4,3,4,1,4,-2.09084160204673,-0.797759534455332,-0.864525090430422,0.55684486105609,-2.63058611745746,3.29583686600433,4212
3011503,1,1,23,2,1028633,8,23,"hourly",3,2,4,4,2,3,4,2,4,3,2,-0.436691515665901,-2.31028228150598,-1.46502951878527,0.0206682600391986,-0.0512975824218321,3.13549421592915,797.333333333333
3011507,1,2,2700,2,1019465,4,155.781213939534,"monthly",4,4,3,2,2,3,5,4,3,5,5,-0.988074877792844,-0.293585335855875,0.336483766279283,0.55684486105609,0.980417831592419,5.04845254811476,2700.20770828526
3011512,3,2,500,NA,1015213,5,23.0786983614124,"monthly",5,5,5,5,5,5,5,5,5,5,5,-0.436691515665901,0.210589013995855,-0.264020662075569,0.0206682600391986,-0.567155289428958,3.13891004323032,500.038464497269
3011534,1,2,4200,1,1019370,50,19.3861066235864,"monthly",1,3,NA,NA,NA,NA,NA,NA,NA,NA,NA,1.43801191556571,0.311423762964382,-0.0238188907336281,-0.72997898138445,0.567732078672884,2.96455665608554,4200.32310177705
3011617,NA,2,2800,2,1026666,9,71.800394902172,"monthly",1,4,4,3,2,5,3,3,4,3,3,1.76884193284187,-0.293585335855875,-0.864525090430422,0.55684486105609,-0.0512975824218321,4.2738899760693,2800.21540118471
3011663,1,2,4600,1,1020133,17,62.4482426249983,"monthly",2,4,3,2,4,2,2,4,3,2,4,-0.436691515665901,0.714763212595312,0.336483766279283,0.55684486105609,-1.59887070344321,4.1343380956632,4600.35387337487
3011674,NA,2,3800,1,1026081,34,25.793839345108,"monthly",3,3,2,2,5,2,5,5,2,5,4,-0.988074877792844,-1.30193373305479,1.53749262298899,0.0206682600391986,-0.567155289428958,3.25013567834054,3800.29233017925
3011679,1,2,4000,1,1028285,40,23.0786983614124,"monthly",2,3,4,3,3,2,3,3,4,4,4,-0.436691515665901,-0.293585335855875,-0.864525090430422,0.55684486105609,-0.0512975824218321,3.13891004323032,4000.30771597815
3011692,NA,1,25,2,1028643,4,25,"hourly",1,2,1,4,2,4,4,4,1,5,4,1.21745857071493,-1.30193373305479,1.53749262298899,-1.58786154301148,0.980417831592419,3.2188758248682,433.333333333333
3011695,NA,1,19,2,1026255,15,19,"hourly",3,4,4,2,4,3,2,3,2,2,4,-0.436691515665901,0.714763212595312,-0.864525090430422,0.0206682600391986,-1.59887070344321,2.94443897916644,1235
3011713,NA,2,900,1,1027706,42,4.9454353631598,"monthly",5,5,4,2,4,3,2,3,4,5,5,-1.53945823991979,1.72311145854195,-0.864525090430422,1.09302146207298,-0.0512975824218321,1.59846500228317,900.069236095084
3011738,NA,2,3300,1,1019691,30,25.3865681975537,"monthly",3,2,3,3,3,4,2,3,2,4,5,0.114691846461042,0.210589013995855,-0.264020662075569,-0.515508340977693,-0.0512975824218321,3.23422022303464,3300.25386568198
3011747,1,2,2800,2,1026006,18,35.900197451086,"monthly",3,2,3,2,4,3,2,4,3,2,5,-0.436691515665901,0.210589013995855,0.336483766279283,0.55684486105609,-1.59887070344321,3.58074279550936,2800.21540118471
3011752,NA,2,2500,2,1027756,6,96.1612431725517,"monthly",1,1,3,2,1,5,2,3,3,5,3,1.76884193284187,-1.30193373305479,-0.264020662075569,0.55684486105609,1.49627553859954,4.56602639887046,2500.19232248634
3011754,NA,1,25,1,1027940,21,25,"hourly",2,2,2,1,5,3,3,4,2,3,3,0.114691846461042,-1.30193373305479,0.936988194634136,0.55684486105609,-1.59887070344321,3.2188758248682,2275
3011763,NA,1,15,2,1018168,8,15,"hourly",1,4,3,5,1,5,3,3,2,4,5,1.76884193284187,0.714763212595312,-0.264020662075569,-1.58786154301148,0.980417831592419,2.70805020110221,520
3011781,1,2,3700,1,1019485,10,85.391183937226,"monthly",1,4,5,5,1,5,3,2,2,5,4,1.76884193284187,0.210589013995855,-2.06553394714013,-1.58786154301148,1.49627553859954,4.4472428628805,3700.28463727979
3011790,NA,2,900,2,1028042,5,41.5416570505423,"monthly",3,3,3,3,3,3,3,3,3,3,3,-0.436691515665901,-0.797759534455332,-0.264020662075569,0.0206682600391986,-0.567155289428958,3.72669670813244,900.069236095083
3011855,NA,1,27,1,1026034,15,27,"hourly",5,5,1,3,1,2,1,5,2,3,5,-2.09084160204673,2.22728595964596,2.13799705134384,-0.515508340977693,0.464560124585293,3.29583686600433,1755
3011857,NA,1,20,1,1027039,7,20,"hourly",1,5,2,5,1,5,1,3,2,5,1,1.76884193284187,0.210589013995855,0.336483766279283,-1.58786154301148,1.49627553859954,2.99573227355399,606.666666666667
3011867,NA,1,25,2,1026294,1,25,"hourly",2,2,2,4,1,2,5,3,1,4,3,-0.436691515665901,-2.31028228150598,0.336483766279283,-1.58786154301148,0.980417831592419,3.2188758248682,108.333333333333
3011874,1,2,4800,1,1027934,16,69.2360950842372,"monthly",1,4,3,1,3,5,2,2,5,5,2,1.76884193284187,-0.293585335855875,-0.864525090430422,2.16537466410676,0.464560124585293,4.23752233189843,4800.36925917378
3011885,1,2,4200,1,1027947,50,19.3861066235864,"monthly",3,2,3,3,3,3,3,3,3,3,3,-0.436691515665901,-1.30193373305479,-0.264020662075569,0.0206682600391986,-0.567155289428958,2.96455665608554,4200.32310177705
3011892,1,2,4500,1,1027078,16,64.9088391414724,"monthly",1,4,2,1,1,3,5,5,5,5,4,0.666075208587985,-0.797759534455332,1.53749262298899,2.16537466410676,1.49627553859954,4.17298381076086,4500.34618047542
3011894,NA,2,800,NA,1019843,35,5.27513105403712,"monthly",1,5,4,3,3,4,4,4,3,3,5,1.21745857071493,0.714763212595312,-0.264020662075569,0.0206682600391986,-0.567155289428958,1.66300352342074,800.06154319563
3011901,NA,2,4600,2,1028356,15,70.7746749749981,"monthly",3,1,3,3,1,1,5,5,5,3,5,-1.53945823991979,-1.80610808290652,0.936988194634136,1.09302146207298,0.464560124585293,4.2595012386172,4600.35387337488
3011903,NA,2,4000,2,1015518,8,115.393491807062,"monthly",4,3,4,4,5,5,3,4,5,5,3,0.114691846461042,-0.797759534455332,-0.264020662075569,0.55684486105609,-0.567155289428958,4.74834795566442,4000.30771597815
3011931,1,1,30,1,1026191,4,30,"hourly",2,5,3,2,2,5,2,4,3,4,5,1.21745857071493,1.72311145854195,0.336483766279283,0.55684486105609,0.464560124585293,3.40119738166216,520
3011977,1,1,18,2,1018543,12,18,"hourly",4,3,5,1,2,3,2,5,5,5,5,-0.988074877792844,0.714763212595312,-0.264020662075569,2.16537466410676,0.980417831592419,2.89037175789616,936
3012001,NA,1,25,2,1019279,30,25,"hourly",4,3,4,5,4,4,3,4,4,4,3,-0.436691515665901,-0.797759534455332,-0.264020662075569,-0.515508340977693,-0.567155289428958,3.2188758248682,3250
3012032,NA,1,17,2,1000166,4,17,"hourly",4,4,4,5,2,3,2,4,3,4,5,-0.988074877792844,1.21893771369932,-0.264020662075569,-1.05168494199458,0.464560124585293,2.83321334405622,294.666666666667
3012046,NA,1,20,2,1027295,60,20,"hourly",3,1,3,2,2,2,2,3,4,4,1,-0.988074877792844,-2.31028228150598,-0.264020662075569,1.09302146207298,0.464560124585293,2.99573227355399,5200
3012068,1,2,4500,2,1018929,4,259.63535656589,"monthly",5,3,2,4,3,2,1,4,3,4,5,-2.09084160204673,1.21893771369932,0.936988194634136,-0.515508340977693,-0.0512975824218321,5.55927817188075,4500.34618047543
3012082,1,1,21,1,1018205,3,21,"hourly",4,3,2,1,4,3,3,5,5,2,5,-0.988074877792844,0.210589013995855,1.53749262298899,2.16537466410676,-1.59887070344321,3.04452243772342,273
3012121,NA,2,3900,1,1000155,42,21.4302199070258,"monthly",1,5,5,4,4,4,2,3,3,2,1,1.21745857071493,-0.293585335855875,-1.46502951878527,-0.515508340977693,-1.59887070344321,3.0648020710766,3900.3000230787
3012132,1,1,24,2,1026716,26,24,"hourly",3,3,2,3,1,4,4,5,2,5,4,0.114691846461042,-0.797759534455332,1.53749262298899,-0.515508340977693,1.49627553859954,3.17805383034795,2704
3012159,1,2,4500,1,1027788,25,41.5416570505423,"monthly",1,4,5,5,1,5,1,4,2,5,4,1.76884193284187,1.21893771369932,-0.864525090430422,-1.58786154301148,1.49627553859954,3.72669670813244,4500.34618047542
3012198,NA,1,35,1,1026833,18,35,"hourly",3,1,3,1,1,3,2,1,4,5,5,-0.436691515665901,-0.293585335855875,-1.46502951878527,1.62919806308987,1.49627553859954,3.55534806148941,2730
3012208,1,1,21,1,1018320,12,21,"hourly",2,1,5,3,1,3,3,2,3,4,2,0.114691846461042,-2.31028228150598,-2.06553394714013,0.0206682600391986,0.980417831592419,3.04452243772342,1092
3012218,NA,1,22,2,1015529,8,22,"hourly",2,4,5,5,5,4,4,3,2,2,4,0.666075208587985,-0.293585335855875,-1.46502951878527,-1.58786154301148,-2.11472841045033,3.09104245335832,762.666666666667
3012248,2,1,22,1,1019033,3,22,"hourly",2,2,4,2,4,3,3,5,3,4,2,0.114691846461042,-1.80610808290652,0.336483766279283,0.55684486105609,-0.567155289428958,3.09104245335832,286
3012269,NA,1,6,2,1018174,30,6,"hourly",3,3,5,5,5,4,4,4,2,2,5,0.114691846461042,-0.293585335855875,-0.864525090430422,-1.58786154301148,-2.11472841045033,1.79175946922805,780
3012277,NA,1,21,1,1019305,5,21,"hourly",3,4,3,2,3,4,2,4,4,4,4,0.114691846461042,0.714763212595312,0.336483766279283,1.09302146207298,-0.0512975824218321,3.04452243772342,455
3012288,NA,2,4300,2,1027133,40,24.8096007385183,"monthly",4,3,3,2,2,2,3,3,3,4,5,-1.53945823991979,0.210589013995855,-0.264020662075569,0.55684486105609,0.464560124585293,3.21123070480994,4300.3307946765
3012294,NA,2,4500,2,1028455,17,61.0906721331505,"monthly",4,4,4,4,4,4,4,4,4,4,4,-0.436691515665901,-0.293585335855875,-0.264020662075569,0.0206682600391986,-0.567155289428958,4.11235918894442,4500.34618047542
3012337,1,2,2600,1,1019528,15,40.0030771597815,"monthly",2,4,3,5,5,4,2,4,2,4,4,0.666075208587985,0.714763212595312,0.336483766279283,-1.58786154301148,-1.08301299643608,3.68895638014959,2600.2000153858
3012372,3,2,170,2,1018277,20,1.96168936072006,"monthly",4,5,5,3,4,4,3,4,5,3,5,-0.436691515665901,1.21893771369932,-0.864525090430422,1.09302146207298,-1.08301299643608,0.673806020738498,170.013077929072
3012382,NA,1,18,2,1020132,32,18,"hourly",4,4,4,2,4,4,2,2,2,3,4,-0.436691515665901,0.714763212595312,-1.46502951878527,0.0206682600391986,-1.08301299643608,2.89037175789616,2496
3012400,NA,1,20,2,1015582,10,20,"hourly",4,5,3,3,1,3,1,3,5,4,5,-0.988074877792844,2.22728595964596,-0.264020662075569,1.09302146207298,0.980417831592419,2.99573227355399,866.666666666667
3012402,NA,1,24,1,1019435,10,24,"hourly",2,2,1,1,3,4,4,5,5,2,3,0.666075208587985,-1.80610808290652,2.13799705134384,2.16537466410676,-1.08301299643608,3.17805383034795,1040
3012414,2,1,24,NA,1015041,5,24,"hourly",1,4,1,4,4,5,4,5,1,5,4,1.76884193284187,-0.293585335855875,2.13799705134384,-1.58786154301148,-0.0512975824218321,3.17805383034795,520
3012436,NA,1,26,1,1026902,42,26,"hourly",2,4,3,5,2,5,4,4,1,5,5,1.21745857071493,0.210589013995855,0.336483766279283,-2.12403814402837,0.980417831592419,3.25809653802148,4732
3012437,NA,2,3400,1,1018771,34,23.0786983614124,"monthly",1,4,4,3,4,5,3,4,2,3,4,1.76884193284187,0.210589013995855,-0.264020662075569,-0.515508340977693,-1.08301299643608,3.13891004323032,3400.26155858143
3012458,NA,1,25,1,1026389,28,25,"hourly",2,3,4,5,4,5,5,4,2,5,5,1.21745857071493,-0.797759534455332,-0.264020662075569,-1.58786154301148,-0.0512975824218321,3.2188758248682,3033.33333333333
3012470,2,2,2200,1,1026775,22,23.0786983614124,"monthly",3,4,4,3,5,4,2,4,2,3,4,0.114691846461042,0.714763212595312,-0.264020662075569,-0.515508340977693,-1.59887070344321,3.13891004323032,2200.16924378798
3012494,2,2,4400,2,1027860,32,31.7332102469421,"monthly",1,4,5,5,5,4,2,5,1,5,2,1.21745857071493,-0.293585335855875,-0.264020662075569,-2.12403814402837,-0.567155289428958,3.45736377434885,4400.33848757597
3012510,NA,2,4500,1,1028102,34,30.5453360665753,"monthly",2,3,2,3,2,4,4,4,2,4,5,0.666075208587985,-0.293585335855875,0.936988194634136,-0.515508340977693,0.464560124585293,3.41921200838448,4500.34618047543
3012516,2,2,4000,2,1028071,5,184.629586891299,"monthly",4,4,4,3,4,3,4,4,4,4,4,-0.988074877792844,-0.293585335855875,-0.264020662075569,0.55684486105609,-0.567155289428958,5.21835158491016,4000.30771597814
3012546,NA,1,20,1,1020256,12,20,"hourly",5,2,3,4,1,3,2,5,3,4,4,-1.53945823991979,-0.293585335855875,0.936988194634136,-0.515508340977693,0.980417831592419,2.99573227355399,1040
3012576,1,2,2400,1,1018908,16,34.6180475421186,"monthly",2,2,3,4,2,3,3,4,2,5,5,0.114691846461042,-0.293585335855875,0.336483766279283,-1.05168494199458,0.980417831592419,3.54437515133848,2400.18462958689
3012601,1,2,3668,1,1019262,33,25.6523229059578,"monthly",2,5,2,4,2,5,2,4,2,5,5,1.21745857071493,1.72311145854195,0.936988194634136,-1.05168494199458,0.980417831592419,3.2446341291521,3668.28217555197
3012630,2,2,3000,2,1020161,40,17.3090237710593,"monthly",4,4,3,3,4,3,3,4,4,3,3,-0.988074877792844,-0.293585335855875,0.336483766279283,0.55684486105609,-1.08301299643608,2.85122797077854,3000.23078698361
3012635,1,2,3800,2,1019899,35,25.0568725066763,"monthly",2,4,4,1,3,4,2,4,3,2,5,0.666075208587985,1.21893771369932,-0.264020662075569,1.09302146207298,-1.08301299643608,3.22114814146729,3800.29233017924
3012655,NA,1,25,1,1019488,3,25,"hourly",3,4,3,3,1,4,3,3,3,4,5,0.114691846461042,0.714763212595312,-0.264020662075569,0.0206682600391986,0.980417831592419,3.2188758248682,325
3012671,NA,1,17,1,1026359,45,17,"hourly",4,4,2,2,3,3,4,4,4,4,5,-0.988074877792844,0.210589013995855,0.936988194634136,1.09302146207298,-0.0512975824218321,2.83321334405622,3315
3012715,NA,1,26,1,1028640,44,26,"hourly",2,4,3,3,5,4,3,4,3,4,5,0.666075208587985,0.714763212595312,0.336483766279283,0.0206682600391986,-1.08301299643608,3.25809653802148,4957.33333333333
3012728,NA,1,27,2,1015464,30,27,"hourly",1,1,3,3,1,5,3,4,2,5,5,1.76884193284187,-0.797759534455332,0.336483766279283,-0.515508340977693,1.49627553859954,3.29583686600433,3510
3012729,NA,1,18,2,1015469,3,18,"hourly",5,2,4,3,1,4,3,5,4,3,4,-0.988074877792844,-0.797759534455332,0.336483766279283,0.55684486105609,0.464560124585293,2.89037175789616,234
3012782,1,2,3800,2,1019640,80,10.9623817216709,"monthly",4,4,2,3,4,3,2,4,3,2,5,-0.988074877792844,1.21893771369932,0.936988194634136,0.0206682600391986,-1.59887070344321,2.39446956828282,3800.29233017925
3012833,NA,2,1200,1,1028083,5,55.3888760673898,"monthly",3,4,4,4,5,4,4,4,5,4,3,0.114691846461042,-0.797759534455332,-0.264020662075569,0.55684486105609,-1.08301299643608,4.01437878058422,1200.09231479345
3012836,NA,1,24,1,1026295,18,24,"hourly",2,3,2,3,2,4,4,5,3,4,4,0.666075208587985,-0.797759534455332,1.53749262298899,0.0206682600391986,0.464560124585293,3.17805383034795,1872
3012849,1,1,20,2,1019936,2,20,"hourly",4,5,2,2,2,3,3,4,5,4,5,-0.988074877792844,1.21893771369932,0.936988194634136,1.62919806308987,0.464560124585293,2.99573227355399,173.333333333333
3012850,NA,1,25,2,1027296,25,25,"hourly",3,1,4,4,2,4,4,4,3,3,3,0.114691846461042,-2.31028228150598,-0.264020662075569,-0.515508340977693,-0.0512975824218321,3.2188758248682,2708.33333333333
3012866,1,2,600,2,1027441,4,34.6180475421186,"monthly",2,4,4,3,1,2,3,4,4,5,4,-0.436691515665901,0.210589013995855,-0.264020662075569,0.55684486105609,1.49627553859954,3.54437515133848,600.046157396722
3012883,1,1,19,1,1015994,27,19,"hourly",5,2,3,2,1,1,1,4,5,3,4,-2.64222496417367,0.210589013995855,0.336483766279283,1.62919806308987,0.464560124585293,2.94443897916644,2223
3012898,NA,1,20,2,1027465,4,20,"hourly",3,3,4,4,1,5,4,5,3,5,5,0.666075208587985,-0.293585335855875,0.336483766279283,-0.515508340977693,1.49627553859954,2.99573227355399,346.666666666667
3012903,1,1,20,1,1018723,25,20,"hourly",NA,NA,NA,NA,NA,NA,NA,NA,NA,NA,NA,NA,NA,NA,NA,NA,2.99573227355399,2166.66666666667
3012918,NA,1,22,2,1027190,9,22,"hourly",1,2,1,1,3,5,3,4,3,5,4,1.76884193284187,-0.797759534455332,1.53749262298899,1.09302146207298,0.464560124585293,3.09104245335832,858
3012937,1,1,25,1,1027680,3,25,"hourly",1,5,2,2,4,4,3,5,4,2,5,1.21745857071493,1.21893771369932,1.53749262298899,1.09302146207298,-1.59887070344321,3.2188758248682,325
3012942,NA,1,15,2,1015473,4,15,"hourly",5,1,2,3,5,2,4,5,2,5,1,-2.09084160204673,-3.31863067870489,1.53749262298899,-0.515508340977693,-0.567155289428958,2.70805020110221,260
3012954,NA,1,18,1,1015090,8,18,"hourly",4,4,4,3,2,4,5,4,2,5,4,-0.436691515665901,-0.797759534455332,-0.264020662075569,-0.515508340977693,0.980417831592419,2.89037175789616,624
3012995,NA,1,32,1,1027882,2,32,"hourly",2,5,3,2,2,5,1,4,2,5,5,1.21745857071493,2.22728595964596,0.336483766279283,0.0206682600391986,0.980417831592419,3.46573590279973,277.333333333333
3013017,NA,1,23,2,1027971,10,23,"hourly",3,4,3,3,2,3,2,4,3,4,1,-0.436691515665901,-0.797759534455332,0.336483766279283,0.0206682600391986,0.464560124585293,3.13549421592915,996.666666666667
3013075,1,1,21,1,1019314,7,21,"hourly",1,2,2,3,2,2,3,3,3,3,3,0.114691846461042,-1.30193373305479,0.336483766279283,0.0206682600391986,-0.0512975824218321,3.04452243772342,637
3013098,NA,2,3500,2,1026772,28,28.8483729517655,"monthly",4,2,3,2,5,2,4,4,3,4,5,-1.53945823991979,-0.797759534455332,0.336483766279283,0.55684486105609,-1.08301299643608,3.36205359454453,3500.26925148088
3013102,1,1,21,2,1019365,35,21,"hourly",1,3,3,4,4,5,4,5,2,4,5,1.76884193284187,-0.293585335855875,0.936988194634136,-1.05168494199458,-0.567155289428958,3.04452243772342,3185
3013119,NA,1,24,2,1028079,20,24,"hourly",5,1,3,3,3,5,3,4,5,5,2,-0.436691515665901,-2.31028228150598,0.336483766279283,1.09302146207298,0.464560124585293,3.17805383034795,2080
3013178,NA,1,17,2,1018008,7,17,"hourly",3,4,2,5,1,5,1,5,1,4,5,0.666075208587985,1.72311145854195,1.53749262298899,-2.12403814402837,0.980417831592419,2.83321334405622,515.666666666667
3013207,NA,1,20,1,1015460,15,20,"hourly",2,4,4,3,2,4,3,3,2,4,4,0.666075208587985,0.210589013995855,-0.864525090430422,-0.515508340977693,0.464560124585293,2.99573227355399,1300
3013224,1,2,4100,2,1027370,4,236.556658204477,"monthly",3,1,3,4,4,4,2,3,5,3,5,0.114691846461042,-0.293585335855875,-0.264020662075569,0.55684486105609,-1.08301299643608,5.46618774881474,4100.3154088776
3013229,1,1,28,1,1019147,25,28,"hourly",5,3,2,1,5,1,3,2,5,4,3,-2.64222496417367,-0.797759534455332,-0.264020662075569,2.16537466410676,-1.08301299643608,3.3322045101752,3033.33333333333
3013255,NA,1,28,1,1020406,3,28,"hourly",1,1,4,4,2,1,2,4,1,5,5,-0.436691515665901,-0.293585335855875,-0.264020662075569,-1.58786154301148,0.980417831592419,3.3322045101752,364
3013258,NA,1,20,2,1028054,3,20,"hourly",3,5,3,4,3,2,4,4,5,1,5,-0.988074877792844,0.714763212595312,0.336483766279283,0.55684486105609,-1.59887070344321,2.99573227355399,260
3013278,NA,1,19,1,1020192,30,19,"hourly",1,1,3,5,3,4,2,3,3,3,3,1.21745857071493,-1.30193373305479,-0.264020662075569,-1.05168494199458,-0.567155289428958,2.94443897916644,2470
3013306,NA,2,2200,1,1019094,17,29.8665508206514,"monthly",5,3,1,3,2,3,1,5,3,2,5,-1.53945823991979,1.21893771369932,2.13799705134384,0.0206682600391986,-0.567155289428958,3.39673915253242,2200.16924378799
3013362,2,2,2500,1,1027615,30,19.2322486345103,"monthly",5,1,5,3,1,3,1,1,5,5,5,-1.53945823991979,0.210589013995855,-2.66603837549498,1.09302146207298,1.49627553859954,2.95658848643636,2500.19232248634
3013444,1,1,25,1,1018785,2,25,"hourly",1,1,3,5,5,5,5,3,1,5,5,1.76884193284187,-1.80610808290652,-0.264020662075569,-2.12403814402837,-0.567155289428958,3.2188758248682,216.666666666667
4011012,NA,2,1800,1,1015694,28,14.8363060894794,"monthly",3,2,3,4,4,3,3,2,2,3,3,-0.436691515665901,-1.30193373305479,-0.864525090430422,-1.05168494199458,-1.08301299643608,2.69707729095128,1800.13847219017
4011070,NA,2,3200,1,1019525,4,184.629586891299,"monthly",3,1,4,4,3,3,1,1,3,4,5,-0.436691515665901,0.210589013995855,-2.06553394714013,-0.515508340977693,-0.0512975824218321,5.21835158491016,3200.24617278252
4011083,1,2,2300,1,1018367,6,88.4683437187476,"monthly",4,4,3,1,3,3,2,3,4,5,5,-0.988074877792844,1.21893771369932,-0.264020662075569,1.62919806308987,0.464560124585293,4.48264478993141,2300.17693668744
4011114,1,1,30,1,1019749,42,30,"hourly",4,3,2,4,2,3,2,4,4,2,4,-0.988074877792844,0.210589013995855,0.936988194634136,0.0206682600391986,-0.567155289428958,3.40119738166216,5460
4011120,1,1,21,2,1028251,24,21,"hourly",2,2,5,1,3,5,2,2,1,5,5,1.21745857071493,0.210589013995855,-2.06553394714013,0.0206682600391986,0.464560124585293,3.04452243772342,2184
4011121,1,1,23,2,1028628,30,23,"hourly",4,3,4,3,3,2,3,3,4,4,4,-1.53945823991979,-0.293585335855875,-0.864525090430422,0.55684486105609,-0.0512975824218321,3.13549421592915,2990
4011171,NA,1,19,2,1019866,25,19,"hourly",3,3,4,2,2,3,4,3,3,3,4,-0.436691515665901,-0.797759534455332,-0.864525090430422,0.55684486105609,-0.0512975824218321,2.94443897916644,2058.33333333333
4011176,NA,2,3800,2,1019342,3,292.330179244557,"monthly",3,3,4,2,4,4,2,3,3,3,4,0.114691846461042,0.210589013995855,-0.864525090430422,0.55684486105609,-1.08301299643608,5.6778839142886,3800.29233017924
4011191,NA,2,4750,2,1028453,35,31.3210906333454,"monthly",5,2,4,3,1,3,2,1,4,3,5,-1.53945823991979,0.210589013995855,-2.06553394714013,0.55684486105609,0.464560124585293,3.4442916927815,4750.36541272405
4011221,1,1,24,1,1018821,2,24,"hourly",1,4,2,2,2,5,2,4,2,3,4,1.76884193284187,0.714763212595312,0.936988194634136,0.0206682600391986,-0.0512975824218321,3.17805383034795,208
4011260,1,2,5000,1,1027118,2,576.96745903531,"monthly",2,4,4,4,2,4,2,4,2,3,4,0.666075208587985,0.714763212595312,-0.264020662075569,-1.05168494199458,-0.0512975824218321,6.35778586809852,5000.38464497269
4011263,NA,1,24,1,1027341,42,24,"hourly",2,3,2,3,3,3,4,5,2,1,5,0.114691846461042,-0.293585335855875,1.53749262298899,-0.515508340977693,-1.59887070344321,3.17805383034795,4368
4011280,1,2,3500,2,1026607,22,36.7161110295198,"monthly",2,4,3,2,2,5,2,3,3,4,4,1.21745857071493,0.714763212595312,-0.264020662075569,0.55684486105609,0.464560124585293,3.60321565136142,3500.26925148089
4011327,NA,1,20,1,1019833,2,20,"hourly",1,1,4,3,2,5,5,3,2,5,3,1.76884193284187,-2.81445663135771,-0.864525090430422,-0.515508340977693,0.980417831592419,2.99573227355399,173.333333333333
4011333,NA,1,25,1,1026080,3,25,"hourly",2,3,5,3,2,4,3,2,2,5,4,0.666075208587985,-0.293585335855875,-2.06553394714013,-0.515508340977693,0.980417831592419,3.2188758248682,325
4011353,1,1,28,2,1027400,80,28,"hourly",3,4,4,2,5,5,3,3,4,4,4,0.666075208587985,0.210589013995855,-0.864525090430422,1.09302146207298,-1.08301299643608,3.3322045101752,9706.66666666667
4011376,1,2,537,2,1020383,8,15.4915762750981,"monthly",3,3,2,3,3,4,2,3,3,3,3,0.114691846461042,-0.293585335855875,0.336483766279283,0.0206682600391986,-0.567155289428958,2.74029641007126,537.041310870067
4011405,NA,2,2000,2,1000156,38,12.1466833481118,"monthly",5,1,2,2,3,4,5,3,4,5,4,-0.988074877792844,-2.31028228150598,0.336483766279283,1.09302146207298,0.464560124585293,2.49705615705792,2000.15385798908
4011414,NA,1,27,1,1027424,2,27,"hourly",4,3,2,3,3,4,2,5,3,4,5,-0.436691515665901,0.714763212595312,1.53749262298899,0.0206682600391986,-0.0512975824218321,3.29583686600433,234
4011431,3,2,3900,2,1018790,20,45.0034618047542,"monthly",4,3,2,3,4,3,3,4,5,4,4,-0.988074877792844,-0.293585335855875,0.936988194634136,1.09302146207298,-0.567155289428958,3.80673941580597,3900.3000230787
4011517,2,2,2650,1,1019049,17,35.9756180339664,"monthly",5,2,5,3,1,2,2,4,3,4,4,-2.09084160204673,-0.293585335855875,-0.864525090430422,0.0206682600391986,0.980417831592419,3.58284143216628,2650.20386183552
4011527,NA,1,22,1,1028207,6,22,"hourly",5,3,3,4,2,2,2,3,5,4,4,-2.09084160204673,0.210589013995855,-0.264020662075569,0.55684486105609,0.464560124585293,3.09104245335832,572
4011624,1,2,3000,1,1018326,5,138.472190168474,"monthly",3,2,2,4,1,3,4,2,1,4,3,-0.436691515665901,-1.80610808290652,-0.264020662075569,-1.58786154301148,0.980417831592419,4.93066951245837,3000.2307869836
4011650,NA,2,300,1,1015056,25,2.76944380336949,"monthly",4,2,4,5,5,5,2,3,1,2,5,0.114691846461042,0.210589013995855,-0.864525090430422,-2.12403814402837,-2.11472841045033,1.01864650703023,300.023078698361
4011658,NA,1,21,NA,1000124,48,21,"hourly",3,2,2,3,3,4,2,4,4,3,5,0.114691846461042,0.210589013995855,0.936988194634136,0.55684486105609,-0.567155289428958,3.04452243772342,4368
4011689,NA,2,3200,1,1027360,35,21.1005242161485,"monthly",3,4,3,3,2,3,2,4,3,4,4,-0.436691515665901,0.714763212595312,0.336483766279283,0.0206682600391986,0.464560124585293,3.04929788454063,3200.24617278252
4011695,NA,2,1552,2,1026263,15,23.878759904608,"monthly",2,3,4,4,4,5,3,4,2,3,4,1.21745857071493,-0.293585335855875,-0.264020662075569,-1.05168494199458,-1.08301299643608,3.17298935688318,1552.11939379952
4011710,1,1,25,1,1019410,60,25,"hourly",3,5,2,3,3,4,2,4,2,5,5,0.114691846461042,1.72311145854195,0.936988194634136,-0.515508340977693,0.464560124585293,3.2188758248682,6500
4011747,NA,1,20,2,1028335,45,20,"hourly",4,3,2,2,3,2,1,5,4,3,5,-1.53945823991979,1.21893771369932,1.53749262298899,1.09302146207298,-0.567155289428958,2.99573227355399,3900
4011798,NA,1,22,1,1015989,27,22,"hourly",3,4,3,2,3,3,3,3,3,5,3,-0.436691515665901,-0.293585335855875,-0.264020662075569,0.55684486105609,0.464560124585293,3.09104245335832,2574
4011815,NA,2,1600,2,1027892,18,20.5143985434777,"monthly",4,3,3,3,2,4,3,3,2,4,4,-0.436691515665901,-0.293585335855875,-0.264020662075569,-0.515508340977693,0.464560124585293,3.02112700757394,1600.12308639126
4011816,1,2,1400,2,1019283,21,15.3857989076083,"monthly",5,4,3,2,2,2,3,3,5,5,5,-2.09084160204673,0.714763212595312,-0.264020662075569,1.62919806308987,0.980417831592419,2.73344493512215,1400.10770059236
4011834,NA,1,17,2,1027272,8,17,"hourly",4,3,2,3,2,3,3,3,5,4,4,-0.988074877792844,-0.293585335855875,0.336483766279283,1.09302146207298,0.464560124585293,2.83321334405622,589.333333333333
4011838,NA,1,25,1,1019452,4,25,"hourly",2,2,1,3,1,4,4,5,3,5,5,0.666075208587985,-0.797759534455332,2.13799705134384,0.0206682600391986,1.49627553859954,3.2188758248682,433.333333333333
4011916,1,2,4100,1,1028315,2,473.113316408955,"monthly",5,4,3,2,2,2,2,3,3,4,4,-2.09084160204673,0.714763212595312,-0.264020662075569,0.55684486105609,0.464560124585293,6.15933492937468,4100.31540887761
4011929,1,2,2400,2,1020168,2,276.944380336949,"monthly",3,4,3,3,4,4,2,3,3,2,4,0.114691846461042,0.714763212595312,-0.264020662075569,0.0206682600391986,-1.59887070344321,5.62381669301832,2400.18462958689
4011946,1,2,3100,1,1018744,16,44.7149780752366,"monthly",2,3,4,4,4,4,4,3,2,4,4,0.666075208587985,-0.797759534455332,-0.864525090430422,-1.05168494199458,-0.567155289428958,3.80030852547568,3100.23847988307
4011987,NA,2,4100,1,1019259,3,315.40887760597,"monthly",4,3,2,3,1,4,2,5,4,4,4,-0.436691515665901,0.210589013995855,1.53749262298899,0.55684486105609,0.980417831592419,5.75386982126652,4100.31540887761
4012006,NA,1,25,1,1020224,70,25,"hourly",3,3,4,2,5,3,2,4,5,4,3,-0.436691515665901,-0.293585335855875,-0.264020662075569,1.62919806308987,-1.08301299643608,3.2188758248682,7583.33333333333
4012086,1,2,4109,2,1026024,34,27.8912857550128,"monthly",3,4,1,2,3,3,1,4,3,2,4,-0.436691515665901,1.21893771369932,1.53749262298899,0.55684486105609,-1.08301299643608,3.32831430150948,4109.31610123855
4012116,NA,1,24,1,1018418,16,24,"hourly",1,5,2,1,1,4,1,4,2,4,5,1.21745857071493,2.22728595964596,0.936988194634136,0.55684486105609,0.980417831592419,3.17805383034795,1664
4012121,NA,2,3088,1,1028109,34,20.9608883941299,"monthly",3,4,2,4,4,3,2,4,2,5,5,-0.436691515665901,1.21893771369932,0.936988194634136,-1.05168494199458,-0.0512975824218321,3.04265824377073,3088.23755673514
4012159,3,2,3960,1,1019383,10,91.3916455111932,"monthly",1,3,3,1,3,3,4,3,2,2,2,0.666075208587985,-1.80610808290652,-0.264020662075569,0.55684486105609,-1.08301299643608,4.51515406849671,3960.30463881837
4012166,NA,2,4400,1,1020227,20,50.7731363951073,"monthly",3,4,3,4,4,4,4,4,4,3,5,0.114691846461042,0.210589013995855,0.336483766279283,0.0206682600391986,-1.08301299643608,3.92736740359459,4400.33848757597
4012181,1,2,4300,NA,1027663,38,26.1153691984404,"monthly",2,3,2,2,1,5,3,4,1,4,3,1.21745857071493,-0.797759534455332,0.936988194634136,-0.515508340977693,0.980417831592419,3.2625239991975,4300.33079467652
4012243,1,2,1100,2,1019516,17,14.9332754103257,"monthly",2,4,3,4,5,5,3,5,3,5,1,1.21745857071493,-1.30193373305479,0.936988194634136,-0.515508340977693,-0.567155289428958,2.70359197197247,1100.08462189399
4012311,2,2,2460,1,1018749,20,28.3867989845373,"monthly",4,5,2,2,1,3,3,5,4,5,5,-0.988074877792844,1.21893771369932,1.53749262298899,1.09302146207298,1.49627553859954,3.34592421261465,2460.18924532657
4012338,1,2,4200,1,1027406,33,29.3728888236158,"monthly",4,2,4,2,1,2,1,3,4,5,5,-1.53945823991979,0.714763212595312,-0.864525090430422,1.09302146207298,1.49627553859954,3.38007210004721,4200.32310177706
4012340,1,2,2200,1,1018233,24,21.1554734979614,"monthly",3,4,3,4,4,3,2,4,3,4,4,-0.436691515665901,0.714763212595312,0.336483766279283,-0.515508340977693,-0.567155289428958,3.05189866624069,2200.16924378799
4012398,NA,1,20,2,1020284,8,20,"hourly",3,5,5,3,3,3,2,3,4,4,4,-0.436691515665901,1.21893771369932,-1.46502951878527,0.55684486105609,-0.0512975824218321,2.99573227355399,693.333333333333
4012403,NA,1,25,1,1027487,34,25,"hourly",4,3,3,2,1,3,2,4,2,4,5,-0.988074877792844,0.714763212595312,0.336483766279283,0.0206682600391986,0.980417831592419,3.2188758248682,3683.33333333333
4012410,1,1,25,1,1027746,60,25,"hourly",4,2,3,3,3,3,3,3,4,2,3,-0.988074877792844,-1.30193373305479,-0.264020662075569,0.55684486105609,-1.08301299643608,3.2188758248682,6500
4012451,1,2,2000,1,1018148,9,51.2859963586943,"monthly",2,2,4,2,4,4,2,3,4,4,5,0.666075208587985,0.210589013995855,-0.864525090430422,1.09302146207298,-0.567155289428958,3.93741773944809,2000.15385798908
4012495,2,1,36,1,1019034,28,36,"hourly",3,2,3,3,2,4,3,4,3,4,4,0.114691846461042,-0.797759534455332,0.336483766279283,0.0206682600391986,0.464560124585293,3.58351893845611,4368
4012509,NA,1,17,2,1015536,2,17,"hourly",2,2,3,5,5,1,5,1,1,5,1,-0.988074877792844,-3.31863067870489,-1.46502951878527,-2.12403814402837,-0.567155289428958,2.83321334405622,147.333333333333
4012513,NA,1,21,2,1019444,60,21,"hourly",1,1,5,1,5,3,4,3,3,5,4,0.666075208587985,-1.80610808290652,-1.46502951878527,1.09302146207298,-0.567155289428958,3.04452243772342,5460
4012516,NA,1,25,1,1019107,8,25,"hourly",3,2,4,3,1,3,2,4,4,5,5,-0.436691515665901,0.210589013995855,-0.264020662075569,0.55684486105609,1.49627553859954,3.2188758248682,866.666666666667
4012558,NA,1,25,1,1027468,8,25,"hourly",1,3,3,4,3,4,2,3,1,5,4,1.21745857071493,0.210589013995855,-0.264020662075569,-1.58786154301148,0.464560124585293,3.2188758248682,866.666666666667
4012574,1,2,2500,2,1027368,1,576.96745903531,"monthly",2,4,5,5,5,4,3,2,2,3,3,0.666075208587985,-0.293585335855875,-2.06553394714013,-1.58786154301148,-1.59887070344321,6.35778586809852,2500.19232248634
4012580,NA,1,25,2,1019150,25,25,"hourly",3,5,2,4,2,4,2,5,4,3,5,0.114691846461042,1.72311145854195,1.53749262298899,0.0206682600391986,-0.0512975824218321,3.2188758248682,2708.33333333333
4012611,1,1,39,2,1028480,6,39,"hourly",5,2,5,4,5,5,2,5,2,5,1,-0.436691515665901,-1.80610808290652,-0.264020662075569,-1.05168494199458,-0.567155289428958,3.66356164612965,1014
4012618,NA,1,25,1,1018036,24,25,"hourly",3,4,3,4,3,3,2,4,3,4,4,-0.436691515665901,0.714763212595312,0.336483766279283,-0.515508340977693,-0.0512975824218321,3.2188758248682,2600
4012658,NA,1,20,2,1019133,33,20,"hourly",2,2,2,2,2,3,1,3,3,4,4,0.114691846461042,0.210589013995855,0.336483766279283,0.55684486105609,0.464560124585293,2.99573227355399,2860
4012667,NA,1,20,1,1028638,12,20,"hourly",3,4,4,2,5,3,1,4,4,5,5,-0.436691515665901,1.72311145854195,-0.264020662075569,1.09302146207298,-0.567155289428958,2.99573227355399,1040
4012681,NA,1,25,2,1026184,5,25,"hourly",1,4,3,4,2,4,2,4,3,3,5,1.21745857071493,1.21893771369932,0.336483766279283,-0.515508340977693,-0.0512975824218321,3.2188758248682,541.666666666667
4012685,1,2,1800,2,1026638,2,207.708285252712,"monthly",1,2,4,3,4,5,5,4,4,3,4,1.76884193284187,-1.80610808290652,-0.264020662075569,0.55684486105609,-1.08301299643608,5.33613462056654,1800.13847219017
4012725,1,1,19,2,1019174,36,19,"hourly",5,1,4,2,1,2,4,2,4,4,3,-2.09084160204673,-2.31028228150598,-1.46502951878527,1.09302146207298,0.980417831592419,2.94443897916644,2964
4012759,1,2,4300,1,1027948,20,49.6192014770367,"monthly",5,5,4,2,1,3,5,3,2,4,5,-1.53945823991979,0.210589013995855,-0.864525090430422,0.0206682600391986,0.980417831592419,3.90437788536989,4300.33079467651
4012782,NA,1,18,2,1026234,3,18,"hourly",2,4,3,2,3,4,3,3,5,3,4,0.666075208587985,0.210589013995855,-0.264020662075569,1.62919806308987,-0.567155289428958,2.89037175789616,234
4012785,NA,2,2200,1,1018457,17,29.8665508206514,"monthly",3,3,3,3,4,3,2,4,2,4,2,-0.436691515665901,-0.797759534455332,0.336483766279283,-0.515508340977693,-0.567155289428958,3.39673915253242,2200.16924378799
4012818,NA,2,3900,1,1019835,35,25.716263888431,"monthly",3,2,4,1,5,4,3,4,4,3,4,0.114691846461042,-0.797759534455332,-0.264020662075569,1.62919806308987,-1.59887070344321,3.24712362787055,3900.3000230787
4012839,NA,2,4000,1,1026550,25,36.9259173782599,"monthly",4,3,3,3,2,2,2,5,3,4,5,-1.53945823991979,0.714763212595312,0.936988194634136,0.0206682600391986,0.464560124585293,3.60891367247605,4000.30771597816
4012867,NA,1,40,1,1026659,20,40,"hourly",2,5,5,5,5,3,4,2,1,4,3,0.114691846461042,-0.293585335855875,-2.06553394714013,-2.12403814402837,-1.08301299643608,3.68887945411394,3466.66666666667
4012904,NA,2,4000,1,1027017,8,115.393491807062,"monthly",1,4,3,3,4,5,3,4,2,4,3,1.76884193284187,-0.293585335855875,0.336483766279283,-0.515508340977693,-0.567155289428958,4.74834795566442,4000.30771597815
4012931,NA,2,4300,1,1026485,3,330.794676513578,"monthly",5,4,3,2,2,2,2,4,5,5,5,-2.09084160204673,1.21893771369932,0.336483766279283,1.62919806308987,0.980417831592419,5.80149787025577,4300.33079467651
4012933,1,2,4800,1,1019199,50,22.1555504269559,"monthly",3,3,2,5,3,2,3,5,4,5,5,-0.988074877792844,0.210589013995855,1.53749262298899,-0.515508340977693,0.464560124585293,3.09808804871006,4800.36925917378
4012938,1,2,3800,1,1018042,34,25.793839345108,"monthly",3,2,1,3,2,4,5,5,4,5,4,0.114691846461042,-1.80610808290652,2.13799705134384,0.55684486105609,0.980417831592419,3.25013567834054,3800.29233017925
4012963,1,1,34,1,1018595,20,34,"hourly",2,3,2,3,3,4,3,4,3,4,4,0.666075208587985,-0.293585335855875,0.936988194634136,0.0206682600391986,-0.0512975824218321,3.52636052461616,2946.66666666667
4012979,NA,2,2500,1,1018763,40,14.4241864758828,"monthly",3,4,3,2,1,2,3,5,4,5,4,-0.988074877792844,0.210589013995855,0.936988194634136,1.09302146207298,1.49627553859954,2.66890641398458,2500.19232248635
4013037,NA,1,26,1,1027246,80,26,"hourly",2,5,5,3,2,3,1,2,2,3,4,0.114691846461042,1.72311145854195,-2.06553394714013,-0.515508340977693,-0.0512975824218321,3.25809653802148,9013.33333333333
4013048,NA,2,3000,2,1019653,29,23.8745155462887,"monthly",5,2,4,3,2,3,4,3,4,5,3,-1.53945823991979,-1.80610808290652,-0.864525090430422,0.55684486105609,0.980417831592419,3.172811594906,3000.23078698361
4013053,NA,1,21,2,1026611,34,21,"hourly",3,4,2,4,2,3,3,4,5,2,4,-0.436691515665901,0.210589013995855,0.936988194634136,0.55684486105609,-0.567155289428958,3.04452243772342,3094
4013064,2,2,330,1,1018915,30,2.53865681975537,"monthly",2,2,3,4,1,5,3,4,1,5,5,1.21745857071493,-0.293585335855875,0.336483766279283,-1.58786154301148,1.49627553859954,0.931635130040598,330.025386568198
4013070,NA,1,20,1,1015966,12,20,"hourly",3,2,3,4,5,4,3,3,2,3,4,0.114691846461042,-0.797759534455332,-0.264020662075569,-1.05168494199458,-1.59887070344321,2.99573227355399,1040
4013071,1,2,3600,1,1019780,34,24.4362688532602,"monthly",4,3,4,3,2,4,2,4,1,4,4,-0.436691515665901,0.210589013995855,-0.264020662075569,-1.05168494199458,0.464560124585293,3.19606845707027,3600.27694438034
4013073,1,2,300,2,1015470,16,4.32725594276483,"monthly",3,2,2,3,3,4,2,5,2,5,5,0.114691846461042,0.210589013995855,1.53749262298899,-0.515508340977693,0.464560124585293,1.46493360965865,300.023078698362
4013075,1,1,25,2,1019571,14,25,"hourly",1,3,3,4,1,5,3,3,4,4,4,1.76884193284187,-0.293585335855875,-0.264020662075569,0.0206682600391986,0.980417831592419,3.2188758248682,1516.66666666667
4013086,1,2,4100,1,1028086,34,27.8301950828797,"monthly",3,2,5,2,5,4,3,4,4,3,5,0.114691846461042,-0.293585335855875,-0.864525090430422,1.09302146207298,-1.59887070344321,3.32612158531846,4100.31540887761
4013109,1,1,22,2,1020260,30,22,"hourly",NA,NA,NA,NA,NA,NA,NA,NA,NA,NA,NA,NA,NA,NA,NA,NA,3.09104245335832,2860
4013128,1,1,20,1,1020222,15,20,"hourly",3,1,2,3,1,3,1,2,1,3,3,-0.436691515665901,-0.797759534455332,-0.264020662075569,-1.05168494199458,0.464560124585293,2.99573227355399,1300
4013142,1,2,4100,2,1028106,32,29.5695822755597,"monthly",2,4,2,4,3,4,2,4,3,4,5,0.666075208587985,1.21893771369932,0.936988194634136,-0.515508340977693,-0.0512975824218321,3.3867462071349,4100.31540887761
4013177,NA,2,3200,1,1015602,32,23.0786983614124,"monthly",2,4,3,3,1,4,2,3,2,5,4,0.666075208587985,0.714763212595312,-0.264020662075569,-0.515508340977693,1.49627553859954,3.13891004323032,3200.24617278252
4013179,NA,2,800,1,1018330,14,13.1878276350928,"monthly",2,4,4,4,5,5,5,2,2,2,4,1.21745857071493,-0.797759534455332,-1.46502951878527,-1.05168494199458,-2.11472841045033,2.5792942552949,800.06154319563
4013226,NA,1,20,NA,1026446,20,20,"hourly",4,2,2,3,1,4,1,5,1,5,4,-0.436691515665901,0.210589013995855,1.53749262298899,-1.05168494199458,1.49627553859954,2.99573227355399,1733.33333333333
4013350,NA,1,29,1,1020021,30,29,"hourly",4,3,3,4,2,2,1,4,2,5,4,-1.53945823991979,0.714763212595312,0.336483766279283,-1.05168494199458,0.980417831592419,3.36729582998647,3770
4013364,NA,1,21,1,1026019,1,21,"hourly",2,3,3,3,2,2,1,5,4,4,5,-0.436691515665901,1.21893771369932,0.936988194634136,0.55684486105609,0.464560124585293,3.04452243772342,91
4013369,NA,1,5,1,1018056,36,5,"hourly",3,2,2,4,1,4,2,4,5,4,5,0.114691846461042,0.210589013995855,0.936988194634136,0.55684486105609,0.980417831592419,1.6094379124341,780
4013467,1,2,3300,1,1019051,40,19.0399261481652,"monthly",2,3,3,4,4,4,3,4,2,5,3,0.666075208587985,-0.797759534455332,0.336483766279283,-1.05168494199458,-0.0512975824218321,2.94653815058286,3300.25386568197
5011072,1,2,3500,1,1019508,20,40.3877221324717,"monthly",3,2,3,5,2,4,3,4,1,5,4,0.114691846461042,-0.797759534455332,0.336483766279283,-2.12403814402837,0.980417831592419,3.69852583116574,3500.26925148088
5011123,NA,1,15,2,1020108,30,15,"hourly",3,3,4,4,5,5,3,4,3,5,5,0.666075208587985,0.210589013995855,-0.264020662075569,-0.515508340977693,-0.567155289428958,2.70805020110221,1950
5011163,NA,1,25,2,1019495,15,25,"hourly",4,5,5,2,5,5,5,5,5,5,1,0.114691846461042,-1.80610808290652,-0.264020662075569,1.62919806308987,-0.567155289428958,3.2188758248682,1625
5011175,NA,1,19,2,1018264,30,19,"hourly",5,3,5,3,1,3,2,3,5,4,5,-1.53945823991979,0.714763212595312,-1.46502951878527,1.09302146207298,0.980417831592419,2.94443897916644,2470
5011178,NA,1,20,1,1020251,2,20,"hourly",3,4,3,2,3,4,2,4,3,3,5,0.114691846461042,1.21893771369932,0.336483766279283,0.55684486105609,-0.567155289428958,2.99573227355399,173.333333333333
5011181,1,2,4100,1,1026828,13,72.7866640629161,"monthly",2,4,3,3,NA,3,3,4,3,4,5,0.114691846461042,0.714763212595312,0.336483766279283,0.0206682600391986,-0.0512975824218321,4.28753275247309,4100.31540887761
5011203,NA,1,19,2,1018096,8,19,"hourly",2,4,3,4,2,4,4,4,2,5,4,0.666075208587985,-0.293585335855875,0.336483766279283,-1.05168494199458,0.980417831592419,2.94443897916644,658.666666666667
5011212,NA,1,27,1,1018361,30,27,"hourly",3,4,3,5,1,4,3,4,2,4,5,0.114691846461042,0.714763212595312,0.336483766279283,-1.58786154301148,0.980417831592419,3.29583686600433,3510
5011233,1,2,3300,2,1026871,5,152.319409185322,"monthly",3,4,2,3,2,3,2,4,2,2,5,-0.436691515665901,1.21893771369932,0.936988194634136,-0.515508340977693,-0.567155289428958,5.0259796922627,3300.25386568198
5011238,1,1,25,1,1018623,2,25,"hourly",2,3,5,1,5,3,4,2,5,3,3,0.114691846461042,-1.30193373305479,-2.06553394714013,2.16537466410676,-1.59887070344321,3.2188758248682,216.666666666667
5011271,NA,1,32,1,1026488,60,32,"hourly",3,2,3,1,1,3,2,3,5,5,4,-0.436691515665901,-0.293585335855875,-0.264020662075569,2.16537466410676,1.49627553859954,3.46573590279973,8320
5011305,NA,1,25,2,1027960,20,25,"hourly",4,4,4,4,3,4,3,4,5,5,5,-0.436691515665901,0.714763212595312,-0.264020662075569,0.55684486105609,0.464560124585293,3.2188758248682,2166.66666666667
5011315,NA,1,26,1,1015276,16,26,"hourly",1,5,2,3,5,5,2,3,2,3,5,1.76884193284187,1.72311145854195,0.336483766279283,-0.515508340977693,-1.59887070344321,3.25809653802148,1802.66666666667
5011379,1,1,23,1,1018719,5,23,"hourly",3,4,3,3,1,3,3,4,3,5,5,-0.436691515665901,0.714763212595312,0.336483766279283,0.0206682600391986,1.49627553859954,3.13549421592915,498.333333333333
5011400,NA,2,500,1,1015500,6,19.2322486345103,"monthly",3,4,1,1,1,1,1,1,3,2,5,-1.53945823991979,1.72311145854195,-0.264020662075569,1.09302146207298,-0.0512975824218321,2.95658848643636,500.038464497268
5011413,NA,2,2600,2,1028644,30,20.0015385798908,"monthly",3,3,4,4,2,5,2,3,2,4,5,0.666075208587985,0.714763212595312,-0.864525090430422,-1.05168494199458,0.464560124585293,2.99580919958965,2600.2000153858
5011440,NA,2,1500,2,1020000,20,17.3090237710593,"monthly",3,4,3,4,3,3,2,4,3,4,5,-0.436691515665901,1.21893771369932,0.336483766279283,-0.515508340977693,-0.0512975824218321,2.85122797077854,1500.11539349181
5011455,1,1,18,1,1019771,6,18,"hourly",2,3,3,2,4,5,3,4,3,4,5,1.21745857071493,0.210589013995855,0.336483766279283,0.55684486105609,-0.567155289428958,2.89037175789616,468
5011467,1,2,2000,1,1018477,30,15.3857989076083,"monthly",3,3,4,4,3,4,4,2,2,4,3,0.114691846461042,-1.30193373305479,-1.46502951878527,-1.05168494199458,-0.0512975824218321,2.73344493512215,2000.15385798908
5011477,1,2,1000,2,1027502,8,28.8483729517655,"monthly",2,4,3,2,1,5,1,4,2,4,4,1.21745857071493,1.21893771369932,0.336483766279283,0.0206682600391986,0.980417831592419,3.36205359454453,1000.07692899454
5011484,2,1,18,1,1018969,5,18,"hourly",5,3,5,4,1,3,2,2,4,5,5,-1.53945823991979,0.714763212595312,-2.06553394714013,0.0206682600391986,1.49627553859954,2.89037175789616,390
5011532,NA,1,20,NA,1027064,30,20,"hourly",3,3,2,2,1,4,2,4,2,5,5,0.114691846461042,0.714763212595312,0.936988194634136,0.0206682600391986,1.49627553859954,2.99573227355399,2600
5011555,1,2,3700,1,1027012,20,42.695591968613,"monthly",3,4,3,4,2,4,1,4,2,4,4,0.114691846461042,1.21893771369932,0.336483766279283,-1.05168494199458,0.464560124585293,3.75409568232055,3700.28463727979
5011586,NA,2,4200,1,1027067,8,121.163166397415,"monthly",3,4,3,2,3,4,2,4,3,3,4,0.114691846461042,0.714763212595312,0.336483766279283,0.55684486105609,-0.567155289428958,4.79713811983385,4200.32310177705
5011611,NA,1,19,2,1019144,25,19,"hourly",1,5,5,4,1,5,4,4,3,5,4,1.76884193284187,0.210589013995855,-0.864525090430422,-0.515508340977693,1.49627553859954,2.94443897916644,2058.33333333333
5011644,NA,1,20,2,1020112,26,20,"hourly",NA,NA,2,NA,2,NA,2,NA,NA,NA,NA,0.224968518886431,-0.596089734013729,0.456584651950254,0.0206682600391986,0.258217041782443,2.99573227355399,2253.33333333333
5011684,NA,1,26,1,1027886,30,26,"hourly",3,3,3,3,3,3,3,3,3,3,3,-0.436691515665901,-0.797759534455332,-0.264020662075569,0.0206682600391986,-0.567155289428958,3.25809653802148,3380
5011686,NA,1,35,1,1027828,12,35,"hourly",2,5,3,3,5,5,1,5,4,4,5,1.21745857071493,2.22728595964596,0.936988194634136,0.55684486105609,-1.08301299643608,3.55534806148941,1820
5011707,2,1,18,1,1018802,2,18,"hourly",2,3,3,4,2,4,4,3,3,4,4,0.666075208587985,-0.797759534455332,-0.264020662075569,-0.515508340977693,0.464560124585293,2.89037175789616,156
5011738,NA,1,23,1,1026824,2,23,"hourly",2,3,3,4,5,4,3,3,2,4,5,0.666075208587985,0.210589013995855,-0.264020662075569,-1.05168494199458,-1.08301299643608,3.13549421592915,199.333333333333
5011742,NA,2,1200,2,1019146,16,17.3090237710593,"monthly",3,3,4,2,4,4,3,3,4,3,2,0.114691846461042,-1.30193373305479,-0.864525090430422,1.09302146207298,-1.08301299643608,2.85122797077854,1200.09231479344
5011763,NA,1,30,2,1028062,35,30,"hourly",3,3,2,4,3,3,2,4,2,5,4,-0.436691515665901,0.210589013995855,0.936988194634136,-1.05168494199458,0.464560124585293,3.40119738166216,4550
5011802,1,2,4500,1,1026170,6,173.090237710593,"monthly",5,4,3,2,3,2,2,4,4,2,4,-2.09084160204673,0.714763212595312,0.336483766279283,1.09302146207298,-1.08301299643608,5.15381306377258,4500.34618047542
5011816,NA,2,4200,1,1027817,9,107.700592353258,"monthly",4,4,3,2,4,3,4,4,3,3,4,-0.988074877792844,-0.293585335855875,0.336483766279283,0.55684486105609,-1.08301299643608,4.67935508417747,4200.32310177706
5011825,NA,1,15,1,1027561,10,15,"hourly",2,3,2,3,4,4,4,4,2,5,4,0.666075208587985,-0.797759534455332,0.936988194634136,-0.515508340977693,-0.0512975824218321,2.70805020110221,650
5011873,NA,2,4500,1,1019010,20,51.9270713131779,"monthly",2,4,3,5,2,4,3,3,2,4,4,0.666075208587985,0.210589013995855,-0.264020662075569,-1.58786154301148,0.464560124585293,3.94984025944665,4500.34618047542
5011918,NA,1,20,2,1018943,10,20,"hourly",3,5,5,1,1,1,5,1,5,1,1,-1.53945823991979,-1.80610808290652,-2.66603837549498,2.16537466410676,-0.567155289428958,2.99573227355399,866.666666666667
5011952,NA,1,15,2,1015580,14,15,"hourly",1,4,3,1,1,5,1,3,5,5,5,1.76884193284187,1.72311145854195,-0.264020662075569,2.16537466410676,1.49627553859954,2.70805020110221,910
5011963,NA,1,23,NA,1019363,1,23,"hourly",2,3,5,2,3,4,3,3,4,3,3,0.666075208587985,-0.797759534455332,-1.46502951878527,1.09302146207298,-0.567155289428958,3.13549421592915,99.6666666666667
5011971,1,1,25,1,1026174,3,25,"hourly",1,3,2,3,1,4,3,5,1,4,5,1.21745857071493,0.210589013995855,1.53749262298899,-1.05168494199458,0.980417831592419,3.2188758248682,325
5011979,NA,1,19,2,1026252,27,19,"hourly",4,4,3,1,1,3,4,5,4,3,5,-0.988074877792844,0.210589013995855,0.936988194634136,1.62919806308987,0.464560124585293,2.94443897916644,2223
5012028,NA,1,18,1,1026314,2,18,"hourly",2,3,2,3,4,4,3,4,3,4,4,0.666075208587985,-0.293585335855875,0.936988194634136,0.0206682600391986,-0.567155289428958,2.89037175789616,156
5012031,NA,2,1500,2,1026380,3,115.393491807062,"monthly",3,4,2,4,4,4,3,4,4,4,1,0.114691846461042,-1.30193373305479,0.936988194634136,0.0206682600391986,-0.567155289428958,4.74834795566442,1500.11539349181
5012076,1,1,27,1,1019914,40,27,"hourly",2,5,5,2,3,4,3,3,5,4,5,0.666075208587985,1.21893771369932,-1.46502951878527,1.62919806308987,-0.0512975824218321,3.29583686600433,4680
5012084,1,2,3600,2,1019654,34,24.4362688532602,"monthly",3,2,2,3,4,4,2,3,2,3,4,0.114691846461042,-0.293585335855875,0.336483766279283,-0.515508340977693,-1.08301299643608,3.19606845707027,3600.27694438034
5012101,NA,1,17,NA,1015058,20,17,"hourly",5,5,4,2,1,2,3,4,3,2,3,-2.09084160204673,0.210589013995855,-0.264020662075569,0.55684486105609,-0.0512975824218321,2.83321334405622,1473.33333333333
5012140,1,1,26,1,1027743,4,26,"hourly",2,3,2,1,5,4,3,3,3,5,2,0.666075208587985,-1.30193373305479,0.336483766279283,1.09302146207298,-0.567155289428958,3.25809653802148,450.666666666667
5012144,NA,2,2200,1,1027818,8,63.4664204938841,"monthly",1,4,4,4,2,4,4,3,4,3,4,1.21745857071493,-0.293585335855875,-0.864525090430422,0.0206682600391986,-0.0512975824218321,4.1505109549088,2200.16924378798
5012198,NA,1,20,NA,1015010,12,20,"hourly",5,5,1,4,1,3,3,5,1,5,5,-1.53945823991979,1.21893771369932,2.13799705134384,-1.58786154301148,1.49627553859954,2.99573227355399,1040
5012279,1,2,4700,1,1026706,17,63.8058131168461,"monthly",4,2,3,4,3,3,3,4,2,3,4,-0.988074877792844,-0.797759534455332,0.336483766279283,-1.05168494199458,-0.567155289428958,4.15584430088416,4700.36156627433
5012281,NA,1,23,2,1018424,9,23,"hourly",4,5,1,4,1,5,1,4,1,5,5,0.114691846461042,2.22728595964596,1.53749262298899,-1.58786154301148,1.49627553859954,3.13549421592915,897
5012308,1,1,27,1,1028435,4,27,"hourly",2,4,3,4,2,4,3,3,2,4,4,0.666075208587985,0.210589013995855,-0.264020662075569,-1.05168494199458,0.464560124585293,3.29583686600433,468
5012344,NA,2,1300,2,1019367,7,42.8604398140516,"monthly",4,5,3,2,2,4,3,4,4,3,NA,-0.436691515665901,1.11810311598307,0.336483766279283,1.09302146207298,-0.0512975824218321,3.75794925163654,1300.1000076929
5012351,1,1,21,1,1019766,24,21,"hourly",3,2,4,2,3,2,3,2,4,3,4,-0.988074877792844,-0.797759534455332,-1.46502951878527,1.09302146207298,-0.567155289428958,3.04452243772342,2184
5012368,NA,2,1400,2,1015285,27,11.9667324836953,"monthly",1,1,4,4,5,4,3,4,2,4,4,1.21745857071493,-1.30193373305479,-0.264020662075569,-1.05168494199458,-1.08301299643608,2.48213050684125,1400.10770059235
5012381,3,2,4500,1,1028667,42,24.727176815799,"monthly",3,4,3,3,2,4,2,4,2,3,3,0.114691846461042,0.210589013995855,0.336483766279283,-0.515508340977693,-0.0512975824218321,3.20790291471727,4500.34618047542
5012398,1,2,3000,2,1026127,2,346.180475421186,"monthly",3,2,5,3,3,4,2,4,2,5,1,0.114691846461042,-1.80610808290652,-0.864525090430422,-0.515508340977693,0.464560124585293,5.84696024433253,3000.23078698361
5012401,1,1,25,2,1026841,5,25,"hourly",3,2,4,4,5,3,2,3,2,2,5,-0.436691515665901,0.210589013995855,-0.864525090430422,-1.05168494199458,-2.11472841045033,3.2188758248682,541.666666666667
5012439,NA,2,900,2,1026047,32,6.49088391414724,"monthly",3,3,2,4,4,5,3,5,3,4,5,0.666075208587985,0.210589013995855,1.53749262298899,-0.515508340977693,-0.567155289428958,1.87039871776681,900.069236095084
5012449,NA,1,20,2,1020008,8,20,"hourly",3,3,3,3,1,3,1,3,3,4,3,-0.436691515665901,0.210589013995855,-0.264020662075569,0.0206682600391986,0.980417831592419,2.99573227355399,693.333333333333
5012470,NA,2,1600,1,1019557,20,18.4629586891299,"monthly",3,5,3,3,2,3,2,5,4,5,5,-0.436691515665901,1.72311145854195,0.936988194634136,0.55684486105609,0.980417831592419,2.91576649191611,1600.12308639126
5012518,1,2,1095,1,1020103,8,31.5889683821832,"monthly",2,3,2,3,4,3,2,4,2,3,4,0.114691846461042,0.210589013995855,0.936988194634136,-0.515508340977693,-1.08301299643608,3.45280795781299,1095.08423724902
5012522,NA,1,30,1,1019423,35,30,"hourly",2,3,2,3,5,5,3,4,2,3,5,1.21745857071493,0.210589013995855,0.936988194634136,-0.515508340977693,-1.59887070344321,3.40119738166216,4550
5012621,NA,1,20,1,1026869,12,20,"hourly",3,2,4,1,3,4,3,4,4,2,2,0.114691846461042,-1.80610808290652,-0.264020662075569,1.62919806308987,-1.08301299643608,2.99573227355399,1040
5012697,NA,2,450,2,1018625,50,2.07708285252712,"monthly",3,4,5,3,1,3,2,4,4,3,5,-0.436691515665901,1.21893771369932,-0.864525090430422,0.55684486105609,0.464560124585293,0.730964434578447,450.034618047543
5012700,1,2,4200,1,1019331,34,28.5089803288036,"monthly",3,4,2,4,3,3,2,4,2,4,5,-0.436691515665901,1.21893771369932,0.936988194634136,-1.05168494199458,-0.0512975824218321,3.35021913689753,4200.32310177706
5012756,NA,1,13,2,1015238,25,13,"hourly",2,3,2,3,3,4,4,4,4,4,4,0.666075208587985,-0.797759534455332,0.936988194634136,0.55684486105609,-0.0512975824218321,2.56494935746154,1408.33333333333
5012823,NA,1,20,2,1026469,30,20,"hourly",5,1,2,2,5,3,3,3,4,4,4,-1.53945823991979,-1.30193373305479,0.336483766279283,1.09302146207298,-1.08301299643608,2.99573227355399,2600
5012843,1,2,960,2,1015562,12,18.4629586891299,"monthly",2,3,4,4,4,4,2,4,2,2,3,0.666075208587985,-0.293585335855875,-0.264020662075569,-1.05168494199458,-1.59887070344321,2.91576649191611,960.073851834755
5012855,NA,1,18,1,1027418,70,18,"hourly",5,2,1,2,3,2,2,4,3,3,4,-2.09084160204673,-0.293585335855875,1.53749262298899,0.55684486105609,-0.567155289428958,2.89037175789616,5460
5012922,NA,2,4400,2,1028144,17,59.7331016413027,"monthly",4,4,2,1,1,3,2,5,5,3,5,-0.988074877792844,1.21893771369932,1.53749262298899,2.16537466410676,0.464560124585293,4.08988633309236,4400.33848757597
5012932,NA,2,1800,2,1000119,16,25.963535656589,"monthly",2,2,3,3,4,5,3,5,3,2,5,1.21745857071493,-0.293585335855875,0.936988194634136,0.0206682600391986,-1.59887070344321,3.2566930788867,1800.13847219017
5012970,NA,1,15,1,1026337,50,15,"hourly",5,4,4,4,3,4,2,4,3,3,4,-0.988074877792844,0.714763212595312,-0.264020662075569,-0.515508340977693,-0.567155289428958,2.70805020110221,3250
5012979,NA,1,6,1,1027319,20,6,"hourly",2,3,3,2,2,3,2,4,2,2,3,0.114691846461042,-0.293585335855875,0.336483766279283,0.0206682600391986,-0.567155289428958,1.79175946922805,520
5012993,2,2,4225,2,1018525,4,243.768751442419,"monthly",3,3,2,3,4,3,1,5,2,4,4,-0.436691515665901,0.714763212595312,1.53749262298899,-0.515508340977693,-0.567155289428958,5.49622003591361,4225.32502500193
5013033,NA,1,22,NA,1028668,8,22,"hourly",4,3,5,2,3,2,3,3,5,4,4,-1.53945823991979,-0.293585335855875,-1.46502951878527,1.62919806308987,-0.0512975824218321,3.09104245335832,762.666666666667
5013044,1,2,4300,1,1028500,40,24.8096007385183,"monthly",2,3,4,3,2,4,1,3,3,3,4,0.666075208587985,0.714763212595312,-0.864525090430422,0.0206682600391986,-0.0512975824218321,3.21123070480994,4300.3307946765
5013046,NA,1,16,1,1015564,12,16,"hourly",5,3,3,2,4,3,2,4,4,4,3,-1.53945823991979,-0.293585335855875,0.336483766279283,1.09302146207298,-0.567155289428958,2.77258872223978,832
5013065,NA,1,18,1,1015374,20,18,"hourly",1,3,3,3,2,5,4,4,2,4,4,1.76884193284187,-0.797759534455332,0.336483766279283,-0.515508340977693,0.464560124585293,2.89037175789616,1560
5013075,NA,2,2000,1,1020163,26,17.7528448933942,"monthly",2,4,3,2,5,5,2,3,2,4,5,1.21745857071493,1.21893771369932,-0.264020662075569,0.0206682600391986,-1.08301299643608,2.87654577876283,2000.15385798908
5013099,1,1,25,1,1018755,12,25,"hourly",3,5,3,3,4,3,3,5,3,4,4,-0.436691515665901,0.714763212595312,0.936988194634136,0.0206682600391986,-0.567155289428958,3.2188758248682,1300
5013139,NA,1,23,1,1000146,20,23,"hourly",3,3,4,5,2,3,4,4,2,5,5,-0.436691515665901,-0.293585335855875,-0.264020662075569,-1.58786154301148,0.980417831592419,3.13549421592915,1993.33333333333
5013150,1,1,40,1,1027373,3,40,"hourly",5,3,1,1,5,3,2,5,5,4,5,-1.53945823991979,0.714763212595312,2.13799705134384,2.16537466410676,-1.08301299643608,3.68887945411394,520
5013153,NA,2,2200,2,1015662,30,16.9243787983691,"monthly",2,4,4,4,3,3,4,3,4,3,4,0.114691846461042,-0.293585335855875,-0.864525090430422,0.0206682600391986,-0.567155289428958,2.82875511492648,2200.16924378798
5013183,1,2,5100,2,1019335,33,35.6670792858192,"monthly",2,4,5,3,3,5,2,4,3,2,4,1.21745857071493,0.714763212595312,-0.864525090430422,0.0206682600391986,-1.08301299643608,3.57422811448816,5100.39233787215
5013184,NA,1,22,2,1027776,8,22,"hourly",4,3,4,2,2,4,3,3,2,3,5,-0.436691515665901,0.210589013995855,-0.864525090430422,0.0206682600391986,-0.0512975824218321,3.09104245335832,762.666666666667
5013201,1,1,21,2,1019789,24,21,"hourly",2,5,4,3,2,5,1,3,3,4,5,1.21745857071493,2.22728595964596,-0.864525090430422,0.0206682600391986,0.464560124585293,3.04452243772342,2184
5013230,1,2,4200,1,1027481,35,27.6944380336949,"monthly",3,4,4,2,2,5,1,5,5,5,5,0.666075208587985,1.72311145854195,0.336483766279283,1.62919806308987,0.980417831592419,3.32123160002427,4200.32310177706
5013232,NA,2,2000,2,1019295,6,76.9289945380414,"monthly",1,1,3,2,3,4,4,2,2,3,3,1.21745857071493,-2.31028228150598,-0.864525090430422,0.0206682600391986,-0.567155289428958,4.34288284755625,2000.15385798908
5013282,NA,2,2500,2,1027961,24,24.0403107931379,"monthly",2,3,3,3,1,5,3,3,3,5,3,1.21745857071493,-0.797759534455332,-0.264020662075569,0.0206682600391986,1.49627553859954,3.17973203775057,2500.19232248634
5013286,NA,2,1400,2,1026853,10,32.3101777059774,"monthly",1,2,3,3,4,5,3,5,5,5,1,1.76884193284187,-2.31028228150598,0.936988194634136,1.09302146207298,-0.0512975824218321,3.47538227985153,1400.10770059235
5013337,NA,1,21,1,1015681,8,21,"hourly",2,5,2,3,2,5,2,5,3,4,4,1.21745857071493,1.21893771369932,1.53749262298899,0.0206682600391986,0.464560124585293,3.04452243772342,728
5013362,1,1,20,2,1018913,5,20,"hourly",5,2,5,3,3,2,5,3,4,5,1,-2.09084160204673,-3.31863067870489,-1.46502951878527,0.55684486105609,0.464560124585293,2.99573227355399,433.333333333333
5013372,NA,1,20,1,1027833,26,20,"hourly",4,2,3,4,5,3,3,4,2,1,5,-0.988074877792844,-0.293585335855875,0.336483766279283,-1.05168494199458,-2.63058611745746,2.99573227355399,2253.33333333333
5013380,NA,2,3000,1,1027387,2,346.180475421186,"monthly",1,4,5,3,1,5,2,4,3,4,5,1.76884193284187,1.21893771369932,-0.864525090430422,0.0206682600391986,0.980417831592419,5.84696024433253,3000.23078698361
5013382,1,1,29,1,1026233,5,29,"hourly",2,1,1,5,1,5,5,4,1,5,3,1.21745857071493,-2.81445663135771,1.53749262298899,-2.12403814402837,1.49627553859954,3.36729582998647,628.333333333333
5013391,NA,1,21,2,1015888,8,21,"hourly",2,3,1,4,5,4,2,5,2,1,5,0.666075208587985,0.714763212595312,2.13799705134384,-1.05168494199458,-2.63058611745746,3.04452243772342,728
5013441,NA,1,20,1,1026092,10,20,"hourly",2,4,5,5,5,5,3,4,2,2,4,1.21745857071493,0.210589013995855,-0.864525090430422,-1.58786154301148,-2.11472841045033,2.99573227355399,866.666666666667
5013467,2,1,23,1,1026387,1,23,"hourly",1,4,4,2,2,5,5,3,5,4,4,1.76884193284187,-0.797759534455332,-0.864525090430422,1.62919806308987,0.464560124585293,3.13549421592915,99.6666666666667
6011028,NA,1,19,2,1019115,3,19,"hourly",4,4,3,3,2,3,2,5,2,5,5,-0.988074877792844,1.21893771369932,0.936988194634136,-0.515508340977693,0.980417831592419,2.94443897916644,247
6011030,1,2,600,1,1026198,8,17.3090237710593,"monthly",5,3,3,1,2,5,1,4,3,3,5,-0.436691515665901,1.21893771369932,0.336483766279283,1.09302146207298,-0.0512975824218321,2.85122797077854,600.046157396722
6011042,NA,2,1200,1,1015892,20,13.8472190168475,"monthly",1,5,3,5,2,5,3,3,2,5,3,1.76884193284187,0.210589013995855,-0.264020662075569,-1.58786154301148,0.980417831592419,2.62808441946433,1200.09231479345
6011078,NA,1,21,1,1026195,4,21,"hourly",3,4,4,2,2,4,4,3,5,5,4,0.114691846461042,-0.293585335855875,-0.864525090430422,1.62919806308987,0.980417831592419,3.04452243772342,364
6011089,1,1,18,1,1020157,42,18,"hourly",4,3,4,2,4,4,3,4,5,4,3,-0.436691515665901,-0.797759534455332,-0.264020662075569,1.62919806308987,-0.567155289428958,2.89037175789616,3276
6011179,NA,2,4200,2,1028518,5,193.861066235864,"monthly",2,4,5,3,5,5,1,3,2,5,5,1.21745857071493,1.72311145854195,-1.46502951878527,-0.515508340977693,-0.567155289428958,5.26714174907959,4200.32310177705
6011194,1,2,2000,2,1019947,18,25.6429981793471,"monthly",4,2,4,4,3,4,2,3,2,3,4,-0.436691515665901,-0.293585335855875,-0.864525090430422,-1.05168494199458,-0.567155289428958,3.24427055888814,2000.15385798907
6011259,1,2,4500,1,1018538,2,519.270713131779,"monthly",3,4,4,3,1,4,3,3,4,5,4,0.114691846461042,0.210589013995855,-0.864525090430422,0.55684486105609,1.49627553859954,6.25242535244069,4500.34618047542
6011280,1,1,21,1,1026021,30,21,"hourly",2,3,2,4,4,4,2,4,2,4,4,0.666075208587985,0.210589013995855,0.936988194634136,-1.05168494199458,-0.567155289428958,3.04452243772342,2730
6011318,1,1,23,1,1026362,30,23,"hourly",3,2,5,2,1,2,2,3,3,4,5,-0.988074877792844,0.210589013995855,-1.46502951878527,0.55684486105609,0.980417831592419,3.13549421592915,2990
6011370,NA,1,50,2,1026414,2,50,"hourly",2,2,4,5,1,5,2,4,2,5,3,1.21745857071493,-0.797759534455332,-0.264020662075569,-1.58786154301148,1.49627553859954,3.91202300542815,433.333333333333
6011379,NA,1,24,1,1028495,9,24,"hourly",3,4,2,3,4,4,2,4,1,5,5,0.114691846461042,1.21893771369932,0.936988194634136,-1.05168494199458,-0.0512975824218321,3.17805383034795,936
6011383,2,2,2600,1,1018663,2,300.023078698361,"monthly",1,4,3,3,4,5,3,4,3,4,5,1.76884193284187,0.714763212595312,0.336483766279283,0.0206682600391986,-0.567155289428958,5.70385940069186,2600.2000153858
6011385,NA,2,4195,1,1026354,36,26.8930943405903,"monthly",3,5,5,5,2,3,3,3,2,4,5,-0.436691515665901,1.21893771369932,-1.46502951878527,-1.58786154301148,0.464560124585293,3.29186953768742,4195.32271713209
6011393,1,2,2880,1,1018562,24,27.6944380336949,"monthly",1,2,1,5,3,3,2,5,3,3,4,0.666075208587985,-0.293585335855875,2.13799705134384,-1.05168494199458,-0.567155289428958,3.32123160002427,2880.22155550427
6011531,NA,1,15,1,1015050,8,15,"hourly",3,3,5,5,3,4,4,2,1,3,4,0.114691846461042,-0.797759534455332,-2.06553394714013,-2.12403814402837,-0.567155289428958,2.70805020110221,520
6011532,NA,1,27,1,1019018,22,27,"hourly",3,4,4,3,2,3,2,4,3,4,4,-0.436691515665901,0.714763212595312,-0.264020662075569,0.0206682600391986,0.464560124585293,3.29583686600433,2574
6011583,NA,2,3400,1,1028548,34,23.0786983614124,"monthly",3,3,3,3,5,4,3,3,3,3,3,0.114691846461042,-0.797759534455332,-0.264020662075569,0.0206682600391986,-1.59887070344321,3.13891004323032,3400.26155858143
6011594,1,1,25,1,1026704,4,25,"hourly",2,4,3,3,3,4,1,3,2,3,4,0.666075208587985,1.21893771369932,-0.264020662075569,-0.515508340977693,-0.567155289428958,3.2188758248682,433.333333333333
6011600,NA,2,4280,1,1026792,16,61.7355181167782,"monthly",2,5,5,5,5,5,3,3,2,5,3,1.21745857071493,0.210589013995855,-1.46502951878527,-1.58786154301148,-0.567155289428958,4.12285942357829,4280.32925609662
6011629,NA,2,2500,1,1019760,30,19.2322486345103,"monthly",3,4,3,3,2,2,1,3,2,4,1,-0.988074877792844,-0.293585335855875,-0.264020662075569,-0.515508340977693,0.464560124585293,2.95658848643636,2500.19232248634
6011630,1,1,14,2,1027596,9,14,"hourly",3,4,3,3,3,4,3,4,4,5,5,0.114691846461042,0.714763212595312,0.336483766279283,0.55684486105609,0.464560124585293,2.63905732961526,546
6011650,NA,1,18,2,1015239,30,18,"hourly",3,5,2,1,3,3,1,5,4,2,5,-0.436691515665901,2.22728595964596,1.53749262298899,1.62919806308987,-1.08301299643608,2.89037175789616,2340
6011728,1,2,2200,2,1026826,2,253.865681975537,"monthly",2,4,5,4,1,4,4,2,2,4,4,0.666075208587985,-0.293585335855875,-2.06553394714013,-1.05168494199458,0.980417831592419,5.53680531602869,2200.16924378799
6011735,1,1,30,2,1027562,16,30,"hourly",5,4,5,4,1,1,4,4,4,5,4,-2.64222496417367,-0.293585335855875,-0.864525090430422,0.0206682600391986,1.49627553859954,3.40119738166216,2080
6011753,1,1,30,1,1028245,48,30,"hourly",2,4,4,4,4,3,4,3,3,4,3,0.114691846461042,-0.797759534455332,-0.864525090430422,-0.515508340977693,-0.567155289428958,3.40119738166216,6240
6011821,1,2,1500,2,1018708,2,173.090237710593,"monthly",4,2,2,3,1,3,4,5,5,5,4,-0.988074877792844,-1.30193373305479,1.53749262298899,1.09302146207298,1.49627553859954,5.15381306377258,1500.11539349181
6011851,NA,2,840,1,1018772,9,21.5401184706516,"monthly",3,3,3,3,2,4,3,4,2,5,4,0.114691846461042,-0.293585335855875,0.336483766279283,-0.515508340977693,0.980417831592419,3.06991717174337,840.064620355412
6011852,NA,1,21,2,1028330,33,21,"hourly",3,2,NA,3,2,4,2,4,1,4,5,0.114691846461042,0.210589013995855,0.936988194634136,-1.05168494199458,0.464560124585293,3.04452243772342,3003
6011900,2,2,4250,1,1019739,6,163.474113393338,"monthly",2,5,2,4,2,4,3,4,2,3,5,0.666075208587985,1.21893771369932,0.936988194634136,-1.05168494199458,-0.0512975824218321,5.09665464993263,4250.32694822679
6011901,NA,1,22,2,1028135,7,22,"hourly",3,3,2,3,1,3,3,4,2,5,3,-0.436691515665901,-0.797759534455332,0.936988194634136,-0.515508340977693,1.49627553859954,3.09104245335832,667.333333333333
6011931,2,2,3500,1,1019745,30,26.9251480883145,"monthly",1,3,2,3,1,4,2,4,1,4,4,1.21745857071493,0.210589013995855,0.936988194634136,-1.05168494199458,0.980417831592419,3.29306072305758,3500.26925148089
6011954,NA,1,18,2,1018192,3,18,"hourly",2,2,3,1,2,4,2,4,4,4,5,0.666075208587985,0.210589013995855,0.336483766279283,1.62919806308987,0.464560124585293,2.89037175789616,234
6011961,1,1,20,1,1015706,40,20,"hourly",2,3,5,4,2,4,4,4,2,5,3,0.666075208587985,-1.30193373305479,-0.864525090430422,-1.05168494199458,0.980417831592419,2.99573227355399,3466.66666666667
6011979,2,1,22,1,1020144,5,22,"hourly",3,4,2,3,1,4,2,5,2,4,5,0.114691846461042,1.21893771369932,1.53749262298899,-0.515508340977693,0.980417831592419,3.09104245335832,476.666666666667
6012046,1,2,4300,2,1028017,10,99.2384029540734,"monthly",1,4,3,2,4,3,2,4,3,3,4,0.666075208587985,0.714763212595312,0.336483766279283,0.55684486105609,-1.08301299643608,4.59752506592984,4300.33079467651
6012047,NA,1,20,1,1026029,6,20,"hourly",5,2,3,2,5,3,2,3,4,4,3,-1.53945823991979,-0.797759534455332,-0.264020662075569,1.09302146207298,-1.08301299643608,2.99573227355399,520
6012104,NA,2,3200,2,1026492,3,246.172782521732,"monthly",3,4,1,2,1,5,1,5,1,4,5,0.666075208587985,1.72311145854195,2.13799705134384,-0.515508340977693,0.980417831592419,5.50603365736194,3200.24617278252
6012119,1,1,22,1,1018386,30,22,"hourly",4,3,3,2,4,3,2,3,4,3,4,-0.988074877792844,0.210589013995855,-0.264020662075569,1.09302146207298,-1.08301299643608,3.09104245335832,2860
6012151,NA,1,18,2,1018154,12,18,"hourly",3,2,5,2,3,3,4,3,4,5,4,-0.436691515665901,-1.30193373305479,-1.46502951878527,1.09302146207298,0.464560124585293,2.89037175789616,936
6012154,1,2,4200,1,1019487,4,242.32633279483,"monthly",4,2,2,2,4,2,1,2,3,5,3,-1.53945823991979,-0.293585335855875,-0.264020662075569,0.55684486105609,-0.0512975824218321,5.4902853003938,4200.32310177705
6012194,NA,2,4000,1,1019792,36,25.6429981793471,"monthly",4,4,2,2,4,3,4,2,4,5,4,-0.988074877792844,-0.293585335855875,-0.264020662075569,1.09302146207298,-0.0512975824218321,3.24427055888814,4000.30771597815
6012223,NA,1,25,2,1027460,5,25,"hourly",1,5,5,2,5,4,5,2,1,2,3,1.21745857071493,-0.797759534455332,-2.06553394714013,-0.515508340977693,-2.11472841045033,3.2188758248682,541.666666666667
6012274,1,1,25,1,1018200,8,25,"hourly",1,4,3,2,1,4,4,4,2,5,4,1.21745857071493,-0.293585335855875,0.336483766279283,0.0206682600391986,1.49627553859954,3.2188758248682,866.666666666667
6012278,NA,1,21,2,1026004,6,21,"hourly",4,4,4,4,4,3,2,3,3,4,5,-0.988074877792844,1.21893771369932,-0.864525090430422,-0.515508340977693,-0.567155289428958,3.04452243772342,546
6012326,1,1,21,1,1026797,2,21,"hourly",3,4,2,3,4,3,2,4,4,5,4,-0.436691515665901,0.714763212595312,0.936988194634136,0.55684486105609,-0.0512975824218321,3.04452243772342,182
6012331,NA,2,2600,1,1027470,27,22.2239317554342,"monthly",4,2,3,5,3,2,3,4,5,3,2,-1.53945823991979,-1.80610808290652,0.336483766279283,0.0206682600391986,-0.567155289428958,3.10116971524747,2600.2000153858
6012337,NA,1,22,2,1028565,40,22,"hourly",2,4,5,5,1,5,3,2,1,4,4,1.21745857071493,0.210589013995855,-2.06553394714013,-2.12403814402837,0.980417831592419,3.09104245335832,3813.33333333333
6012339,1,2,4600,1,1028243,41,25.8931737713408,"monthly",1,1,5,5,5,3,2,4,2,5,3,0.666075208587985,-1.30193373305479,-0.864525090430422,-1.58786154301148,-0.567155289428958,3.25397937301511,4600.35387337488
6012341,NA,1,29,1,1027002,15,29,"hourly",2,3,4,5,4,3,4,4,2,4,4,0.114691846461042,-0.797759534455332,-0.264020662075569,-1.58786154301148,-0.567155289428958,3.36729582998647,1885
6012389,NA,1,18,1,1018448,21,18,"hourly",3,2,3,5,2,3,3,3,3,4,4,-0.436691515665901,-0.797759534455332,-0.264020662075569,-1.05168494199458,0.464560124585293,2.89037175789616,1638
6012390,NA,1,20,2,1018736,2,20,"hourly",2,4,2,2,5,4,4,4,3,2,5,0.666075208587985,0.210589013995855,0.936988194634136,0.55684486105609,-2.11472841045033,2.99573227355399,173.333333333333
6012398,NA,2,3700,1,1020372,70,12.1987405624608,"monthly",3,4,2,4,1,5,1,4,2,5,5,0.666075208587985,1.72311145854195,0.936988194634136,-1.05168494199458,1.49627553859954,2.50133271382518,3700.28463727978
6012448,NA,1,9,2,1000158,16,9,"hourly",3,4,4,2,1,5,3,5,5,5,4,0.666075208587985,0.210589013995855,0.336483766279283,1.62919806308987,1.49627553859954,2.19722457733622,624
6012486,NA,2,700,2,1020272,8,20.1938610662359,"monthly",3,4,2,2,1,3,3,4,3,4,4,-0.436691515665901,0.210589013995855,0.936988194634136,0.55684486105609,0.980417831592419,3.0053786506058,700.053850296178
6012550,NA,2,3600,2,1027771,35,23.7380897431671,"monthly",3,4,4,3,2,3,1,4,3,4,5,-0.436691515665901,1.72311145854195,-0.264020662075569,0.0206682600391986,0.464560124585293,3.16708092019701,3600.27694438034
6012563,NA,1,23,1,1027451,8,23,"hourly",3,4,4,2,3,3,4,4,5,4,4,-0.436691515665901,-0.293585335855875,-0.264020662075569,1.62919806308987,-0.0512975824218321,3.13549421592915,797.333333333333
6012691,NA,2,1500,2,1015697,35,9.89087072631961,"monthly",1,2,3,4,5,5,3,3,2,4,3,1.76884193284187,-1.30193373305479,-0.264020662075569,-1.05168494199458,-1.08301299643608,2.29161218284312,1500.11539349181
6012746,NA,1,20,2,1027942,20,20,"hourly",2,2,4,2,1,4,3,3,4,5,4,0.666075208587985,-0.797759534455332,-0.864525090430422,1.09302146207298,1.49627553859954,2.99573227355399,1733.33333333333
6012752,NA,2,2800,1,1019984,8,80.7754442649435,"monthly",4,3,5,2,2,3,2,4,4,4,5,-0.988074877792844,0.714763212595312,-0.864525090430422,1.09302146207298,0.464560124585293,4.39167301172569,2800.21540118471
6012770,NA,1,20,2,1020365,15,20,"hourly",3,4,5,3,2,4,3,3,1,5,4,0.114691846461042,0.210589013995855,-1.46502951878527,-1.05168494199458,0.980417831592419,2.99573227355399,1300
6012775,NA,2,1500,2,1027055,25,13.8472190168474,"monthly",3,4,3,4,1,3,2,4,4,5,5,-0.436691515665901,1.21893771369932,0.336483766279283,0.0206682600391986,1.49627553859954,2.62808441946433,1500.1153934918
6012782,NA,2,3700,1,1019616,4,213.477959843065,"monthly",2,3,2,4,3,3,3,4,3,5,4,0.114691846461042,-0.293585335855875,0.936988194634136,-0.515508340977693,0.464560124585293,5.36353359475465,3700.28463727979
6012808,NA,1,29,1,1015763,3,29,"hourly",2,2,3,2,1,4,4,3,2,5,3,0.666075208587985,-1.80610808290652,-0.264020662075569,0.0206682600391986,1.49627553859954,3.36729582998647,377
6012835,NA,1,21,1,1026382,40,21,"hourly",2,1,5,5,2,5,3,5,1,3,4,1.21745857071493,-1.30193373305479,-0.264020662075569,-2.12403814402837,-0.0512975824218321,3.04452243772342,3640
6012857,NA,1,20,2,1028189,30,20,"hourly",3,4,2,3,3,4,1,5,3,5,4,0.114691846461042,1.21893771369932,1.53749262298899,0.0206682600391986,0.464560124585293,2.99573227355399,2600
6012868,NA,1,20,1,1018505,25,20,"hourly",3,3,3,4,4,4,3,4,2,2,4,0.114691846461042,-0.293585335855875,0.336483766279283,-1.05168494199458,-1.59887070344321,2.99573227355399,2166.66666666667
6012869,NA,2,2500,1,1026413,25,23.0786983614124,"monthly",5,3,4,4,2,2,4,3,3,5,4,-2.09084160204673,-0.797759534455332,-0.864525090430422,-0.515508340977693,0.980417831592419,3.13891004323032,2500.19232248634
6012886,NA,1,20,1,1020127,2,20,"hourly",2,4,2,4,1,5,2,5,2,4,5,1.21745857071493,1.21893771369932,1.53749262298899,-1.05168494199458,0.980417831592419,2.99573227355399,173.333333333333
6012896,1,2,3700,1,1027741,8,106.738979921532,"monthly",1,5,5,1,5,5,3,2,5,2,1,1.76884193284187,-0.797759534455332,-2.06553394714013,2.16537466410676,-2.11472841045033,4.67038641419471,3700.28463727978
6012928,2,1,32,1,1028554,30,32,"hourly",3,2,4,3,5,3,2,3,1,3,3,-0.436691515665901,-0.797759534455332,-0.864525090430422,-1.05168494199458,-1.59887070344321,3.46573590279973,4160
6012929,NA,2,2800,2,1019689,60,10.7700592353258,"monthly",4,1,2,1,5,3,2,4,5,5,3,-0.988074877792844,-1.30193373305479,0.936988194634136,2.16537466410676,-0.567155289428958,2.37676999118342,2800.21540118471
6012950,1,2,4500,2,1026509,10,103.854142626356,"monthly",2,4,3,3,2,4,2,4,2,5,5,0.666075208587985,1.21893771369932,0.336483766279283,-0.515508340977693,0.980417831592419,4.64298744000659,4500.34618047543
6012963,NA,2,1500,2,1019181,2,173.090237710593,"monthly",1,5,3,2,3,4,4,4,1,4,2,1.21745857071493,-0.797759534455332,0.336483766279283,-0.515508340977693,-0.0512975824218321,5.15381306377258,1500.11539349181
6013013,2,2,4500,1,1026285,16,64.9088391414724,"monthly",3,4,2,4,2,5,2,5,2,3,1,0.666075208587985,-0.797759534455332,1.53749262298899,-1.05168494199458,-0.0512975824218321,4.17298381076086,4500.34618047542
6013059,1,2,4400,1,1027816,34,29.8665508206514,"monthly",3,3,4,3,2,3,2,4,2,3,4,-0.436691515665901,0.210589013995855,-0.264020662075569,-0.515508340977693,-0.0512975824218321,3.39673915253242,4400.33848757597
6013100,2,1,20,1,1015572,2,20,"hourly",3,2,5,3,5,4,2,2,1,2,3,0.114691846461042,-0.797759534455332,-2.06553394714013,-1.05168494199458,-2.11472841045033,2.99573227355399,173.333333333333
6013118,NA,2,4600,1,1028138,4,265.405031156243,"monthly",2,5,1,5,3,4,4,5,2,5,4,0.666075208587985,0.210589013995855,2.13799705134384,-1.58786154301148,0.464560124585293,5.58125707859952,4600.35387337488
6013152,NA,1,20,2,1018365,33,20,"hourly",5,4,3,2,1,2,2,3,4,3,3,-2.09084160204673,0.210589013995855,-0.264020662075569,1.09302146207298,0.464560124585293,2.99573227355399,2860
6013179,NA,1,22,1,1026289,10,22,"hourly",3,3,5,3,5,5,3,5,3,1,3,0.666075208587985,-0.797759534455332,-0.264020662075569,0.0206682600391986,-2.63058611745746,3.09104245335832,953.333333333333
6013382,2,1,24,1,1018454,4,24,"hourly",3,2,2,3,2,4,4,3,4,2,4,0.114691846461042,-1.30193373305479,0.336483766279283,0.55684486105609,-0.567155289428958,3.17805383034795,416
6013404,NA,1,18,NA,1015257,32,18,"hourly",3,3,3,4,2,3,3,4,2,2,3,-0.436691515665901,-0.797759534455332,0.336483766279283,-1.05168494199458,-0.567155289428958,2.89037175789616,2496
6013416,NA,2,500,2,1015235,2,57.696745903531,"monthly",3,2,4,3,1,3,2,3,3,4,4,-0.436691515665901,-0.293585335855875,-0.864525090430422,0.0206682600391986,0.980417831592419,4.05520077510447,500.038464497269
6013431,NA,2,1900,1,1028281,16,27.4059543041772,"monthly",3,5,4,4,2,4,1,3,4,4,5,0.114691846461042,2.22728595964596,-0.864525090430422,0.0206682600391986,0.464560124585293,3.31076030015698,1900.14616508962
7011097,1,2,5000,1,1027456,23,50.1710833943748,"monthly",3,4,2,4,4,4,4,4,3,4,4,0.114691846461042,-0.293585335855875,0.936988194634136,-0.515508340977693,-0.567155289428958,3.91543883272931,5000.38464497269
7011113,1,2,1300,1,1018488,20,15.0011539349181,"monthly",3,5,4,3,3,4,4,3,2,5,3,0.114691846461042,-0.293585335855875,-0.864525090430422,-0.515508340977693,0.464560124585293,2.70812712713786,1300.1000076929
7011117,NA,1,21,2,1015024,5,21,"hourly",2,4,3,2,1,5,4,4,3,5,4,1.21745857071493,-0.293585335855875,0.336483766279283,0.55684486105609,1.49627553859954,3.04452243772342,455
7011139,1,1,25,1,1019550,26,25,"hourly",5,3,4,5,1,5,1,5,1,4,1,-0.436691515665901,-0.797759534455332,0.336483766279283,-2.12403814402837,0.980417831592419,3.2188758248682,2816.66666666667
7011152,NA,1,30,1,1019445,2,30,"hourly",3,4,5,4,1,4,2,3,3,5,5,0.114691846461042,1.21893771369932,-1.46502951878527,-0.515508340977693,1.49627553859954,3.40119738166216,260
7011159,NA,1,22,2,1028039,35,22,"hourly",4,3,2,3,2,3,2,4,4,3,3,-0.988074877792844,-0.293585335855875,0.936988194634136,0.55684486105609,-0.0512975824218321,3.09104245335832,3336.66666666667
7011186,NA,1,33,1,1028236,3,33,"hourly",3,4,4,2,5,3,4,4,4,4,3,-0.436691515665901,-0.797759534455332,-0.264020662075569,1.09302146207298,-1.08301299643608,3.49650756146648,429
7011200,NA,1,23,2,1018047,10,23,"hourly",3,4,4,5,1,4,4,3,2,5,4,0.114691846461042,-0.293585335855875,-0.864525090430422,-1.58786154301148,1.49627553859954,3.13549421592915,996.666666666667
7011211,2,1,22,2,1015760,2,22,"hourly",2,3,4,4,4,4,3,3,4,5,5,0.666075208587985,0.210589013995855,-0.864525090430422,0.0206682600391986,-0.0512975824218321,3.09104245335832,190.666666666667
7011218,1,2,1186,2,1015737,32,8.55354258019848,"monthly",3,4,3,2,2,3,3,5,4,5,4,-0.436691515665901,0.210589013995855,0.936988194634136,1.09302146207298,0.980417831592419,2.14634553400017,1186.09123778752
7011224,1,2,3400,1,1018895,6,130.77929071467,"monthly",1,3,5,1,3,4,2,1,4,2,4,1.21745857071493,0.210589013995855,-2.66603837549498,1.62919806308987,-1.08301299643608,4.87351109861843,3400.26155858142
7011228,NA,2,1300,1,1018633,1,300.023078698361,"monthly",5,4,2,3,4,2,2,5,4,4,5,-2.09084160204673,1.21893771369932,1.53749262298899,0.55684486105609,-0.567155289428958,5.70385940069186,1300.1000076929
7011239,NA,2,4000,NA,1026075,2,461.573967228248,"monthly",1,5,5,3,1,5,4,4,3,5,5,1.76884193284187,0.714763212595312,-0.864525090430422,0.0206682600391986,1.49627553859954,6.13464231678431,4000.30771597815
7011241,NA,2,2800,2,1027810,80,8.07754442649435,"monthly",2,2,3,3,4,5,2,4,3,2,5,1.21745857071493,0.210589013995855,0.336483766279283,0.0206682600391986,-1.59887070344321,2.08908791873164,2800.21540118471
7011289,1,2,4800,1,1027856,22,50.3535236976271,"monthly",3,4,5,3,1,4,4,4,2,5,5,0.114691846461042,0.210589013995855,-0.864525090430422,-0.515508340977693,1.49627553859954,3.91906860077989,4800.36925917378
7011294,NA,1,30,2,1018316,4,30,"hourly",3,2,2,4,2,4,1,4,2,4,1,0.114691846461042,-1.30193373305479,0.936988194634136,-1.05168494199458,0.464560124585293,3.40119738166216,520
7011324,NA,2,1200,1,1018641,20,13.8472190168475,"monthly",5,3,5,5,1,1,1,4,2,4,5,-2.64222496417367,1.21893771369932,-0.864525090430422,-1.58786154301148,0.980417831592419,2.62808441946433,1200.09231479345
7011344,1,1,24,1,1019355,3,24,"hourly",1,4,5,5,3,5,5,4,5,5,1,1.76884193284187,-2.31028228150598,-0.864525090430422,0.0206682600391986,0.464560124585293,3.17805383034795,312
7011355,1,2,3900,1,1028020,20,45.0034618047542,"monthly",4,2,3,3,2,4,4,4,3,5,4,-0.436691515665901,-1.30193373305479,0.336483766279283,0.0206682600391986,0.980417831592419,3.80673941580597,3900.3000230787
7011392,NA,1,19,1,1028198,24,19,"hourly",3,5,1,5,1,5,1,5,2,5,5,0.666075208587985,2.22728595964596,2.13799705134384,-1.58786154301148,1.49627553859954,2.94443897916644,1976
7011414,NA,2,4500,1,1027963,3,346.180475421186,"monthly",5,5,5,5,5,5,5,5,5,5,5,-0.436691515665901,0.210589013995855,-0.264020662075569,0.0206682600391986,-0.567155289428958,5.84696024433253,4500.34618047542
7011443,NA,2,2279,1,1018506,32,16.4363604892684,"monthly",2,4,1,2,3,4,1,5,3,4,5,0.666075208587985,1.72311145854195,2.13799705134384,0.55684486105609,-0.0512975824218321,2.79949598368818,2279.17532117855
7011482,NA,2,2000,NA,1020071,30,15.3857989076083,"monthly",3,5,4,1,5,3,1,3,3,1,4,-0.436691515665901,1.72311145854195,-0.864525090430422,1.09302146207298,-2.63058611745746,2.73344493512215,2000.15385798908
7011489,1,2,900,1,1015457,11,18.8825713866102,"monthly",1,3,2,2,2,4,3,3,3,5,2,1.21745857071493,-1.30193373305479,0.336483766279283,0.55684486105609,0.980417831592419,2.93823934776817,900.069236095086
7011523,NA,1,18,1,1015293,30,18,"hourly",5,3,3,3,4,2,3,4,3,2,4,-2.09084160204673,-0.293585335855875,0.336483766279283,0.0206682600391986,-1.59887070344321,2.89037175789616,2340
7011530,NA,1,21,1,1028613,14,21,"hourly",3,2,3,4,3,3,2,2,4,3,3,-0.436691515665901,-0.797759534455332,-0.864525090430422,0.0206682600391986,-0.567155289428958,3.04452243772342,1274
7011546,1,1,28,2,1027709,2,28,"hourly",1,5,3,4,3,4,2,4,2,5,5,1.21745857071493,1.72311145854195,0.336483766279283,-1.05168494199458,0.464560124585293,3.3322045101752,242.666666666667
7011580,NA,2,3000,1,1027446,5,138.472190168474,"monthly",2,3,3,3,2,5,4,2,2,3,3,1.21745857071493,-1.30193373305479,-0.864525090430422,-0.515508340977693,-0.0512975824218321,4.93066951245837,3000.2307869836
7011590,1,2,4500,1,1019439,28,37.0907652236985,"monthly",2,2,4,3,2,3,2,2,2,2,4,0.114691846461042,-0.293585335855875,-1.46502951878527,-0.515508340977693,-0.567155289428958,3.61336802282543,4500.34618047542
7011597,NA,1,22,1,1018468,4,22,"hourly",3,4,2,4,2,3,2,5,2,4,4,-0.436691515665901,0.714763212595312,1.53749262298899,-1.05168494199458,0.464560124585293,3.09104245335832,381.333333333333
7011665,NA,1,20,1,1020331,4,20,"hourly",2,4,2,4,2,3,3,4,2,4,4,0.114691846461042,0.210589013995855,0.936988194634136,-1.05168494199458,0.464560124585293,2.99573227355399,346.666666666667
7011667,1,1,23,1,1020247,2,23,"hourly",4,4,2,5,3,2,3,4,1,4,5,-1.53945823991979,0.714763212595312,0.936988194634136,-2.12403814402837,-0.0512975824218321,3.13549421592915,199.333333333333
7011700,1,2,2000,2,1026561,2,230.786983614124,"monthly",4,5,2,4,1,4,2,3,2,4,4,-0.436691515665901,1.21893771369932,0.336483766279283,-1.05168494199458,0.980417831592419,5.44149513622436,2000.15385798907
7011719,1,2,3000,2,1019013,2,346.180475421186,"monthly",5,5,4,5,5,4,5,5,5,5,4,-0.988074877792844,-0.293585335855875,0.336483766279283,0.0206682600391986,-0.567155289428958,5.84696024433253,3000.23078698361
7011729,NA,1,23,1,1020274,2,23,"hourly",4,3,2,3,3,3,4,5,3,2,4,-0.988074877792844,-0.797759534455332,1.53749262298899,0.0206682600391986,-1.08301299643608,3.13549421592915,199.333333333333
7011767,3,2,2000,2,1020363,42,10.9898563625773,"monthly",3,4,3,4,4,3,3,4,2,3,4,-0.436691515665901,0.210589013995855,0.336483766279283,-1.05168494199458,-1.08301299643608,2.39697269850094,2000.15385798907
7011853,NA,1,24,2,1018809,7,24,"hourly",3,1,2,3,1,2,4,5,1,5,4,-0.988074877792844,-1.80610808290652,1.53749262298899,-1.05168494199458,1.49627553859954,3.17805383034795,728
7011871,NA,2,2000,2,1000161,20,23.0786983614124,"monthly",4,5,4,2,1,4,3,4,4,1,3,-0.436691515665901,0.210589013995855,-0.264020662075569,1.09302146207298,-0.567155289428958,3.13891004323032,2000.15385798907
7011894,1,1,26,1,1018581,10,26,"hourly",4,3,2,2,4,3,2,5,5,3,5,-0.988074877792844,0.714763212595312,1.53749262298899,1.62919806308987,-1.08301299643608,3.25809653802148,1126.66666666667
7011897,NA,2,4000,2,1027693,40,23.0786983614124,"monthly",3,4,3,3,3,2,3,4,4,4,4,-0.988074877792844,0.210589013995855,0.336483766279283,0.55684486105609,-0.0512975824218321,3.13891004323032,4000.30771597815
7011910,NA,2,3800,2,1026895,20,43.8495268866836,"monthly",1,4,3,2,5,4,3,4,2,3,1,1.21745857071493,-1.30193373305479,0.336483766279283,0.0206682600391986,-1.59887070344321,3.78076392940271,3800.29233017925
7011958,NA,2,2900,2,1027822,2,334.64112624048,"monthly",1,4,2,4,2,5,3,5,2,4,4,1.76884193284187,0.210589013995855,1.53749262298899,-1.05168494199458,0.464560124585293,5.81305869265685,2900.22309408416
7011971,NA,2,4450,1,1028473,21,48.9048608134692,"monthly",3,2,2,3,1,4,2,5,4,4,5,0.114691846461042,0.210589013995855,1.53749262298899,0.55684486105609,0.980417831592419,3.88987679467909,4450.3423340257
7012009,1,2,3350,2,1026557,36,21.4760109752032,"monthly",4,3,3,2,2,4,2,4,4,4,4,-0.436691515665901,0.210589013995855,0.336483766279283,1.09302146207298,0.464560124585293,3.06693654360523,3350.2577121317
7012026,1,1,22,1,1020271,19,22,"hourly",4,4,3,3,4,3,3,3,3,3,4,-0.988074877792844,0.210589013995855,-0.264020662075569,0.0206682600391986,-1.08301299643608,3.09104245335832,1811.33333333333
7012037,NA,1,20,2,1028060,20,20,"hourly",2,4,3,3,2,4,3,4,3,4,4,0.666075208587985,0.210589013995855,0.336483766279283,0.0206682600391986,0.464560124585293,2.99573227355399,1733.33333333333
7012051,NA,2,3600,1,1018759,32,25.963535656589,"monthly",3,2,3,4,3,3,3,4,2,3,3,-0.436691515665901,-1.30193373305479,0.336483766279283,-1.05168494199458,-0.567155289428958,3.2566930788867,3600.27694438034
7012083,NA,1,22,2,1015626,8,22,"hourly",3,3,3,4,3,4,2,5,2,3,5,0.114691846461042,0.714763212595312,0.936988194634136,-1.05168494199458,-0.567155289428958,3.09104245335832,762.666666666667
7012087,NA,2,4200,1,1020281,34,28.5089803288036,"monthly",1,5,2,5,3,5,2,5,2,5,5,1.76884193284187,1.72311145854195,1.53749262298899,-1.58786154301148,0.464560124585293,3.35021913689753,4200.32310177706
7012106,NA,1,26,1,1026483,38,26,"hourly",1,4,2,4,1,5,3,3,3,5,4,1.76884193284187,0.210589013995855,0.336483766279283,-0.515508340977693,1.49627553859954,3.25809653802148,4281.33333333333
7012109,1,2,3000,2,1019382,32,21.6362797138241,"monthly",4,2,4,4,3,4,3,3,3,4,4,-0.436691515665901,-0.797759534455332,-0.864525090430422,-0.515508340977693,-0.0512975824218321,3.07437152209275,3000.23078698361
7012211,1,1,23,1,1015342,42,23,"hourly",4,1,4,2,1,2,2,3,4,5,4,-1.53945823991979,-0.797759534455332,-0.864525090430422,1.09302146207298,1.49627553859954,3.13549421592915,4186
7012232,NA,1,27,2,1018494,25,27,"hourly",4,3,5,4,4,4,4,3,4,2,3,-0.436691515665901,-1.30193373305479,-1.46502951878527,0.0206682600391986,-1.59887070344321,3.29583686600433,2925
7012236,2,1,19,1,1019405,6,19,"hourly",2,5,3,2,1,3,3,3,5,5,5,0.114691846461042,1.21893771369932,-0.264020662075569,1.62919806308987,1.49627553859954,2.94443897916644,494
7012238,1,2,500,2,1019824,10,11.5393491807062,"monthly",2,4,2,1,4,4,2,4,4,3,5,0.666075208587985,1.21893771369932,0.936988194634136,1.62919806308987,-1.08301299643608,2.44576286267037,500.038464497269
7012244,NA,2,400,2,1026856,3,30.7715978152166,"monthly",2,4,3,5,2,5,3,4,2,4,5,1.21745857071493,0.714763212595312,0.336483766279283,-1.58786154301148,0.464560124585293,3.4265921156821,400.030771597816
7012249,3,2,4000,2,1027184,12,76.9289945380414,"monthly",2,2,3,3,4,4,3,4,3,3,4,0.666075208587985,-0.797759534455332,0.336483766279283,0.0206682600391986,-1.08301299643608,4.34288284755625,4000.30771597815
7012334,NA,1,26,2,1027349,6,26,"hourly",2,3,2,1,4,4,3,3,5,4,4,0.666075208587985,-0.293585335855875,0.336483766279283,2.16537466410676,-0.567155289428958,3.25809653802148,676
7012352,NA,2,4500,1,1027215,5,207.708285252712,"monthly",2,3,3,2,4,3,2,4,2,2,5,0.114691846461042,0.714763212595312,0.336483766279283,0.0206682600391986,-1.59887070344321,5.33613462056654,4500.34618047543
7012365,NA,2,3500,2,1018860,30,26.9251480883145,"monthly",2,1,3,3,5,3,3,5,3,3,3,0.114691846461042,-1.80610808290652,0.936988194634136,0.0206682600391986,-1.59887070344321,3.29306072305758,3500.26925148089
7012374,NA,2,4600,1,1028428,39,27.2210288365377,"monthly",2,3,3,3,1,4,3,4,1,4,5,0.666075208587985,0.210589013995855,0.336483766279283,-1.05168494199458,0.980417831592419,3.30398979358977,4600.35387337487
7012442,NA,2,4200,1,1018917,3,323.101777059774,"monthly",2,4,3,3,2,2,2,3,4,4,4,-0.436691515665901,0.714763212595312,-0.264020662075569,0.55684486105609,0.464560124585293,5.77796737284558,4200.32310177706
7012482,NA,1,25,1,1026076,1,25,"hourly",2,4,2,4,4,5,2,4,2,5,4,1.21745857071493,0.714763212595312,0.936988194634136,-1.05168494199458,-0.0512975824218321,3.2188758248682,108.333333333333
7012513,NA,2,2400,2,1026316,6,92.3147934456497,"monthly",2,4,3,3,4,4,2,3,2,3,4,0.666075208587985,0.714763212595312,-0.264020662075569,-0.515508340977693,-1.08301299643608,4.52520440435021,2400.18462958689
7012551,1,1,27,2,1018703,10,27,"hourly",3,3,4,2,2,4,3,4,4,4,3,0.114691846461042,-0.797759534455332,-0.264020662075569,1.09302146207298,0.464560124585293,3.29583686600433,1170
7012571,1,2,1800,1,1026741,3,138.472190168474,"monthly",4,5,5,4,2,4,2,1,2,4,5,-0.436691515665901,1.72311145854195,-2.66603837549498,-1.05168494199458,0.464560124585293,4.93066951245837,1800.13847219016
7012579,2,2,4800,2,1019671,20,55.3888760673898,"monthly",3,4,4,2,5,3,2,2,4,4,5,-0.436691515665901,1.21893771369932,-1.46502951878527,1.09302146207298,-1.08301299643608,4.01437878058422,4800.36925917378
7012615,NA,2,1100,1,1019242,1,253.865681975537,"monthly",3,5,4,5,5,3,4,4,2,3,4,-0.436691515665901,0.210589013995855,-0.264020662075569,-1.58786154301148,-1.59887070344321,5.53680531602869,1100.08462189399
7012653,NA,2,1400,2,1026419,7,46.1573967228248,"monthly",3,4,4,2,4,4,3,3,3,3,4,0.114691846461042,0.210589013995855,-0.864525090430422,0.55684486105609,-1.08301299643608,3.83205722379026,1400.10770059235
7012666,3,2,1400,1,1018450,6,53.850296176629,"monthly",2,4,5,4,2,5,4,2,1,4,3,1.21745857071493,-0.797759534455332,-2.06553394714013,-1.58786154301148,0.464560124585293,3.98620790361752,1400.10770059235
7012735,NA,1,68,1,1026994,32,68,"hourly",4,4,3,2,3,2,2,4,2,4,5,-1.53945823991979,1.21893771369932,0.336483766279283,0.0206682600391986,-0.0512975824218321,4.21950770517611,9429.33333333333
7012762,1,1,25,2,1015211,20,25,"hourly",1,4,4,3,5,5,2,3,2,4,4,1.76884193284187,0.714763212595312,-0.864525090430422,-0.515508340977693,-1.08301299643608,3.2188758248682,2166.66666666667
7012794,2,1,18,2,1026377,1,18,"hourly",1,5,1,3,2,5,4,5,3,5,4,1.76884193284187,0.210589013995855,2.13799705134384,0.0206682600391986,0.980417831592419,2.89037175789616,78
7012818,1,1,30,1,1015748,9,30,"hourly",2,3,2,2,1,4,4,3,2,5,4,0.666075208587985,-0.797759534455332,0.336483766279283,0.0206682600391986,1.49627553859954,3.40119738166216,1170
7012836,1,1,25,1,1028222,41,25,"hourly",3,2,2,4,3,4,3,5,2,4,4,0.114691846461042,-0.797759534455332,1.53749262298899,-1.05168494199458,-0.0512975824218321,3.2188758248682,4441.66666666667
7012857,NA,1,40,1,1026290,7,40,"hourly",3,3,4,5,3,3,4,4,2,3,4,-0.436691515665901,-0.797759534455332,-0.264020662075569,-1.58786154301148,-0.567155289428958,3.68887945411394,1213.33333333333
7012866,1,2,4200,1,1028388,3,323.101777059774,"monthly",3,2,4,3,4,4,4,3,5,3,4,0.114691846461042,-1.30193373305479,-0.864525090430422,1.09302146207298,-1.08301299643608,5.77796737284558,4200.32310177706
7012934,NA,1,21,2,1019708,20,21,"hourly",1,2,2,1,3,5,3,4,2,4,4,1.76884193284187,-0.797759534455332,0.936988194634136,0.55684486105609,-0.0512975824218321,3.04452243772342,1820
7012942,NA,1,20,1,1026722,6,20,"hourly",4,4,2,4,4,4,2,4,3,4,4,-0.436691515665901,0.714763212595312,0.936988194634136,-0.515508340977693,-0.567155289428958,2.99573227355399,520
7012974,1,2,4000,2,1026458,20,46.1573967228248,"monthly",5,2,2,3,2,3,3,5,2,5,4,-1.53945823991979,-0.797759534455332,1.53749262298899,-0.515508340977693,0.980417831592419,3.83205722379026,4000.30771597815
7012997,NA,2,1000,2,1018307,20,11.5393491807062,"monthly",2,3,1,4,5,4,2,2,2,3,5,0.666075208587985,0.714763212595312,0.336483766279283,-1.05168494199458,-1.59887070344321,2.44576286267037,1000.07692899454
7013027,NA,1,20,2,1026789,25,20,"hourly",4,4,2,4,2,4,1,4,2,3,1,-0.436691515665901,-0.293585335855875,0.936988194634136,-1.05168494199458,-0.0512975824218321,2.99573227355399,2166.66666666667
7013029,NA,2,2740,2,1019074,1,632.3563351027,"monthly",3,4,3,2,2,4,3,4,4,5,4,0.114691846461042,0.210589013995855,0.336483766279283,1.09302146207298,0.980417831592419,6.44945305662434,2740.21078544503
7013040,1,2,1500,1,1027452,2,173.090237710593,"monthly",4,3,3,2,4,3,4,5,3,3,3,-0.988074877792844,-1.30193373305479,0.936988194634136,0.55684486105609,-1.08301299643608,5.15381306377258,1500.11539349181
7013051,NA,1,25,1,1027312,30,25,"hourly",2,3,2,4,2,4,1,3,2,4,3,0.666075208587985,0.210589013995855,0.336483766279283,-1.05168494199458,0.464560124585293,3.2188758248682,3250
7013065,NA,1,19,1,1026403,25,19,"hourly",2,3,3,3,4,5,3,5,2,2,1,1.21745857071493,-1.80610808290652,0.936988194634136,-0.515508340977693,-1.59887070344321,2.94443897916644,2058.33333333333
7013076,2,1,19,NA,1015144,7,19,"hourly",5,2,4,2,5,2,2,3,3,1,3,-2.09084160204673,-0.797759534455332,-0.864525090430422,0.55684486105609,-2.63058611745746,2.94443897916644,576.333333333333
7013128,1,1,20,2,1015412,24,20,"hourly",3,4,3,5,1,4,2,5,4,5,4,0.114691846461042,0.714763212595312,0.936988194634136,-0.515508340977693,1.49627553859954,2.99573227355399,2080
7013159,NA,2,2000,2,1000163,30,15.3857989076083,"monthly",1,1,4,4,5,5,2,3,1,5,4,1.76884193284187,-0.797759534455332,-0.864525090430422,-1.58786154301148,-0.567155289428958,2.73344493512215,2000.15385798908
7013162,1,1,25,1,1027770,16,25,"hourly",2,4,4,1,1,3,3,4,3,5,4,0.114691846461042,0.210589013995855,-0.264020662075569,1.09302146207298,1.49627553859954,3.2188758248682,1733.33333333333
7013174,1,1,25,1,1028307,24,25,"hourly",4,2,3,3,3,2,3,4,4,4,5,-1.53945823991979,-0.293585335855875,0.336483766279283,0.55684486105609,-0.0512975824218321,3.2188758248682,2600
7013190,NA,1,20,1,1015524,17,20,"hourly",2,2,3,2,4,5,3,3,4,4,3,1.21745857071493,-1.30193373305479,-0.264020662075569,1.09302146207298,-0.567155289428958,2.99573227355399,1473.33333333333
7013201,NA,2,2300,1,1015354,12,44.2341718593738,"monthly",4,3,2,4,5,4,2,4,2,5,3,-0.436691515665901,-0.293585335855875,0.936988194634136,-1.05168494199458,-0.567155289428958,3.78949760937147,2300.17693668744
7013212,NA,2,1200,2,1015091,30,9.23147934456497,"monthly",3,2,5,3,3,4,3,3,3,5,4,0.114691846461042,-0.797759534455332,-1.46502951878527,0.0206682600391986,0.464560124585293,2.22261931135616,1200.09231479345
7013233,1,2,2000,2,1026175,3,153.857989076083,"monthly",4,3,1,3,1,4,2,4,3,5,5,-0.436691515665901,0.714763212595312,1.53749262298899,0.0206682600391986,1.49627553859954,5.0360300281162,2000.15385798908
7013317,1,2,3800,1,1018369,36,24.3608482703798,"monthly",3,5,5,3,5,4,3,3,3,5,4,0.114691846461042,0.714763212595312,-1.46502951878527,0.0206682600391986,-0.567155289428958,3.1929772645006,3800.29233017925
7013326,1,1,25,1,1026201,10,25,"hourly",3,3,2,4,1,4,2,3,2,3,3,0.114691846461042,-0.293585335855875,0.336483766279283,-1.05168494199458,0.464560124585293,3.2188758248682,1083.33333333333
7013339,NA,2,3200,1,1026800,25,29.5407339026079,"monthly",3,3,4,4,1,3,3,4,3,5,5,-0.436691515665901,0.210589013995855,-0.264020662075569,-0.515508340977693,1.49627553859954,3.38577012116184,3200.24617278252
7013352,1,2,1600,1,1027567,8,46.1573967228248,"monthly",1,3,4,2,2,5,4,3,3,3,4,1.76884193284187,-0.797759534455332,-0.864525090430422,0.55684486105609,-0.0512975824218321,3.83205722379026,1600.12308639126
7013397,NA,2,3500,1,1020248,90,8.9750493627715,"monthly",3,5,5,5,5,5,5,4,5,3,4,0.666075208587985,-0.293585335855875,-0.864525090430422,0.0206682600391986,-1.59887070344321,2.19444843438947,3500.26925148089
7013409,NA,2,2500,1,1028572,20,28.8483729517655,"monthly",3,4,4,1,1,3,4,3,1,5,2,-0.436691515665901,-1.30193373305479,-0.864525090430422,0.0206682600391986,1.49627553859954,3.36205359454453,2500.19232248634
7013414,2,1,17,2,1019667,32,17,"hourly",5,3,3,1,1,2,2,2,4,5,5,-2.09084160204673,0.714763212595312,-0.864525090430422,1.62919806308987,1.49627553859954,2.83321334405622,2357.33333333333
7013431,NA,1,26,1,1028293,34,26,"hourly",4,4,4,4,4,4,4,4,4,4,4,-0.436691515665901,-0.293585335855875,-0.264020662075569,0.0206682600391986,-0.567155289428958,3.25809653802148,3830.66666666667
7013435,NA,1,20,1,1015115,20,20,"hourly",2,4,4,4,1,3,2,4,4,4,4,0.114691846461042,0.714763212595312,-0.264020662075569,0.0206682600391986,0.980417831592419,2.99573227355399,1733.33333333333
7013468,1,2,1400,1,1027185,5,64.6203554119548,"monthly",1,3,3,3,5,5,2,5,2,5,5,1.76884193284187,0.714763212595312,0.936988194634136,-0.515508340977693,-0.567155289428958,4.16852946041148,1400.10770059235
8011044,2,2,3200,1,1027256,28,26.3756552701856,"monthly",4,4,1,2,4,3,1,5,3,2,5,-0.988074877792844,1.72311145854195,2.13799705134384,0.55684486105609,-1.59887070344321,3.27244143585484,3200.24617278252
8011045,NA,1,16,2,1026406,10,16,"hourly",3,4,4,1,4,3,2,5,5,3,3,-0.436691515665901,0.210589013995855,0.336483766279283,2.16537466410676,-1.08301299643608,2.77258872223978,693.333333333333
8011050,NA,1,24,2,1018208,20,24,"hourly",4,2,2,3,2,3,1,4,5,2,4,-0.988074877792844,0.210589013995855,0.936988194634136,1.09302146207298,-0.567155289428958,3.17805383034795,2080
8011060,1,2,3900,1,1019804,2,450.034618047542,"monthly",3,1,1,4,1,4,1,5,4,5,5,0.114691846461042,0.210589013995855,2.13799705134384,0.0206682600391986,1.49627553859954,6.10932450880002,3900.3000230787
8011079,NA,1,22,2,1028033,18,22,"hourly",3,2,5,3,1,5,4,4,3,5,3,0.666075208587985,-1.80610808290652,-0.864525090430422,0.0206682600391986,1.49627553859954,3.09104245335832,1716
8011105,NA,1,26,1,1018728,20,26,"hourly",4,3,4,3,5,4,3,4,4,3,4,-0.436691515665901,-0.293585335855875,-0.264020662075569,0.55684486105609,-1.59887070344321,3.25809653802148,2253.33333333333
8011110,NA,2,2000,1,1015719,3,153.857989076083,"monthly",3,3,3,4,1,3,3,5,3,5,4,-0.436691515665901,-0.293585335855875,0.936988194634136,-0.515508340977693,1.49627553859954,5.0360300281162,2000.15385798908
8011126,1,1,25,1,1027914,8,25,"hourly",2,4,3,3,2,4,2,4,2,3,4,0.666075208587985,0.714763212595312,0.336483766279283,-0.515508340977693,-0.0512975824218321,3.2188758248682,866.666666666667
8011129,NA,1,26,1,1027683,16,26,"hourly",3,4,3,3,1,3,2,3,2,5,5,-0.436691515665901,1.21893771369932,-0.264020662075569,-0.515508340977693,1.49627553859954,3.25809653802148,1802.66666666667
8011183,1,2,4840,1,1027613,9,124.11211118804,"monthly",3,3,2,4,2,3,2,3,2,4,4,-0.436691515665901,0.210589013995855,0.336483766279283,-1.05168494199458,0.464560124585293,4.82118527961669,4840.37233633356
8011190,NA,1,22,1,1028022,4,22,"hourly",3,3,3,3,3,3,3,3,3,3,3,-0.436691515665901,-0.797759534455332,-0.264020662075569,0.0206682600391986,-0.567155289428958,3.09104245335832,381.333333333333
8011200,1,1,20,1,1019023,8,20,"hourly",2,3,4,2,1,5,3,3,3,5,4,1.21745857071493,-0.293585335855875,-0.864525090430422,0.55684486105609,1.49627553859954,2.99573227355399,693.333333333333
8011204,NA,1,25,1,1018419,10,25,"hourly",1,2,3,4,5,5,3,2,1,1,1,1.76884193284187,-2.31028228150598,-0.864525090430422,-1.58786154301148,-2.63058611745746,3.2188758248682,1083.33333333333
8011210,NA,1,30,1,1000177,1,30,"hourly",2,4,3,3,3,3,2,3,2,4,3,0.114691846461042,0.210589013995855,-0.264020662075569,-0.515508340977693,-0.0512975824218321,3.40119738166216,130
8011219,1,2,4200,1,1027557,10,96.9305331179322,"monthly",1,3,4,1,1,4,3,3,3,4,4,1.21745857071493,-0.293585335855875,-0.864525090430422,1.09302146207298,0.980417831592419,4.57399456851964,4200.32310177706
8011262,NA,1,19,2,1026218,2,19,"hourly",3,4,2,4,2,3,2,5,1,4,5,-0.436691515665901,1.21893771369932,1.53749262298899,-1.58786154301148,0.464560124585293,2.94443897916644,164.666666666667
8011279,NA,1,10,2,1026627,50,10,"hourly",3,4,4,5,2,3,2,4,2,5,4,-0.436691515665901,0.714763212595312,-0.264020662075569,-1.58786154301148,0.980417831592419,2.30258509299405,2166.66666666667
8011282,1,2,800,2,1018612,16,11.5393491807062,"monthly",2,1,1,3,5,4,4,3,2,5,3,0.666075208587985,-2.31028228150598,0.936988194634136,-0.515508340977693,-0.567155289428958,2.44576286267037,800.06154319563
8011286,NA,2,2700,1,1018735,26,23.9663406060821,"monthly",1,3,3,4,3,4,3,4,2,3,2,1.21745857071493,-1.30193373305479,0.336483766279283,-1.05168494199458,-0.567155289428958,3.17665037121317,2700.20770828525
8011289,NA,2,3500,1,1028152,6,134.625740441572,"monthly",3,2,3,3,2,3,4,4,3,4,2,-0.436691515665901,-2.31028228150598,0.336483766279283,0.0206682600391986,0.464560124585293,4.90249863549168,3500.26925148087
8011291,NA,1,26,2,1027931,80,26,"hourly",3,3,3,3,1,3,2,3,4,4,5,-0.436691515665901,0.714763212595312,-0.264020662075569,0.55684486105609,0.980417831592419,3.25809653802148,9013.33333333333
8011316,1,1,26,1,1027449,5,26,"hourly",4,2,2,3,5,4,2,4,4,4,3,-0.436691515665901,-0.797759534455332,0.936988194634136,0.55684486105609,-1.08301299643608,3.25809653802148,563.333333333333
8011374,1,2,4200,1,1028477,4,242.32633279483,"monthly",4,5,4,5,3,4,1,3,1,5,4,-0.436691515665901,1.72311145854195,-0.864525090430422,-2.12403814402837,0.464560124585293,5.4902853003938,4200.32310177705
8011470,NA,1,11,2,1026648,3,11,"hourly",3,4,2,3,3,3,4,4,3,4,4,-0.436691515665901,-0.293585335855875,0.936988194634136,0.0206682600391986,-0.0512975824218321,2.39789527279837,143
8011484,NA,2,3000,2,1019328,38,18.2200250221677,"monthly",3,2,1,3,1,3,4,3,1,5,4,-0.436691515665901,-1.30193373305479,0.936988194634136,-1.05168494199458,1.49627553859954,2.90252126516609,3000.23078698361
8011485,1,1,19,2,1019810,35,19,"hourly",4,3,3,2,4,3,3,3,3,4,5,-0.988074877792844,0.210589013995855,-0.264020662075569,0.55684486105609,-0.567155289428958,2.94443897916644,2881.66666666667
8011487,1,2,3900,1,1018238,34,26.4726245910319,"monthly",1,3,4,4,1,5,2,4,3,5,5,1.76884193284187,0.714763212595312,-0.264020662075569,-0.515508340977693,1.49627553859954,3.2761111647438,3900.3000230787
8011515,NA,1,21,2,1027106,30,21,"hourly",4,4,1,3,4,4,2,5,4,3,4,-0.436691515665901,0.714763212595312,2.13799705134384,0.55684486105609,-1.08301299643608,3.04452243772342,2730
8011577,1,2,1500,2,1027298,1,346.180475421186,"monthly",2,2,3,3,2,4,2,5,2,2,5,0.666075208587985,0.210589013995855,0.936988194634136,-0.515508340977693,-0.567155289428958,5.84696024433253,1500.11539349181
8011585,NA,2,2000,1,1000143,40,11.5393491807062,"monthly",4,4,3,2,1,2,2,4,4,5,3,-1.53945823991979,0.210589013995855,0.336483766279283,1.09302146207298,1.49627553859954,2.44576286267037,2000.15385798907
8011608,1,2,900,2,1018185,10,20.7708285252712,"monthly",5,2,4,2,2,4,3,4,5,3,5,-0.988074877792844,-0.293585335855875,-0.264020662075569,1.62919806308987,-0.0512975824218321,3.03354952757249,900.069236095085
8011621,1,2,2560,1,1026038,25,23.6325871220863,"monthly",3,4,3,2,2,3,4,4,4,4,5,-0.436691515665901,0.210589013995855,0.336483766279283,1.09302146207298,0.464560124585293,3.16262656984763,2560.19693822602
8011654,NA,2,900,2,1018243,10,20.7708285252712,"monthly",3,5,2,1,4,4,3,2,5,2,3,0.114691846461042,0.210589013995855,-0.264020662075569,2.16537466410676,-1.59887070344321,3.03354952757249,900.069236095085
8011662,NA,2,400,1,1015594,3,30.7715978152166,"monthly",2,3,2,2,1,4,4,4,5,4,4,0.666075208587985,-0.797759534455332,0.936988194634136,1.62919806308987,0.980417831592419,3.4265921156821,400.030771597816
8011702,1,1,26,1,1026702,6,26,"hourly",4,3,5,2,4,3,4,2,4,3,5,-0.988074877792844,-0.293585335855875,-2.06553394714013,1.09302146207298,-1.08301299643608,3.25809653802148,676
8011709,NA,2,320,1,1020229,30,2.46172782521732,"monthly",2,4,3,3,2,4,2,4,2,4,5,0.666075208587985,1.21893771369932,0.336483766279283,-0.515508340977693,0.464560124585293,0.900863471373844,320.024617278252
8011730,NA,1,23,1,1019431,20,23,"hourly",3,5,3,4,3,3,2,4,4,4,4,-0.436691515665901,1.21893771369932,0.336483766279283,0.0206682600391986,-0.0512975824218321,3.13549421592915,1993.33333333333
8011758,NA,1,24,1,1026110,20,24,"hourly",5,4,4,3,3,1,3,4,2,4,3,-2.64222496417367,-0.293585335855875,-0.264020662075569,-0.515508340977693,-0.0512975824218321,3.17805383034795,2080
8011759,NA,2,900,2,1019747,2,103.854142626356,"monthly",2,4,2,2,1,5,2,3,4,5,4,1.21745857071493,0.714763212595312,0.336483766279283,1.09302146207298,1.49627553859954,4.64298744000659,900.069236095085
8011780,1,2,4200,2,1018630,45,21.5401184706516,"monthly",2,5,1,3,5,4,1,5,3,4,5,0.666075208587985,2.22728595964596,2.13799705134384,0.0206682600391986,-1.08301299643608,3.06991717174337,4200.32310177706
8011871,NA,1,40,1,1018924,10,40,"hourly",3,4,5,4,1,2,2,2,2,2,2,-0.988074877792844,-0.293585335855875,-2.06553394714013,-1.05168494199458,-0.0512975824218321,3.68887945411394,1733.33333333333
8011882,1,2,6600,1,1027076,21,72.5330519930104,"monthly",3,4,3,2,2,3,1,5,4,3,5,-0.436691515665901,1.72311145854195,0.936988194634136,1.09302146207298,-0.0512975824218321,4.28404234753332,6600.50773136395
8011893,NA,1,20,1,1015305,40,20,"hourly",3,3,2,4,4,4,2,4,2,4,4,0.114691846461042,0.210589013995855,0.936988194634136,-1.05168494199458,-0.567155289428958,2.99573227355399,3466.66666666667
8011898,1,1,38,1,1026749,32,38,"hourly",2,1,4,3,4,5,1,3,3,2,5,1.21745857071493,0.210589013995855,-0.864525090430422,0.0206682600391986,-1.59887070344321,3.63758615972639,5269.33333333333
8011910,1,2,3400,1,1019476,6,130.77929071467,"monthly",4,4,2,4,4,4,2,4,4,3,5,-0.436691515665901,1.21893771369932,0.936988194634136,0.0206682600391986,-1.08301299643608,4.87351109861843,3400.26155858142
8011937,1,2,4300,2,1020348,34,29.1877655747275,"monthly",3,4,3,3,4,4,2,4,2,2,4,0.114691846461042,0.714763212595312,0.336483766279283,-0.515508340977693,-1.59887070344321,3.37374963430772,4300.33079467652
8011940,NA,1,20,1,1027411,19,20,"hourly",5,4,5,4,3,2,4,3,5,3,3,-2.09084160204673,-0.797759534455332,-1.46502951878527,0.55684486105609,-0.567155289428958,2.99573227355399,1646.66666666667
8011942,3,2,4500,1,1027486,10,103.854142626356,"monthly",4,3,4,3,1,3,1,3,3,3,3,-0.988074877792844,0.210589013995855,-0.864525090430422,0.0206682600391986,0.464560124585293,4.64298744000659,4500.34618047543
8011943,NA,1,20,1,1018918,3,20,"hourly",4,2,5,3,5,2,2,2,4,3,2,-1.53945823991979,-1.30193373305479,-2.06553394714013,0.55684486105609,-1.59887070344321,2.99573227355399,260
8011951,1,1,23,1,1018509,6,23,"hourly",2,3,3,2,3,4,3,4,2,3,4,0.666075208587985,-0.293585335855875,0.336483766279283,0.0206682600391986,-0.567155289428958,3.13549421592915,598
8011964,1,1,21,2,1015291,1,21,"hourly",2,4,3,2,2,5,3,2,2,5,4,1.21745857071493,0.210589013995855,-0.864525090430422,0.0206682600391986,0.980417831592419,3.04452243772342,91
8011981,NA,1,18,2,1015126,8,18,"hourly",2,4,3,3,3,5,2,5,2,2,5,1.21745857071493,1.21893771369932,0.936988194634136,-0.515508340977693,-1.08301299643608,2.89037175789616,624
8012084,NA,2,2000,1,1018941,5,92.3147934456497,"monthly",5,3,3,3,5,5,2,5,3,3,5,-0.436691515665901,0.714763212595312,0.936988194634136,0.0206682600391986,-1.59887070344321,4.52520440435021,2000.15385798908
8012108,NA,2,2000,2,1027956,24,19.2322486345103,"monthly",3,4,NA,1,5,4,2,4,5,3,5,0.114691846461042,1.21893771369932,0.696786423292195,2.16537466410676,-1.59887070344321,2.95658848643636,2000.15385798907
8012133,1,2,4000,1,1027075,26,35.5056897867883,"monthly",4,5,3,3,5,3,3,4,4,4,5,-0.988074877792844,1.21893771369932,0.336483766279283,0.55684486105609,-1.08301299643608,3.56969295932277,4000.30771597815
8012134,NA,1,21,1,1026754,70,21,"hourly",3,3,3,4,2,3,1,4,3,4,5,-0.436691515665901,1.21893771369932,0.336483766279283,-0.515508340977693,0.464560124585293,3.04452243772342,6370
8012163,1,2,3600,2,1018985,33,25.1767618488135,"monthly",3,3,4,3,4,3,2,3,5,4,4,-0.436691515665901,0.210589013995855,-0.864525090430422,1.09302146207298,-0.567155289428958,3.22592142021995,3600.27694438033
8012202,NA,1,20,2,1015092,40,20,"hourly",5,3,1,3,2,4,2,5,3,5,5,-0.988074877792844,0.714763212595312,2.13799705134384,0.0206682600391986,0.980417831592419,2.99573227355399,3466.66666666667
8012262,NA,2,180,2,1015045,15,2.76944380336949,"monthly",3,3,1,2,2,4,3,5,3,5,5,0.114691846461042,0.210589013995855,2.13799705134384,0.55684486105609,0.980417831592419,1.01864650703023,180.013847219017
8012340,NA,1,20,2,1015451,40,20,"hourly",3,3,2,3,1,2,2,4,2,4,5,-0.988074877792844,0.714763212595312,0.936988194634136,-0.515508340977693,0.980417831592419,2.99573227355399,3466.66666666667
8012363,NA,2,2500,1,1026564,55,10.4903174370056,"monthly",1,3,3,4,4,5,2,3,2,3,4,1.76884193284187,0.210589013995855,-0.264020662075569,-1.05168494199458,-1.08301299643608,2.35045268286605,2500.19232248633
8012371,1,2,4800,1,1027467,10,110.77775213478,"monthly",2,4,4,3,3,4,3,3,3,5,5,0.666075208587985,0.714763212595312,-0.864525090430422,0.0206682600391986,0.464560124585293,4.70752596114416,4800.3692591738
8012406,1,1,24,2,1026672,35,24,"hourly",4,2,3,2,2,2,4,4,4,4,4,-1.53945823991979,-1.30193373305479,0.336483766279283,1.09302146207298,0.464560124585293,3.17805383034795,3640
8012411,NA,2,6000,1,1026548,20,69.2360950842372,"monthly",2,5,4,3,3,5,2,5,2,4,5,1.21745857071493,1.72311145854195,0.336483766279283,-0.515508340977693,-0.0512975824218321,4.23752233189843,6000.46157396722
8012420,NA,1,16,2,1015488,4,16,"hourly",3,3,2,4,2,3,3,4,3,4,4,-0.436691515665901,-0.293585335855875,0.936988194634136,-0.515508340977693,0.464560124585293,2.77258872223978,277.333333333333
8012454,2,1,24,1,1019001,8,24,"hourly",2,5,3,4,3,5,2,4,2,5,5,1.21745857071493,1.72311145854195,0.336483766279283,-1.05168494199458,0.464560124585293,3.17805383034795,832
8012505,1,2,3600,1,1018596,30,27.6944380336949,"monthly",3,2,3,2,4,4,4,3,4,5,3,0.114691846461042,-1.80610808290652,-0.264020662075569,1.09302146207298,-0.0512975824218321,3.32123160002427,3600.27694438034
8012525,NA,2,3000,NA,1019385,1,692.360950842373,"monthly",4,2,2,3,5,4,3,4,3,3,3,-0.436691515665901,-1.30193373305479,0.936988194634136,0.0206682600391986,-1.59887070344321,6.54010742489247,3000.23078698362
8012552,1,2,830,1,1019090,8,23.9441495499654,"monthly",4,2,4,2,2,3,3,4,4,5,4,-0.988074877792844,-0.797759534455332,-0.264020662075569,1.09302146207298,0.980417831592419,3.17572401635303,830.063851065467
8012562,3,1,20,2,1027117,6,20,"hourly",3,2,3,1,1,3,1,2,3,3,1,-0.436691515665901,-1.30193373305479,-0.864525090430422,1.09302146207298,0.464560124585293,2.99573227355399,520
8012588,NA,1,20,1,1026713,5,20,"hourly",3,3,4,3,3,4,2,4,2,4,3,0.114691846461042,-0.293585335855875,-0.264020662075569,-0.515508340977693,-0.0512975824218321,2.99573227355399,433.333333333333
8012604,NA,1,26,1,1020191,5,26,"hourly",4,4,2,2,5,3,2,4,3,4,4,-0.988074877792844,0.714763212595312,0.936988194634136,0.55684486105609,-1.08301299643608,3.25809653802148,563.333333333333
8012625,NA,1,12,NA,1019502,10,12,"hourly",3,2,3,1,2,3,4,5,4,4,3,-0.436691515665901,-1.80610808290652,0.936988194634136,1.62919806308987,0.464560124585293,2.484906649788,520
8012626,1,2,800,1,1027401,7,26.3756552701856,"monthly",4,4,2,4,3,3,2,3,2,4,4,-0.988074877792844,0.714763212595312,0.336483766279283,-1.05168494199458,-0.0512975824218321,3.27244143585484,800.06154319563
8012627,1,1,17,2,1027052,5,17,"hourly",4,2,2,2,5,3,3,5,3,1,4,-0.988074877792844,-0.797759534455332,1.53749262298899,0.55684486105609,-2.63058611745746,2.83321334405622,368.333333333333
8012636,1,1,23,2,1018352,5,23,"hourly",1,5,4,3,5,5,3,1,2,5,5,1.76884193284187,1.21893771369932,-2.06553394714013,-0.515508340977693,-0.567155289428958,3.13549421592915,498.333333333333
8012649,NA,1,30,1,1026484,6,30,"hourly",2,4,2,4,2,4,2,4,3,4,3,0.666075208587985,0.210589013995855,0.936988194634136,-0.515508340977693,0.464560124585293,3.40119738166216,780
8012658,1,1,21,1,1026042,4,21,"hourly",4,5,4,3,1,1,3,4,5,5,5,-2.09084160204673,1.21893771369932,-0.264020662075569,1.09302146207298,1.49627553859954,3.04452243772342,364
8012680,1,2,1800,1,1019085,5,83.0833141010847,"monthly",3,4,2,4,2,4,3,4,2,4,5,0.114691846461042,0.714763212595312,0.936988194634136,-1.05168494199458,0.464560124585293,4.41984388869238,1800.13847219017
8012698,NA,1,25,1,1026225,12,25,"hourly",3,5,3,3,3,5,3,3,3,5,5,0.666075208587985,1.21893771369932,-0.264020662075569,0.0206682600391986,0.464560124585293,3.2188758248682,1300
8012700,NA,2,3900,1,1028046,24,37.5028848372952,"monthly",4,3,3,3,4,3,2,2,4,5,4,-0.988074877792844,0.210589013995855,-0.864525090430422,0.55684486105609,-0.0512975824218321,3.62441785901202,3900.3000230787
8012734,NA,1,25,1,1027109,4,25,"hourly",2,3,3,2,2,5,3,4,2,4,4,1.21745857071493,-0.293585335855875,0.336483766279283,0.0206682600391986,0.464560124585293,3.2188758248682,433.333333333333
8012743,NA,2,1800,2,1019944,2,207.708285252712,"monthly",5,3,1,2,2,2,4,5,5,5,3,-2.09084160204673,-1.30193373305479,2.13799705134384,1.62919806308987,0.980417831592419,5.33613462056654,1800.13847219017
8012759,1,1,26,1,1027678,24,26,"hourly",1,2,1,4,1,4,3,4,3,5,4,1.21745857071493,-0.797759534455332,1.53749262298899,-0.515508340977693,1.49627553859954,3.25809653802148,2704
8012770,NA,2,4500,2,1018937,6,173.090237710593,"monthly",4,4,2,2,2,3,2,5,3,4,5,-0.988074877792844,1.21893771369932,1.53749262298899,0.55684486105609,0.464560124585293,5.15381306377258,4500.34618047542
8012781,NA,1,15,1,1019536,12,15,"hourly",4,3,3,2,1,3,2,1,2,4,5,-0.988074877792844,0.714763212595312,-1.46502951878527,0.0206682600391986,0.980417831592419,2.70805020110221,780
8012793,NA,2,2500,1,1028567,15,38.4644972690207,"monthly",4,2,2,4,1,3,3,4,4,3,5,-0.988074877792844,-0.293585335855875,0.936988194634136,0.0206682600391986,0.464560124585293,3.64973566699631,2500.19232248634
8012808,NA,2,2200,1,1027885,9,56.4145959945637,"monthly",2,4,4,3,2,4,2,2,3,5,3,0.666075208587985,0.210589013995855,-1.46502951878527,0.0206682600391986,0.980417831592419,4.03272791925242,2200.16924378798
8012823,1,2,4200,2,1028624,35,27.6944380336949,"monthly",3,3,3,4,4,4,4,3,3,4,5,0.114691846461042,-0.293585335855875,-0.264020662075569,-0.515508340977693,-0.567155289428958,3.32123160002427,4200.32310177706
8012844,1,2,2200,1,1019276,12,42.3109469959228,"monthly",2,4,4,4,1,4,2,3,1,5,4,0.666075208587985,0.714763212595312,-0.864525090430422,-1.58786154301148,1.49627553859954,3.74504584680063,2200.16924378799
8012878,NA,1,18,2,1015498,20,18,"hourly",5,3,4,1,1,2,3,3,5,3,4,-2.09084160204673,-0.293585335855875,-0.864525090430422,2.16537466410676,0.464560124585293,2.89037175789616,1560
8012883,NA,2,3000,2,1019547,6,115.393491807062,"monthly",3,5,5,3,3,4,4,3,4,5,4,0.114691846461042,0.210589013995855,-1.46502951878527,0.55684486105609,0.464560124585293,4.74834795566442,3000.23078698361
8012896,NA,1,48,1,1026954,3,48,"hourly",1,3,2,2,1,5,3,3,3,5,3,1.76884193284187,-0.797759534455332,0.336483766279283,0.55684486105609,1.49627553859954,3.87120101090789,624
8012897,NA,2,700,NA,1027831,34,4.75149672146726,"monthly",1,2,2,1,1,2,2,1,1,2,4,0.114691846461042,-0.293585335855875,-0.864525090430422,0.0206682600391986,-0.0512975824218321,1.55845966766947,700.053850296176
8012935,2,2,4200,1,1026546,25,38.7722132471729,"monthly",4,3,3,4,2,4,3,3,3,4,4,-0.436691515665901,-0.293585335855875,-0.264020662075569,-0.515508340977693,0.464560124585293,3.65770383664549,4200.32310177706
8012953,1,2,4200,2,1020041,3,323.101777059774,"monthly",4,4,4,2,2,3,2,3,4,3,4,-0.988074877792844,0.714763212595312,-0.864525090430422,1.09302146207298,-0.0512975824218321,5.77796737284558,4200.32310177706
8012957,1,2,2000,2,1018984,12,38.4644972690207,"monthly",3,4,3,3,1,4,3,3,3,4,4,0.114691846461042,0.210589013995855,-0.264020662075569,0.0206682600391986,0.980417831592419,3.64973566699631,2000.15385798908
8012976,1,2,3380,1,1020398,21,37.1457145055114,"monthly",3,4,4,4,3,4,3,5,4,4,5,0.114691846461042,0.714763212595312,0.336483766279283,0.0206682600391986,-0.0512975824218321,3.61484840799587,3380.26002000154
8012986,1,2,4100,1,1020107,5,189.245326563582,"monthly",4,4,4,4,4,4,4,4,4,4,4,-0.436691515665901,-0.293585335855875,-0.264020662075569,0.0206682600391986,-0.567155289428958,5.24304419750053,4100.31540887761
8012990,NA,2,200,1,1018672,9,5.12859963586943,"monthly",1,3,3,3,3,3,3,3,3,3,3,0.666075208587985,-0.797759534455332,-0.264020662075569,0.0206682600391986,-0.567155289428958,1.63483264645405,200.015385798908
8012999,NA,1,20,2,1019829,8,20,"hourly",1,4,3,1,2,5,3,5,4,4,4,1.76884193284187,0.210589013995855,0.936988194634136,1.62919806308987,0.464560124585293,2.99573227355399,693.333333333333
8013009,NA,1,25,1,1028091,30,25,"hourly",3,5,3,4,4,5,3,4,5,3,5,0.666075208587985,1.21893771369932,0.336483766279283,0.55684486105609,-1.08301299643608,3.2188758248682,3250
8013015,1,1,25,1,1027137,30,25,"hourly",3,4,2,3,2,5,3,4,4,5,5,0.666075208587985,0.714763212595312,0.936988194634136,0.55684486105609,0.980417831592419,3.2188758248682,3250
8013074,1,1,45,1,1020009,1,45,"hourly",3,3,3,2,1,3,2,4,4,4,4,-0.436691515665901,0.210589013995855,0.336483766279283,1.09302146207298,0.980417831592419,3.80666248977032,195
8013099,NA,1,50,1,1026140,8,50,"hourly",1,5,4,3,2,4,2,3,2,4,4,1.21745857071493,1.21893771369932,-0.864525090430422,-0.515508340977693,0.464560124585293,3.91202300542815,1733.33333333333
8013101,NA,2,2500,2,1026873,24,24.0403107931379,"monthly",4,5,2,3,2,2,3,4,4,4,5,-1.53945823991979,1.21893771369932,0.936988194634136,0.55684486105609,0.464560124585293,3.17973203775057,2500.19232248634
8013137,NA,1,16,1,1028460,16,16,"hourly",3,3,1,5,1,4,1,4,2,5,5,0.114691846461042,1.21893771369932,1.53749262298899,-1.58786154301148,1.49627553859954,2.77258872223978,1109.33333333333
8013218,1,1,20,1,1015810,1,20,"hourly",3,2,2,3,2,3,3,4,4,3,3,-0.436691515665901,-1.30193373305479,0.936988194634136,0.55684486105609,-0.0512975824218321,2.99573227355399,86.6666666666667
8013324,1,2,3000,1,1028527,35,19.7817414526392,"monthly",4,4,4,4,4,4,4,4,4,4,4,-0.436691515665901,-0.293585335855875,-0.264020662075569,0.0206682600391986,-0.567155289428958,2.98475936340306,3000.23078698361
8013329,1,2,4200,1,1018920,2,484.652665589661,"monthly",2,4,4,3,4,4,2,3,4,3,5,0.666075208587985,1.21893771369932,-0.864525090430422,0.55684486105609,-1.08301299643608,6.18343248095374,4200.32310177706
8013348,NA,1,19,1,1026951,15,19,"hourly",1,3,5,5,5,5,4,2,3,4,3,1.76884193284187,-1.30193373305479,-2.06553394714013,-1.05168494199458,-1.08301299643608,2.94443897916644,1235
8013369,NA,2,4100,1,1028177,34,27.8301950828797,"monthly",4,5,5,2,3,4,3,5,4,5,5,-0.436691515665901,1.21893771369932,-0.264020662075569,1.09302146207298,0.464560124585293,3.32612158531846,4100.31540887761
8013384,NA,2,1000,2,1020278,30,7.69289945380414,"monthly",1,1,1,1,1,1,1,1,1,1,1,-0.436691515665901,-1.80610808290652,-0.264020662075569,0.0206682600391986,-0.567155289428958,2.04029775456221,1000.07692899454
8013405,3,2,4000,2,1019893,20,46.1573967228248,"monthly",2,3,2,1,3,4,1,2,4,4,4,0.666075208587985,0.714763212595312,-0.264020662075569,1.62919806308987,-0.0512975824218321,3.83205722379026,4000.30771597815
8013421,NA,2,1200,2,1015104,8,34.6180475421186,"monthly",4,4,5,5,1,2,3,2,3,4,3,-1.53945823991979,-0.293585335855875,-2.06553394714013,-1.05168494199458,0.980417831592419,3.54437515133848,1200.09231479344
9011003,NA,1,17,1,1019243,8,17,"hourly",4,1,2,2,2,3,1,2,4,5,4,-0.988074877792844,-0.293585335855875,-0.264020662075569,1.09302146207298,0.980417831592419,2.83321334405622,589.333333333333
9011036,NA,2,1500,2,1019724,22,15.7354761555085,"monthly",3,2,2,5,4,5,5,5,2,4,4,0.666075208587985,-1.80610808290652,1.53749262298899,-1.58786154301148,-0.567155289428958,2.75591779097421,1500.11539349181
9011150,1,1,24,1,1018535,7,24,"hourly",3,4,3,3,1,3,3,3,4,4,5,-0.436691515665901,0.714763212595312,-0.264020662075569,0.55684486105609,0.980417831592419,3.17805383034795,728
9011160,NA,2,4000,2,1026333,2,461.573967228248,"monthly",5,5,3,2,5,1,1,4,5,5,5,-2.64222496417367,2.22728595964596,0.336483766279283,1.62919806308987,-0.567155289428958,6.13464231678431,4000.30771597815
9011161,NA,1,28,1,1028043,15,28,"hourly",4,4,1,3,5,5,4,3,3,3,4,0.114691846461042,-0.293585335855875,0.936988194634136,0.0206682600391986,-1.59887070344321,3.3322045101752,1820
9011185,NA,1,22,2,1019096,6,22,"hourly",2,4,4,2,4,4,4,3,2,3,4,0.666075208587985,-0.293585335855875,-0.864525090430422,0.0206682600391986,-1.08301299643608,3.09104245335832,572
9011214,1,1,25,1,1026142,2,25,"hourly",3,4,2,4,1,4,2,4,2,5,5,0.114691846461042,1.21893771369932,0.936988194634136,-1.05168494199458,1.49627553859954,3.2188758248682,216.666666666667
9011248,NA,2,3000,2,1020269,80,8.65451188552966,"monthly",3,2,4,2,4,3,4,4,4,2,3,-0.436691515665901,-1.80610808290652,-0.264020662075569,1.09302146207298,-1.59887070344321,2.15808079021859,3000.23078698361
9011284,NA,2,3300,1,1026064,35,21.7599155979031,"monthly",4,5,2,2,3,2,2,4,5,2,5,-1.53945823991979,1.72311145854195,0.936988194634136,1.62919806308987,-1.08301299643608,3.08006954320739,3300.25386568197
9011290,1,1,22,1,1028632,13,22,"hourly",1,4,3,5,1,5,1,3,1,5,5,1.76884193284187,1.72311145854195,-0.264020662075569,-2.12403814402837,1.49627553859954,3.09104245335832,1239.33333333333
9011307,NA,1,30,NA,1018503,30,30,"hourly",3,4,3,4,2,4,2,4,2,4,4,0.114691846461042,0.714763212595312,0.336483766279283,-1.05168494199458,0.464560124585293,3.40119738166216,3900
9011340,1,1,29,1,1018464,20,29,"hourly",3,5,3,2,2,4,1,5,3,4,4,0.114691846461042,1.72311145854195,0.936988194634136,0.55684486105609,0.464560124585293,3.36729582998647,2513.33333333333
9011376,NA,1,26,1,1026062,16,26,"hourly",5,3,4,3,1,4,1,4,5,5,3,-0.988074877792844,0.210589013995855,-0.264020662075569,1.09302146207298,1.49627553859954,3.25809653802148,1802.66666666667
9011431,1,1,25,1,1018899,25,25,"hourly",4,4,4,4,3,4,4,4,4,4,4,-0.436691515665901,-0.293585335855875,-0.264020662075569,0.0206682600391986,-0.0512975824218321,3.2188758248682,2708.33333333333
9011466,1,2,4200,1,1020328,15,64.6203554119548,"monthly",2,3,3,3,4,4,2,3,2,3,3,0.666075208587985,-0.293585335855875,-0.264020662075569,-0.515508340977693,-1.08301299643608,4.16852946041148,4200.32310177706
9011476,NA,2,4300,1,1026475,30,33.0794676513578,"monthly",4,4,3,4,4,4,2,5,1,2,5,-0.436691515665901,1.21893771369932,0.936988194634136,-1.58786154301148,-1.59887070344321,3.49891277726173,4300.33079467651
9011487,1,2,3000,1,1018981,32,21.6362797138241,"monthly",4,5,4,3,3,4,2,3,4,5,5,-0.436691515665901,1.72311145854195,-0.864525090430422,0.55684486105609,0.464560124585293,3.07437152209275,3000.23078698361
9011504,1,2,3900,1,1019940,32,28.1271636279714,"monthly",4,3,4,4,1,3,4,4,3,5,4,-0.988074877792844,-0.797759534455332,-0.264020662075569,-0.515508340977693,1.49627553859954,3.33673578656024,3900.3000230787
9011529,1,2,880,2,1018434,12,16.9243787983691,"monthly",2,2,3,4,1,4,1,5,1,5,4,0.666075208587985,0.210589013995855,0.936988194634136,-1.58786154301148,1.49627553859954,2.82875511492648,880.067697515193
9011548,1,1,25,1,1019740,32,25,"hourly",5,4,2,3,4,4,4,4,4,4,5,-0.988074877792844,0.210589013995855,0.936988194634136,0.55684486105609,-0.567155289428958,3.2188758248682,3466.66666666667
9011559,NA,1,21,1,1028282,15,21,"hourly",4,2,5,3,3,3,2,4,2,5,5,-0.988074877792844,0.210589013995855,-0.864525090430422,-0.515508340977693,0.464560124585293,3.04452243772342,1365
9011620,NA,2,2400,1,1026927,24,23.0786983614124,"monthly",3,5,5,2,2,3,3,1,4,5,4,-0.436691515665901,0.714763212595312,-2.66603837549498,1.09302146207298,0.980417831592419,3.13891004323032,2400.18462958689
9011624,NA,1,25,1,1020217,16,25,"hourly",3,2,2,3,4,4,3,4,3,4,5,0.114691846461042,-0.293585335855875,0.936988194634136,0.0206682600391986,-0.567155289428958,3.2188758248682,1733.33333333333
9011713,1,1,20,2,1028547,6,20,"hourly",3,3,4,4,4,3,3,3,3,4,4,-0.436691515665901,-0.293585335855875,-0.864525090430422,-0.515508340977693,-0.567155289428958,2.99573227355399,520
9011776,1,2,4400,1,1019624,3,338.487575967382,"monthly",3,5,2,4,5,3,2,5,2,2,5,-0.436691515665901,1.72311145854195,1.53749262298899,-1.05168494199458,-2.11472841045033,5.82448738848047,4400.33848757597
9011787,NA,1,18,1,1018190,40,18,"hourly",3,4,2,4,2,4,2,4,2,4,4,0.114691846461042,0.714763212595312,0.936988194634136,-1.05168494199458,0.464560124585293,2.89037175789616,3120
9011859,1,1,27,1,1019173,24,27,"hourly",4,5,3,3,2,5,2,4,2,4,3,0.114691846461042,0.714763212595312,0.336483766279283,-0.515508340977693,0.464560124585293,3.29583686600433,2808
9011885,1,2,450,2,1019078,9,11.5393491807062,"monthly",4,4,5,2,1,3,4,2,3,5,4,-0.988074877792844,-0.293585335855875,-2.06553394714013,0.55684486105609,1.49627553859954,2.44576286267037,450.034618047542
9011900,NA,1,20,1,1026020,30,20,"hourly",2,1,5,2,3,3,4,4,5,3,3,0.114691846461042,-2.31028228150598,-0.864525090430422,1.62919806308987,-0.567155289428958,2.99573227355399,2600
9011907,NA,1,28,1,1018916,24,28,"hourly",3,3,2,3,3,3,2,3,4,3,3,-0.436691515665901,-0.293585335855875,0.336483766279283,0.55684486105609,-0.567155289428958,3.3322045101752,2912
9011912,1,2,4500,1,1028127,7,148.363060894794,"monthly",2,4,4,5,5,5,4,4,2,3,4,1.21745857071493,-0.293585335855875,-0.264020662075569,-1.58786154301148,-1.59887070344321,4.99966238394533,4500.34618047542
9011918,1,1,25,2,1018513,10,25,"hourly",1,3,4,3,1,4,2,3,1,5,3,1.21745857071493,-0.293585335855875,-0.864525090430422,-1.05168494199458,1.49627553859954,3.2188758248682,1083.33333333333
9011932,1,2,4400,1,1026144,28,36.2665259965052,"monthly",5,3,2,2,3,3,4,5,4,5,5,-1.53945823991979,-0.293585335855875,1.53749262298899,1.09302146207298,0.464560124585293,3.59089516697338,4400.33848757596
9011940,1,1,21,2,1026859,10,21,"hourly",3,2,4,3,4,4,4,5,3,5,2,0.114691846461042,-2.31028228150598,0.336483766279283,0.0206682600391986,-0.0512975824218321,3.04452243772342,910
9011962,NA,1,23,1,1026111,4,23,"hourly",2,3,2,3,4,4,2,4,3,4,4,0.666075208587985,0.210589013995855,0.936988194634136,0.0206682600391986,-0.567155289428958,3.13549421592915,398.666666666667
9012050,1,1,20,2,1018914,32,20,"hourly",3,5,3,2,5,3,4,4,5,2,4,-0.436691515665901,0.210589013995855,0.336483766279283,1.62919806308987,-2.11472841045033,2.99573227355399,2773.33333333333
9012072,1,2,2600,2,1028277,2,300.023078698361,"monthly",2,4,3,4,2,4,2,3,2,2,4,0.666075208587985,0.714763212595312,-0.264020662075569,-1.05168494199458,-0.567155289428958,5.70385940069186,2600.2000153858
9012094,NA,2,1700,1,1027045,17,23.0786983614124,"monthly",4,2,3,4,3,4,1,4,4,5,5,-0.436691515665901,0.714763212595312,0.336483766279283,0.0206682600391986,0.464560124585293,3.13891004323032,1700.13077929071
9012120,1,1,25,1,1028038,40,25,"hourly",2,1,3,4,4,4,3,2,2,5,4,0.666075208587985,-1.30193373305479,-0.864525090430422,-1.05168494199458,-0.0512975824218321,3.2188758248682,4333.33333333333
9012243,NA,1,18,2,1018024,20,18,"hourly",3,5,5,3,4,4,4,3,5,5,4,0.114691846461042,0.210589013995855,-1.46502951878527,1.09302146207298,-0.0512975824218321,2.89037175789616,1560
9012299,NA,1,55,2,1018568,40,55,"hourly",4,3,3,4,3,2,4,4,3,3,4,-1.53945823991979,-0.797759534455332,0.336483766279283,-0.515508340977693,-0.567155289428958,4.00733318523247,9533.33333333333
9012309,1,2,2000,1,1027797,30,15.3857989076083,"monthly",3,4,2,3,2,5,1,5,1,5,5,0.666075208587985,1.72311145854195,1.53749262298899,-1.05168494199458,0.980417831592419,2.73344493512215,2000.15385798908
9012313,NA,1,20,1,1027346,15,20,"hourly",1,3,4,2,1,5,3,5,4,4,3,1.76884193284187,-0.797759534455332,0.336483766279283,1.09302146207298,0.980417831592419,2.99573227355399,1300
9012315,1,1,20,1,1018900,12,20,"hourly",4,1,2,3,1,3,2,4,2,4,4,-0.988074877792844,-0.797759534455332,0.936988194634136,-0.515508340977693,0.980417831592419,2.99573227355399,1040
9012347,NA,2,3500,2,1027322,3,269.251480883145,"monthly",3,3,3,3,3,3,3,3,3,3,3,-0.436691515665901,-0.797759534455332,-0.264020662075569,0.0206682600391986,-0.567155289428958,5.59564581605162,3500.26925148089
9012395,NA,1,60,NA,1028604,18,60,"hourly",4,3,3,3,1,2,1,5,5,4,3,-1.53945823991979,0.210589013995855,0.936988194634136,1.09302146207298,0.980417831592419,4.0943445622221,4680
9012441,1,2,4200,1,1026531,25,38.7722132471729,"monthly",3,4,3,4,2,3,2,4,3,3,3,-0.436691515665901,0.210589013995855,0.336483766279283,-0.515508340977693,-0.0512975824218321,3.65770383664549,4200.32310177706
9012445,NA,1,20,1,1027555,30,20,"hourly",2,3,4,2,2,5,3,1,2,4,5,1.21745857071493,0.210589013995855,-2.06553394714013,0.0206682600391986,0.464560124585293,2.99573227355399,2600
9012458,NA,1,23,1,1019463,5,23,"hourly",4,3,5,3,2,3,3,3,4,2,4,-0.988074877792844,-0.293585335855875,-1.46502951878527,0.55684486105609,-0.567155289428958,3.13549421592915,498.333333333333
9012473,NA,1,30,1,1019426,35,30,"hourly",3,3,5,5,4,4,1,2,2,3,3,0.114691846461042,0.210589013995855,-2.06553394714013,-1.58786154301148,-1.08301299643608,3.40119738166216,4550
9012478,NA,1,25,2,1026280,20,25,"hourly",3,3,3,1,1,5,1,4,4,5,5,0.666075208587985,1.21893771369932,0.336483766279283,1.62919806308987,1.49627553859954,3.2188758248682,2166.66666666667
9012491,NA,1,250,1,1015930,4,250,"hourly",1,5,3,3,1,5,1,3,2,3,2,1.76884193284187,0.714763212595312,-0.264020662075569,-0.515508340977693,0.464560124585293,5.52146091786225,4333.33333333333
9012535,1,2,3000,1,1026456,2,346.180475421186,"monthly",3,4,2,4,2,5,2,5,2,4,5,0.666075208587985,1.21893771369932,1.53749262298899,-1.05168494199458,0.464560124585293,5.84696024433253,3000.23078698361
9012563,NA,1,21,1,1027512,12,21,"hourly",3,4,2,4,2,4,1,5,2,5,5,0.114691846461042,1.72311145854195,1.53749262298899,-1.05168494199458,0.980417831592419,3.04452243772342,1092
9012567,1,2,4100,1,1028418,2,473.113316408955,"monthly",2,3,4,4,4,4,3,4,2,5,5,0.666075208587985,0.210589013995855,-0.264020662075569,-1.05168494199458,-0.0512975824218321,6.15933492937468,4100.31540887761
9012573,NA,1,22,1,1018256,35,22,"hourly",4,4,4,4,3,3,4,4,3,4,3,-0.988074877792844,-0.797759534455332,-0.264020662075569,-0.515508340977693,-0.0512975824218321,3.09104245335832,3336.66666666667
9012594,NA,1,22,1,1019960,2,22,"hourly",3,3,3,2,3,4,3,4,2,3,5,0.114691846461042,0.210589013995855,0.336483766279283,0.0206682600391986,-0.567155289428958,3.09104245335832,190.666666666667
9012602,NA,1,20,2,1027690,40,20,"hourly",4,4,3,2,2,5,2,4,4,4,5,0.114691846461042,1.21893771369932,0.336483766279283,1.09302146207298,0.464560124585293,2.99573227355399,3466.66666666667
9012641,NA,2,3000,1,1000207,28,24.727176815799,"monthly",3,4,3,4,4,3,2,4,3,4,4,-0.436691515665901,0.714763212595312,0.336483766279283,-0.515508340977693,-0.567155289428958,3.20790291471727,3000.23078698361
9012660,NA,1,23,1,1028331,25,23,"hourly",2,2,3,4,5,4,3,5,2,4,5,0.666075208587985,-0.293585335855875,0.936988194634136,-1.05168494199458,-1.08301299643608,3.13549421592915,2491.66666666667
9012682,1,1,24,2,1018652,35,24,"hourly",4,4,2,2,3,2,2,4,4,3,4,-1.53945823991979,0.714763212595312,0.936988194634136,1.09302146207298,-0.567155289428958,3.17805383034795,3640
9012708,NA,2,3300,1,1026532,26,29.2921940741004,"monthly",5,4,2,4,1,4,2,4,2,4,5,-0.988074877792844,1.21893771369932,0.936988194634136,-1.05168494199458,0.980417831592419,3.37732106667532,3300.25386568198
9012744,NA,2,4000,1,1019991,37,24.9499441744999,"monthly",1,4,5,4,3,5,4,3,4,5,5,1.76884193284187,0.210589013995855,-1.46502951878527,0.0206682600391986,0.464560124585293,3.21687158470003,4000.30771597815
9012869,1,2,2300,2,1019192,1,530.810062312486,"monthly",3,5,2,2,4,3,4,4,3,5,5,-0.436691515665901,0.714763212595312,0.936988194634136,0.55684486105609,-0.0512975824218321,6.27440425915947,2300.17693668744
9012879,1,1,25,1,1015509,28,25,"hourly",4,4,2,3,3,2,2,5,3,5,5,-1.53945823991979,1.21893771369932,1.53749262298899,0.0206682600391986,0.464560124585293,3.2188758248682,3033.33333333333
9012883,1,2,2600,1,1028218,6,100.007692899454,"monthly",3,3,4,3,3,4,2,3,5,4,5,0.114691846461042,0.714763212595312,-0.864525090430422,1.09302146207298,-0.0512975824218321,4.60524711202375,2600.2000153858
9012919,NA,2,2400,1,1018359,45,12.3086391260866,"monthly",2,4,3,2,2,4,3,4,2,4,3,0.666075208587985,-0.293585335855875,0.336483766279283,0.0206682600391986,0.464560124585293,2.51030138380794,2400.18462958689
9012924,2,2,4000,1,1026679,12,76.9289945380414,"monthly",1,5,5,5,5,5,5,5,5,5,5,1.76884193284187,0.210589013995855,-0.264020662075569,0.0206682600391986,-0.567155289428958,4.34288284755625,4000.30771597815
9012927,NA,2,4200,1,1027463,18,53.850296176629,"monthly",4,4,2,2,5,3,4,5,3,1,2,-0.988074877792844,-1.30193373305479,1.53749262298899,0.55684486105609,-2.63058611745746,3.98620790361752,4200.32310177706
9012942,1,2,4800,1,1019137,20,55.3888760673898,"monthly",3,2,1,1,2,5,2,1,1,5,5,0.666075208587985,0.210589013995855,-0.264020662075569,0.0206682600391986,0.980417831592419,4.01437878058422,4800.36925917378
9012994,NA,2,400,2,1026614,18,5.12859963586943,"monthly",2,3,2,2,1,4,2,3,4,4,5,0.666075208587985,0.714763212595312,0.336483766279283,1.09302146207298,0.980417831592419,1.63483264645405,400.030771597816
9013081,NA,1,21,1,1015842,6,21,"hourly",3,1,3,3,1,2,3,3,2,5,2,-0.988074877792844,-2.31028228150598,-0.264020662075569,-0.515508340977693,1.49627553859954,3.04452243772342,546
9013099,NA,1,21,1,1015603,20,21,"hourly",1,2,2,3,3,4,2,3,3,2,4,1.21745857071493,-0.293585335855875,0.336483766279283,0.0206682600391986,-1.08301299643608,3.04452243772342,1820
9013148,NA,1,21,1,1027671,10,21,"hourly",2,4,3,5,4,4,5,2,5,3,1,0.666075208587985,-2.31028228150598,-0.864525090430422,0.0206682600391986,-1.08301299643608,3.04452243772342,910
9013194,1,1,25,1,1026355,1,25,"hourly",4,4,4,3,2,4,3,3,4,4,4,-0.436691515665901,0.210589013995855,-0.864525090430422,0.55684486105609,0.464560124585293,3.2188758248682,108.333333333333
9013206,1,1,30,2,1026988,3,30,"hourly",3,4,1,2,1,4,3,4,4,4,5,0.114691846461042,0.714763212595312,1.53749262298899,1.09302146207298,0.980417831592419,3.40119738166216,390
9013220,1,1,22,1,1027375,12,22,"hourly",3,2,5,3,4,4,2,3,2,4,3,0.114691846461042,-0.797759534455332,-1.46502951878527,-0.515508340977693,-0.567155289428958,3.09104245335832,1144
9013237,1,2,4000,1,1019700,90,10.2571992717389,"monthly",2,5,3,4,3,5,3,2,2,4,4,1.21745857071493,0.714763212595312,-0.864525090430422,-1.05168494199458,-0.0512975824218321,2.32797982701399,4000.30771597817
9013245,NA,2,3040,1,1028194,32,21.9247634433418,"monthly",2,4,4,4,1,4,4,3,2,4,3,0.666075208587985,-0.797759534455332,-0.864525090430422,-1.05168494199458,0.980417831592419,3.08761674884277,3040.2338641434
9013269,NA,1,15,1,1027219,20,15,"hourly",3,5,3,4,1,3,2,2,3,4,4,-0.436691515665901,1.21893771369932,-0.864525090430422,-0.515508340977693,0.980417831592419,2.70805020110221,1300
9013271,NA,1,18,1,1015171,35,18,"hourly",2,4,4,1,1,5,2,4,5,5,3,1.21745857071493,0.210589013995855,-0.264020662075569,2.16537466410676,1.49627553859954,2.89037175789616,2730
9013287,NA,2,1300,NA,1015388,22,13.6374126681073,"monthly",5,3,2,3,3,3,3,4,4,3,3,-1.53945823991979,-0.797759534455332,0.936988194634136,0.55684486105609,-0.567155289428958,2.61281694733354,1300.1000076929
9013290,NA,1,21,1,1026893,38,21,"hourly",5,4,4,1,1,2,3,4,1,5,3,-2.09084160204673,-0.293585335855875,-0.264020662075569,0.0206682600391986,1.49627553859954,3.04452243772342,3458
9013351,1,1,24,2,1018583,30,24,"hourly",3,2,4,4,3,3,1,2,3,4,5,-0.436691515665901,0.714763212595312,-1.46502951878527,-0.515508340977693,-0.0512975824218321,3.17805383034795,3120
9013361,1,1,22,1,1027943,30,22,"hourly",1,4,3,3,3,3,4,4,2,3,1,0.666075208587985,-1.80610808290652,0.336483766279283,-0.515508340977693,-0.567155289428958,3.09104245335832,2860
9013363,NA,2,1800,1,1000182,35,11.8690448715835,"monthly",4,4,4,4,2,3,2,4,3,5,4,-0.988074877792844,0.714763212595312,-0.264020662075569,-0.515508340977693,0.980417831592419,2.47393373963707,1800.13847219016
9013370,1,2,2500,2,1026352,4,144.241864758828,"monthly",3,2,3,4,4,4,3,4,3,3,3,0.114691846461042,-1.30193373305479,0.336483766279283,-0.515508340977693,-1.08301299643608,4.97149150697863,2500.19232248635
9013379,1,1,23,2,1026520,6,23,"hourly",4,4,3,3,2,4,3,3,4,4,4,-0.436691515665901,0.210589013995855,-0.264020662075569,0.55684486105609,0.464560124585293,3.13549421592915,598
9013393,NA,1,46,1,1026544,2,46,"hourly",2,4,2,3,3,4,2,4,2,3,4,0.666075208587985,0.714763212595312,0.936988194634136,-0.515508340977693,-0.567155289428958,3.8286413964891,398.666666666667
9013402,NA,2,2700,2,1027764,30,20.7708285252712,"monthly",2,2,4,3,4,4,3,3,3,4,4,0.666075208587985,-0.797759534455332,-0.864525090430422,0.0206682600391986,-0.567155289428958,3.03354952757249,2700.20770828526
9013453,NA,1,40,1,1027416,8,40,"hourly",4,4,3,5,1,3,4,2,4,5,3,-0.988074877792844,-0.797759534455332,-0.864525090430422,-0.515508340977693,1.49627553859954,3.68887945411394,1386.66666666667
9013499,1,2,3400,2,1020385,30,26.1558581429341,"monthly",3,4,4,4,2,4,3,4,2,4,4,0.114691846461042,0.210589013995855,-0.264020662075569,-1.05168494199458,0.464560124585293,3.26407318618433,3400.26155858143
