resp_id,sala_init_eq,salacat_init,salaam_init,sala4_init,epinr,jobh,wage_hourly,pay_type,t0bigfive1,t0bigfive2,t0bigfive3,t0bigfive4,t0bigfive5,t0bigfive6,t0bigfive7,t0bigfive8,t0bigfive9,t0bigfive10,t0bigfive11,t0big5_e_comp,t0big5_a_comp,t0big5_c_comp,t0big5_n_comp,t0big5_o_comp,log_wage,monthly_salary,log_monthly
1011027,,1,35,1.0,1026940,30,35.0,hourly,2.0,3.0,3.0,3.0,2.0,4.0,3.0,3.0,2.0,3.0,3.0,0.666075208587985,-0.797759534455332,-0.264020662075569,-0.515508340977693,-0.0512975824218321,3.55534806148941,4550.0,8.422882511944996
1011079,2.0,2,1700,2.0,1027399,2,196.168936072006,monthly,1.0,3.0,5.0,2.0,5.0,4.0,2.0,5.0,2.0,5.0,2.0,1.21745857071493,-0.797759534455332,-0.264020662075569,0.0206682600391986,-0.567155289428958,5.27897620672659,1700.13077929072,7.438460456079965
1011106,,2,3200,1.0,1018598,32,23.0786983614124,monthly,2.0,4.0,5.0,4.0,4.0,5.0,2.0,4.0,3.0,3.0,5.0,1.21745857071493,1.21893771369932,-0.864525090430422,-0.515508340977693,-1.08301299643608,3.13891004323032,3200.24617278252,8.070983014823472
1011121,1.0,2,4500,1.0,1026472,8,129.817678282945,monthly,2.0,4.0,5.0,2.0,3.0,5.0,4.0,4.0,5.0,4.0,4.0,1.21745857071493,-0.293585335855875,-0.864525090430422,1.62919806308987,-0.0512975824218321,4.8661309913208,4500.34618047543,8.411909601794068
1011133,1.0,2,3000,1.0,1027925,10,69.2360950842372,monthly,2.0,3.0,3.0,4.0,5.0,5.0,4.0,3.0,4.0,4.0,4.0,1.21745857071493,-0.797759534455332,-0.264020662075569,0.0206682600391986,-1.08301299643608,4.23752233189843,3000.23078698361,8.0064444936859
1011161,,2,400,2.0,1019642,1,92.3147934456497,monthly,3.0,4.0,5.0,5.0,4.0,3.0,4.0,3.0,3.0,4.0,3.0,-0.436691515665901,-0.797759534455332,-1.46502951878527,-1.05168494199458,-0.567155289428958,4.52520440435021,400.030771597815,5.991541473143636
1011266,,1,29,1.0,1028601,26,29.0,hourly,4.0,4.0,2.0,3.0,4.0,4.0,2.0,4.0,4.0,3.0,4.0,-0.436691515665901,0.714763212595312,0.936988194634136,0.55684486105609,-1.08301299643608,3.36729582998647,3267.33333333333,8.091729436801382
1011270,,1,20,2.0,1027083,35,20.0,hourly,4.0,3.0,2.0,4.0,3.0,4.0,3.0,4.0,5.0,4.0,4.0,-0.436691515665901,-0.293585335855875,0.936988194634136,0.55684486105609,-0.0512975824218321,2.99573227355399,3033.33333333333,8.01741740383683
1011295,1.0,2,4300,2.0,1019210,5,198.476805908147,monthly,4.0,5.0,2.0,4.0,4.0,1.0,3.0,2.0,3.0,5.0,5.0,-2.09084160204673,1.21893771369932,-0.264020662075569,-0.515508340977693,-0.0512975824218321,5.29067224648978,4300.33079467652,8.36644722771731
1011305,1.0,2,4500,1.0,1026999,36,28.8483729517655,monthly,3.0,4.0,3.0,4.0,1.0,4.0,1.0,1.0,5.0,5.0,4.0,0.114691846461042,1.21893771369932,-1.46502951878527,0.55684486105609,1.49627553859954,3.36205359454453,4500.34618047542,8.411909601794065
1011347,,2,2000,,1020262,9,51.2859963586943,monthly,3.0,3.0,3.0,3.0,3.0,3.0,3.0,3.0,3.0,3.0,3.0,-0.436691515665901,-0.797759534455332,-0.264020662075569,0.0206682600391986,-0.567155289428958,3.93741773944809,2000.15385798908,7.600979385577739
1011394,,1,62,1.0,1027187,8,62.0,hourly,4.0,2.0,4.0,4.0,1.0,4.0,3.0,4.0,5.0,4.0,4.0,-0.436691515665901,-0.797759534455332,-0.264020662075569,0.55684486105609,0.980417831592419,4.12713438504509,2149.33333333333,7.672912995518353
1011415,,1,20,2.0,1028434,5,20.0,hourly,5.0,3.0,1.0,2.0,4.0,4.0,2.0,4.0,5.0,5.0,5.0,-0.988074877792844,0.714763212595312,1.53749262298899,1.62919806308987,-0.0512975824218321,2.99573227355399,433.333333333333,6.071507254781517
1011423,,2,1000,1.0,1026366,3,76.9289945380414,monthly,2.0,4.0,5.0,1.0,3.0,4.0,3.0,2.0,5.0,5.0,4.0,0.666075208587985,0.210589013995855,-2.06553394714013,2.16537466410676,0.464560124585293,4.34288284755625,1000.07692899454,6.907832205017794
1011508,1.0,2,2550,1.0,1026450,2,294.253404108008,monthly,4.0,3.0,2.0,4.0,3.0,2.0,2.0,4.0,2.0,4.0,4.0,-1.53945823991979,0.210589013995855,0.936988194634136,-1.05168494199458,-0.0512975824218321,5.68444131483475,2550.19616893607,7.843925564188126
1011511,2.0,1,13,1.0,1028411,2,13.0,hourly,2.0,4.0,3.0,1.0,1.0,5.0,2.0,4.0,5.0,5.0,5.0,1.21745857071493,1.21893771369932,0.336483766279283,2.16537466410676,1.49627553859954,2.56494935746154,112.666666666667,4.724433606814912
1011516,,1,26,1.0,1018665,40,26.0,hourly,4.0,4.0,4.0,4.0,4.0,4.0,4.0,4.0,4.0,4.0,4.0,-0.436691515665901,-0.293585335855875,-0.264020662075569,0.0206682600391986,-0.567155289428958,3.25809653802148,4506.66666666667,8.413313060928846
1011586,,2,2000,2.0,1015549,3,153.857989076083,monthly,5.0,3.0,3.0,2.0,3.0,4.0,2.0,4.0,5.0,4.0,5.0,-0.988074877792844,0.714763212595312,0.336483766279283,1.62919806308987,-0.0512975824218321,5.0360300281162,2000.15385798908,7.600979385577739
1011588,,1,20,2.0,1026335,3,20.0,hourly,3.0,5.0,1.0,2.0,1.0,4.0,1.0,5.0,2.0,4.0,5.0,0.114691846461042,2.22728595964596,2.13799705134384,0.0206682600391986,0.980417831592419,2.99573227355399,260.0,5.560681631015528
1011589,,1,30,2.0,1015014,10,30.0,hourly,4.0,4.0,3.0,4.0,2.0,3.0,2.0,3.0,4.0,5.0,4.0,-0.988074877792844,0.714763212595312,-0.264020662075569,0.0206682600391986,0.980417831592419,3.40119738166216,1300.0,7.170119543449628
1011593,1.0,2,3800,2.0,1026961,20,43.8495268866836,monthly,4.0,3.0,3.0,4.0,5.0,5.0,2.0,3.0,2.0,4.0,5.0,0.114691846461042,0.714763212595312,-0.264020662075569,-1.05168494199458,-1.08301299643608,3.78076392940271,3800.29233017925,8.242833271750133
1011606,,2,300,2.0,1026351,8,8.65451188552966,monthly,3.0,3.0,1.0,4.0,1.0,5.0,1.0,4.0,1.0,4.0,5.0,0.666075208587985,1.21893771369932,1.53749262298899,-1.58786154301148,0.980417831592419,2.15808079021859,300.023078698362,5.703859400691858
1011612,,2,3600,1.0,1027528,33,25.1767618488135,monthly,2.0,3.0,2.0,2.0,4.0,4.0,2.0,3.0,3.0,3.0,5.0,0.666075208587985,0.714763212595312,0.336483766279283,0.55684486105609,-1.08301299643608,3.22592142021995,3600.27694438033,8.188766050479854
1011668,,1,20,2.0,1018079,4,20.0,hourly,4.0,3.0,5.0,5.0,1.0,3.0,4.0,3.0,4.0,5.0,4.0,-0.988074877792844,-0.797759534455332,-1.46502951878527,-0.515508340977693,1.49627553859954,2.99573227355399,346.666666666667,5.848363703467309
1011696,,2,4800,1.0,1026422,4,276.944380336949,monthly,2.0,3.0,2.0,2.0,2.0,4.0,5.0,5.0,2.0,5.0,4.0,0.666075208587985,-1.30193373305479,1.53749262298899,0.0206682600391986,0.980417831592419,5.62381669301832,4800.36925917378,8.476448122931636
1011740,,2,2500,1.0,1027102,4,144.241864758828,monthly,1.0,1.0,4.0,3.0,1.0,5.0,3.0,4.0,3.0,3.0,5.0,1.76884193284187,-0.797759534455332,-0.264020662075569,0.0206682600391986,0.464560124585293,4.97149150697863,2500.19232248635,7.824122936891949
1011777,,1,32,2.0,1018765,24,32.0,hourly,1.0,4.0,3.0,1.0,3.0,3.0,4.0,5.0,4.0,5.0,5.0,0.666075208587985,0.210589013995855,0.936988194634136,1.62919806308987,0.464560124585293,3.46573590279973,3328.0,8.1101268019411
1011799,,1,24,1.0,1026709,35,24.0,hourly,2.0,2.0,5.0,3.0,4.0,5.0,5.0,4.0,5.0,4.0,2.0,1.21745857071493,-2.81445663135771,-0.864525090430422,1.09302146207298,-0.567155289428958,3.17805383034795,3640.0,8.199738960630786
1011828,,2,3000,1.0,1020042,2,346.180475421186,monthly,3.0,2.0,4.0,4.0,1.0,2.0,3.0,3.0,2.0,4.0,3.0,-0.988074877792844,-1.30193373305479,-0.864525090430422,-1.05168494199458,0.980417831592419,5.84696024433253,3000.23078698361,8.0064444936859
1011860,1.0,2,770,2.0,1015339,38,4.67647308902304,monthly,5.0,4.0,5.0,4.0,5.0,4.0,5.0,4.0,5.0,4.0,5.0,-0.988074877792844,-0.293585335855875,-0.864525090430422,0.55684486105609,-1.08301299643608,1.54254421236357,770.059235325794,6.6464674408833835
1011861,,2,200,2.0,1015903,10,4.61573967228248,monthly,3.0,4.0,3.0,3.0,4.0,4.0,2.0,3.0,3.0,4.0,3.0,0.114691846461042,0.210589013995855,-0.264020662075569,0.0206682600391986,-0.567155289428958,1.52947213079622,200.015385798907,5.298394292583688
1011881,2.0,2,2500,2.0,1019552,2,288.483729517655,monthly,2.0,5.0,2.0,2.0,1.0,4.0,2.0,5.0,2.0,5.0,5.0,0.666075208587985,1.72311145854195,1.53749262298899,0.0206682600391986,1.49627553859954,5.66463868753857,2500.19232248634,7.8241229368919445
1011894,1.0,1,20,2.0,1018422,5,20.0,hourly,3.0,4.0,4.0,4.0,2.0,4.0,4.0,3.0,2.0,4.0,4.0,0.114691846461042,-0.293585335855875,-0.864525090430422,-1.05168494199458,0.464560124585293,2.99573227355399,433.333333333333,6.071507254781517
1011978,,1,22,2.0,1019038,25,22.0,hourly,5.0,2.0,3.0,2.0,1.0,4.0,2.0,4.0,5.0,4.0,5.0,-0.988074877792844,0.210589013995855,0.336483766279283,1.62919806308987,0.980417831592419,3.09104245335832,2383.33333333333,7.7762553470199425
1011986,,1,18,1.0,1027086,6,18.0,hourly,3.0,4.0,2.0,4.0,4.0,5.0,2.0,3.0,3.0,4.0,5.0,0.666075208587985,1.21893771369932,0.336483766279283,-0.515508340977693,-0.567155289428958,2.89037175789616,468.0,6.148468295917647
1011997,1.0,1,22,1.0,1015556,30,22.0,hourly,3.0,4.0,3.0,3.0,2.0,4.0,3.0,4.0,3.0,4.0,4.0,0.114691846461042,0.210589013995855,0.336483766279283,0.0206682600391986,0.464560124585293,3.09104245335832,2860.0,7.958576903813898
1012004,,1,23,1.0,1000212,8,23.0,hourly,3.0,1.0,3.0,4.0,4.0,3.0,4.0,3.0,4.0,4.0,4.0,-0.436691515665901,-1.80610808290652,-0.264020662075569,0.0206682600391986,-0.567155289428958,3.13549421592915,797.333333333333,6.681272826402412
1012078,1.0,1,23,2.0,1026651,4,23.0,hourly,1.0,3.0,3.0,2.0,2.0,5.0,3.0,3.0,4.0,5.0,5.0,1.76884193284187,0.210589013995855,-0.264020662075569,1.09302146207298,0.980417831592419,3.13549421592915,398.666666666667,5.9881256458424685
1012080,,2,4500,2.0,1026938,4,259.63535656589,monthly,4.0,4.0,5.0,5.0,5.0,4.0,4.0,5.0,4.0,5.0,4.0,-0.436691515665901,-0.293585335855875,-0.264020662075569,-0.515508340977693,-0.567155289428958,5.55927817188075,4500.34618047543,8.411909601794068
1012086,,2,4099,1.0,1027443,10,94.5995845834295,monthly,3.0,4.0,3.0,1.0,2.0,3.0,3.0,4.0,4.0,4.0,5.0,-0.436691515665901,0.714763212595312,0.336483766279283,1.62919806308987,0.464560124585293,4.54965308475252,4099.31533194861,8.318575246539991
1012090,,1,15,,1026517,20,15.0,hourly,1.0,2.0,5.0,1.0,3.0,5.0,3.0,2.0,2.0,5.0,3.0,1.76884193284187,-1.30193373305479,-2.06553394714013,0.55684486105609,0.464560124585293,2.70805020110221,1300.0,7.170119543449628
1012097,,2,4400,1.0,1027995,5,203.092545580429,monthly,5.0,5.0,5.0,5.0,5.0,5.0,5.0,5.0,5.0,5.0,5.0,-0.436691515665901,0.210589013995855,-0.264020662075569,0.0206682600391986,-0.567155289428958,5.31366176471448,4400.33848757596,8.389436745942005
1012118,1.0,2,4000,2.0,1018298,30,30.7715978152166,monthly,2.0,4.0,2.0,3.0,5.0,5.0,3.0,4.0,2.0,5.0,4.0,1.21745857071493,0.210589013995855,0.936988194634136,-0.515508340977693,-0.567155289428958,3.4265921156821,4000.30771597816,8.294126566137685
1012142,,2,200,2.0,1027473,8,5.7696745903531,monthly,2.0,2.0,1.0,2.0,4.0,3.0,3.0,2.0,1.0,3.0,3.0,0.114691846461042,-1.30193373305479,0.336483766279283,-0.515508340977693,-1.08301299643608,1.75261568211043,200.015385798907,5.298394292583688
1012189,1.0,2,4200,2.0,1020213,4,242.32633279483,monthly,2.0,2.0,2.0,3.0,2.0,2.0,3.0,3.0,2.0,2.0,5.0,-0.436691515665901,-0.293585335855875,0.336483766279283,-0.515508340977693,-0.567155289428958,5.4902853003938,4200.32310177705,8.342916730307111
1012192,1.0,2,3300,1.0,1027395,34,22.3999131154885,monthly,1.0,4.0,3.0,2.0,4.0,3.0,3.0,4.0,4.0,4.0,5.0,0.666075208587985,0.714763212595312,0.336483766279283,1.09302146207298,-0.567155289428958,3.10905708008064,3300.25386568197,8.101754673490225
1012227,1.0,1,20,1.0,1020380,1,20.0,hourly,2.0,2.0,3.0,2.0,1.0,5.0,3.0,2.0,2.0,5.0,4.0,1.21745857071493,-0.797759534455332,-0.864525090430422,0.0206682600391986,1.49627553859954,2.99573227355399,86.6666666666667,4.4620693423474185
1012302,,1,25,1.0,1019612,4,25.0,hourly,3.0,5.0,4.0,2.0,2.0,4.0,2.0,3.0,4.0,4.0,5.0,0.114691846461042,1.72311145854195,-0.864525090430422,1.09302146207298,0.464560124585293,3.2188758248682,433.333333333333,6.071507254781517
1012360,,1,24,1.0,1027504,29,24.0,hourly,2.0,4.0,2.0,3.0,1.0,5.0,2.0,3.0,2.0,5.0,5.0,1.21745857071493,1.21893771369932,0.336483766279283,-0.515508340977693,1.49627553859954,3.17805383034795,3016.0,8.011686729127847
1012392,,2,400,2.0,1018173,24,3.84644972690207,monthly,2.0,1.0,3.0,4.0,4.0,5.0,1.0,5.0,1.0,3.0,3.0,1.21745857071493,-0.797759534455332,0.936988194634136,-1.58786154301148,-1.08301299643608,1.34715057400226,400.030771597815,5.991541473143636
1012457,1.0,1,20,1.0,1020033,9,20.0,hourly,3.0,4.0,3.0,4.0,3.0,4.0,2.0,4.0,2.0,2.0,4.0,0.114691846461042,0.714763212595312,0.336483766279283,-1.05168494199458,-1.08301299643608,2.99573227355399,780.0,6.659293919683638
1012468,1.0,2,1700,2.0,1020291,15,26.1558581429341,monthly,2.0,3.0,4.0,3.0,1.0,4.0,4.0,2.0,1.0,5.0,5.0,0.666075208587985,-0.293585335855875,-1.46502951878527,-1.05168494199458,1.49627553859954,3.26407318618433,1700.13077929072,7.438460456079965
1012480,,2,3900,2.0,1028439,26,34.6180475421186,monthly,3.0,3.0,4.0,4.0,4.0,4.0,4.0,4.0,4.0,4.0,4.0,0.114691846461042,-0.797759534455332,-0.264020662075569,0.0206682600391986,-0.567155289428958,3.54437515133848,3900.3000230787,8.268808758153392
1012481,,1,21,1.0,1020324,30,21.0,hourly,1.0,3.0,2.0,3.0,1.0,4.0,2.0,3.0,4.0,5.0,5.0,1.21745857071493,0.714763212595312,0.336483766279283,0.55684486105609,1.49627553859954,3.04452243772342,2730.0,7.912056888179006
1012560,1.0,2,3400,1.0,1018532,33,23.7780528572128,monthly,3.0,4.0,4.0,2.0,1.0,4.0,3.0,4.0,2.0,5.0,5.0,0.114691846461042,0.714763212595312,-0.264020662075569,0.0206682600391986,1.49627553859954,3.16876300638,3400.26155858143,8.131607636639908
1012569,1.0,1,30,1.0,1026812,20,30.0,hourly,4.0,5.0,4.0,4.0,1.0,2.0,2.0,4.0,1.0,4.0,5.0,-1.53945823991979,1.72311145854195,-0.264020662075569,-1.58786154301148,0.980417831592419,3.40119738166216,2600.0,7.8632667240095735
1012581,,1,20,2.0,1027762,20,20.0,hourly,2.0,3.0,5.0,3.0,1.0,4.0,2.0,3.0,3.0,5.0,4.0,0.666075208587985,0.210589013995855,-1.46502951878527,0.0206682600391986,1.49627553859954,2.99573227355399,1733.33333333333,7.457801615901407
1012592,,2,1200,2.0,1015736,15,18.4629586891299,monthly,3.0,4.0,2.0,3.0,3.0,3.0,3.0,3.0,4.0,4.0,4.0,-0.436691515665901,0.210589013995855,0.336483766279283,0.55684486105609,-0.0512975824218321,2.91576649191611,1200.09231479344,7.090153761811742
1012636,1.0,2,4200,1.0,1027612,28,34.6180475421186,monthly,1.0,3.0,2.0,3.0,1.0,3.0,3.0,4.0,2.0,4.0,5.0,0.666075208587985,0.210589013995855,0.936988194634136,-0.515508340977693,0.980417831592419,3.54437515133848,4200.32310177706,8.342916730307115
1012659,1.0,1,30,1.0,1026783,3,30.0,hourly,3.0,1.0,2.0,2.0,4.0,4.0,3.0,5.0,2.0,4.0,4.0,0.114691846461042,-1.30193373305479,1.53749262298899,0.0206682600391986,-0.567155289428958,3.40119738166216,390.0,5.966146739123692
1012681,1.0,1,20,1.0,1026117,1,20.0,hourly,1.0,4.0,2.0,3.0,4.0,5.0,3.0,5.0,4.0,5.0,5.0,1.76884193284187,0.714763212595312,1.53749262298899,0.55684486105609,-0.0512975824218321,2.99573227355399,86.6666666666667,4.4620693423474185
1012708,,2,400,2.0,1019533,20,4.61573967228248,monthly,3.0,4.0,3.0,2.0,2.0,3.0,3.0,4.0,4.0,5.0,5.0,-0.436691515665901,0.714763212595312,0.336483766279283,1.09302146207298,0.980417831592419,1.52947213079622,400.030771597815,5.991541473143636
1012739,2.0,1,21,1.0,1027552,30,21.0,hourly,4.0,2.0,3.0,2.0,2.0,3.0,3.0,4.0,4.0,4.0,3.0,-0.988074877792844,-1.30193373305479,0.336483766279283,1.09302146207298,0.464560124585293,3.04452243772342,2730.0,7.912056888179006
1012743,,1,10,2.0,1015193,10,10.0,hourly,3.0,1.0,4.0,4.0,1.0,3.0,3.0,5.0,3.0,5.0,5.0,-0.436691515665901,-0.797759534455332,0.336483766279283,-0.515508340977693,1.49627553859954,2.30258509299405,433.333333333333,6.071507254781517
1012750,1.0,2,639,2.0,1027243,40,3.68682206323563,monthly,3.0,3.0,2.0,2.0,3.0,4.0,2.0,3.0,4.0,5.0,2.0,0.114691846461042,-0.797759534455332,0.336483766279283,1.09302146207298,0.464560124585293,1.30476485750583,639.049157627509,6.459981380413188
1012755,,2,2000,2.0,1015360,1,461.573967228248,monthly,4.0,4.0,4.0,3.0,1.0,5.0,4.0,4.0,3.0,4.0,5.0,0.114691846461042,0.210589013995855,-0.264020662075569,0.0206682600391986,0.980417831592419,6.13464231678431,2000.15385798907,7.600979385577734
1012834,1.0,2,1100,1.0,1020292,4,63.4664204938841,monthly,4.0,5.0,4.0,1.0,2.0,4.0,2.0,2.0,3.0,5.0,5.0,-0.436691515665901,1.72311145854195,-1.46502951878527,1.09302146207298,0.980417831592419,4.1505109549088,1100.08462189399,7.003142384822115
1012839,,1,30,2.0,1026569,40,30.0,hourly,4.0,3.0,3.0,4.0,4.0,2.0,3.0,4.0,2.0,2.0,3.0,-1.53945823991979,-0.797759534455332,0.336483766279283,-1.05168494199458,-1.59887070344321,3.40119738166216,5200.0,8.556413904569519
1012874,1.0,1,21,2.0,1020401,4,21.0,hourly,1.0,3.0,5.0,2.0,5.0,3.0,5.0,4.0,5.0,1.0,3.0,0.666075208587985,-1.80610808290652,-0.864525090430422,1.62919806308987,-2.63058611745746,3.04452243772342,364.0,5.8971538676367405
1012879,2.0,1,25,1.0,1019813,34,25.0,hourly,2.0,4.0,4.0,5.0,3.0,4.0,2.0,3.0,3.0,4.0,5.0,0.666075208587985,1.21893771369932,-0.864525090430422,-1.05168494199458,-0.0512975824218321,3.2188758248682,3683.33333333333,8.211573418277789
1012888,,1,17,1.0,1015871,20,17.0,hourly,3.0,2.0,1.0,5.0,3.0,5.0,3.0,5.0,1.0,5.0,5.0,0.666075208587985,-0.293585335855875,2.13799705134384,-2.12403814402837,0.464560124585293,2.83321334405622,1473.33333333333,7.295282686403632
1012889,,2,1300,2.0,1015769,5,60.0046157396723,monthly,3.0,4.0,3.0,5.0,5.0,4.0,3.0,4.0,4.0,5.0,4.0,0.114691846461042,0.210589013995855,0.336483766279283,-0.515508340977693,-0.567155289428958,4.09442148825776,1300.1000076929,7.170196469485283
1012908,,2,1200,1.0,1015243,16,17.3090237710593,monthly,1.0,3.0,3.0,5.0,1.0,5.0,1.0,1.0,1.0,4.0,5.0,1.76884193284187,1.21893771369932,-1.46502951878527,-2.12403814402837,0.980417831592419,2.85122797077854,1200.09231479344,7.090153761811742
1012909,,1,20,1.0,1026810,1,20.0,hourly,2.0,4.0,2.0,5.0,2.0,5.0,2.0,4.0,2.0,4.0,4.0,1.21745857071493,0.714763212595312,0.936988194634136,-1.58786154301148,0.464560124585293,2.99573227355399,86.6666666666667,4.4620693423474185
1012938,1.0,2,2500,2.0,1018387,20,28.8483729517655,monthly,2.0,4.0,3.0,2.0,3.0,3.0,2.0,4.0,4.0,3.0,5.0,0.114691846461042,1.21893771369932,0.336483766279283,1.09302146207298,-0.567155289428958,3.36205359454453,2500.19232248634,7.8241229368919445
1012940,,1,21,1.0,1027259,80,21.0,hourly,5.0,2.0,3.0,1.0,5.0,4.0,2.0,4.0,5.0,1.0,1.0,-0.988074877792844,-1.80610808290652,0.336483766279283,2.16537466410676,-2.63058611745746,3.04452243772342,7280.0,8.892886141190731
1012942,2.0,1,19,2.0,1015944,12,19.0,hourly,4.0,4.0,5.0,5.0,3.0,5.0,4.0,4.0,2.0,3.0,3.0,0.114691846461042,-0.797759534455332,-0.864525090430422,-1.58786154301148,-0.567155289428958,2.94443897916644,988.0,6.895682697747868
1013014,,1,21,2.0,1028160,25,21.0,hourly,2.0,3.0,2.0,2.0,2.0,5.0,3.0,4.0,4.0,4.0,5.0,1.21745857071493,0.210589013995855,0.936988194634136,1.09302146207298,0.464560124585293,3.04452243772342,2275.0,7.729735331385051
1013027,,2,1600,2.0,1020209,20,18.4629586891299,monthly,2.0,4.0,3.0,3.0,5.0,4.0,3.0,3.0,2.0,4.0,3.0,0.666075208587985,-0.293585335855875,-0.264020662075569,-0.515508340977693,-1.08301299643608,2.91576649191611,1600.12308639126,7.377835834263527
1013028,1.0,1,25,2.0,1026244,1,25.0,hourly,2.0,3.0,3.0,4.0,4.0,3.0,2.0,4.0,2.0,2.0,4.0,0.114691846461042,0.210589013995855,0.336483766279283,-1.05168494199458,-1.59887070344321,3.2188758248682,108.333333333333,4.685212893661625
1013056,,2,2400,2.0,1027204,24,23.0786983614124,monthly,3.0,4.0,3.0,2.0,2.0,3.0,2.0,3.0,4.0,2.0,4.0,-0.436691515665901,0.714763212595312,-0.264020662075569,1.09302146207298,-0.567155289428958,3.13891004323032,2400.18462958689,7.7833009423716915
1013069,,2,4100,1.0,1000135,42,22.5292055432835,monthly,5.0,4.0,5.0,4.0,5.0,4.0,3.0,4.0,5.0,5.0,4.0,-0.988074877792844,0.210589013995855,-0.864525090430422,0.55684486105609,-0.567155289428958,3.11481249165126,4100.3154088776,8.318819178728052
1013071,,2,3400,1.0,1028196,24,32.6948226786676,monthly,3.0,3.0,5.0,3.0,2.0,3.0,3.0,3.0,4.0,5.0,4.0,-0.436691515665901,-0.293585335855875,-1.46502951878527,0.55684486105609,0.980417831592419,3.48721673749853,3400.26155858143,8.131607636639908
1013092,,1,20,2.0,1018549,15,20.0,hourly,2.0,4.0,5.0,4.0,3.0,4.0,4.0,3.0,2.0,5.0,5.0,0.666075208587985,0.210589013995855,-1.46502951878527,-1.05168494199458,0.464560124585293,2.99573227355399,1300.0,7.170119543449628
1013099,1.0,2,3100,1.0,1019765,7,102.205664171969,monthly,2.0,5.0,5.0,5.0,4.0,5.0,5.0,5.0,4.0,5.0,4.0,1.21745857071493,-0.293585335855875,-0.264020662075569,-0.515508340977693,-0.0512975824218321,4.62698709866015,3100.23847988306,8.039234316508889
1013108,,2,4200,2.0,1028183,2,484.652665589661,monthly,3.0,4.0,2.0,5.0,1.0,4.0,2.0,5.0,1.0,5.0,5.0,0.114691846461042,1.21893771369932,1.53749262298899,-2.12403814402837,1.49627553859954,6.18343248095374,4200.32310177706,8.342916730307115
1013157,,2,3800,1.0,1019851,32,27.4059543041772,monthly,2.0,5.0,5.0,1.0,1.0,5.0,4.0,1.0,2.0,5.0,3.0,1.21745857071493,-0.293585335855875,-2.66603837549498,0.55684486105609,1.49627553859954,3.31076030015698,3800.29233017924,8.242833271750131
1013158,2.0,2,4600,1.0,1028670,3,353.87337487499,monthly,3.0,5.0,3.0,4.0,1.0,5.0,1.0,3.0,3.0,4.0,5.0,0.666075208587985,2.22728595964596,-0.264020662075569,-0.515508340977693,0.980417831592419,5.8689391510513,4600.35387337487,8.43388850851284
1013160,1.0,2,3500,1.0,1019288,20,40.3877221324717,monthly,3.0,4.0,3.0,3.0,2.0,3.0,3.0,4.0,3.0,5.0,4.0,-0.436691515665901,0.210589013995855,0.336483766279283,0.0206682600391986,0.980417831592419,3.69852583116574,3500.26925148088,8.160595173513158
1013177,,1,20,1.0,1027327,38,20.0,hourly,4.0,2.0,5.0,2.0,3.0,1.0,5.0,4.0,4.0,5.0,2.0,-2.09084160204673,-2.81445663135771,-0.864525090430422,1.09302146207298,0.464560124585293,2.99573227355399,3293.33333333333,8.099655502073803
1013182,,2,1200,2.0,1015112,6,46.1573967228248,monthly,5.0,2.0,3.0,2.0,4.0,4.0,3.0,4.0,5.0,4.0,,-0.988074877792844,-0.696924785486805,0.336483766279283,1.62919806308987,-0.567155289428958,3.83205722379026,1200.09231479344,7.090153761811742
1013191,,1,20,2.0,1015035,20,20.0,hourly,4.0,3.0,4.0,1.0,3.0,3.0,3.0,5.0,5.0,2.0,4.0,-0.988074877792844,-0.293585335855875,0.336483766279283,2.16537466410676,-1.08301299643608,2.99573227355399,1733.33333333333,7.457801615901407
1013234,,2,1200,2.0,1028170,3,92.3147934456497,monthly,3.0,2.0,1.0,3.0,1.0,5.0,3.0,4.0,2.0,3.0,5.0,0.666075208587985,-0.293585335855875,1.53749262298899,-0.515508340977693,0.464560124585293,4.52520440435021,1200.09231479345,7.09015376181175
1013236,1.0,1,19,1.0,1026804,5,19.0,hourly,4.0,2.0,5.0,5.0,5.0,3.0,2.0,3.0,2.0,1.0,4.0,-0.988074877792844,-0.293585335855875,-1.46502951878527,-1.58786154301148,-2.63058611745746,2.94443897916644,411.666666666667,6.020213960393969
1013252,,1,25,1.0,1027413,60,25.0,hourly,3.0,4.0,3.0,3.0,4.0,4.0,1.0,5.0,4.0,3.0,3.0,0.114691846461042,0.714763212595312,0.936988194634136,0.55684486105609,-1.08301299643608,3.2188758248682,6500.0,8.779557455883728
1013264,2.0,2,2600,1.0,1027620,25,24.0018462958689,monthly,3.0,3.0,4.0,2.0,2.0,3.0,2.0,3.0,3.0,4.0,4.0,-0.436691515665901,0.210589013995855,-0.864525090430422,0.55684486105609,0.464560124585293,3.1781307563836,2600.2000153858,7.863343650045229
1013272,,1,21,2.0,1027011,16,21.0,hourly,3.0,5.0,3.0,4.0,1.0,5.0,1.0,4.0,4.0,5.0,1.0,0.666075208587985,0.210589013995855,0.336483766279283,0.0206682600391986,1.49627553859954,3.04452243772342,1456.0,7.283448228756631
1013279,,1,18,1.0,1026696,16,18.0,hourly,2.0,5.0,4.0,5.0,4.0,5.0,3.0,3.0,2.0,5.0,2.0,1.21745857071493,-0.293585335855875,-0.864525090430422,-1.58786154301148,-0.0512975824218321,2.89037175789616,1248.0,7.129297548929373
1013292,,1,25,1.0,1026267,8,25.0,hourly,4.0,4.0,3.0,3.0,2.0,3.0,4.0,2.0,2.0,3.0,3.0,-0.988074877792844,-0.797759534455332,-0.864525090430422,-0.515508340977693,-0.0512975824218321,3.2188758248682,866.666666666667,6.764654435341464
1013360,,1,22,,1015919,25,22.0,hourly,3.0,3.0,2.0,3.0,2.0,5.0,3.0,3.0,2.0,5.0,2.0,0.666075208587985,-1.30193373305479,0.336483766279283,-0.515508340977693,0.980417831592419,3.09104245335832,2383.33333333333,7.7762553470199425
1013381,1.0,2,2748,1.0,1018140,32,19.8188322178629,monthly,4.0,3.0,4.0,3.0,2.0,3.0,5.0,3.0,3.0,4.0,4.0,-0.988074877792844,-1.30193373305479,-0.864525090430422,0.0206682600391986,0.464560124585293,2.98663260778474,2748.21140087699,7.918705579377894
1013400,1.0,2,4200,1.0,1027656,8,121.163166397415,monthly,3.0,5.0,5.0,2.0,5.0,4.0,2.0,5.0,2.0,5.0,5.0,0.114691846461042,1.72311145854195,-0.264020662075569,0.0206682600391986,-0.567155289428958,4.79713811983385,4200.32310177705,8.342916730307111
1013425,,2,3900,1.0,1026619,33,27.2748253362147,monthly,4.0,3.0,3.0,3.0,1.0,2.0,1.0,4.0,4.0,5.0,4.0,-1.53945823991979,0.714763212595312,0.336483766279283,0.55684486105609,1.49627553859954,3.30596412789348,3900.3000230787,8.268808758153392
1013430,,1,22,1.0,1019196,25,22.0,hourly,4.0,4.0,3.0,5.0,4.0,3.0,4.0,3.0,2.0,4.0,4.0,-0.988074877792844,-0.293585335855875,-0.264020662075569,-1.58786154301148,-0.567155289428958,3.09104245335832,2383.33333333333,7.7762553470199425
1013432,,2,1033,1.0,1027262,2,119.201477036695,monthly,4.0,4.0,5.0,4.0,2.0,3.0,3.0,3.0,4.0,5.0,5.0,-0.988074877792844,0.714763212595312,-1.46502951878527,0.0206682600391986,0.980417831592419,4.78081514580192,1033.07946765136,6.940299395155296
1013461,,1,21,1.0,1026879,18,21.0,hourly,2.0,4.0,2.0,5.0,1.0,5.0,2.0,3.0,1.0,4.0,5.0,1.21745857071493,1.21893771369932,0.336483766279283,-2.12403814402837,0.980417831592419,3.04452243772342,1638.0,7.401231264413015
1013497,1.0,2,3760,2.0,1026698,10,86.7759058389107,monthly,3.0,5.0,1.0,5.0,4.0,5.0,2.0,4.0,1.0,1.0,5.0,0.666075208587985,1.72311145854195,1.53749262298899,-2.12403814402837,-2.11472841045033,4.46332900063212,3760.28925301946,8.232251162419594
1013498,1.0,1,15,2.0,1026597,20,15.0,hourly,3.0,4.0,3.0,3.0,2.0,4.0,4.0,4.0,3.0,4.0,4.0,0.114691846461042,-0.293585335855875,0.336483766279283,0.0206682600391986,0.464560124585293,2.70805020110221,1300.0,7.170119543449628
2011004,1.0,1,20,2.0,1027434,3,20.0,hourly,3.0,2.0,3.0,2.0,3.0,4.0,3.0,3.0,4.0,3.0,3.0,0.114691846461042,-1.30193373305479,-0.264020662075569,1.09302146207298,-0.567155289428958,2.99573227355399,260.0,5.560681631015528
2011012,1.0,1,29,1.0,1027927,30,29.0,hourly,3.0,2.0,4.0,4.0,4.0,2.0,4.0,2.0,3.0,5.0,2.0,-0.988074877792844,-2.31028228150598,-1.46502951878527,-0.515508340977693,-0.0512975824218321,3.36729582998647,3770.0,8.234830280442056
2011019,,1,19,1.0,1027345,30,19.0,hourly,3.0,3.0,2.0,2.0,4.0,4.0,2.0,3.0,4.0,4.0,4.0,0.114691846461042,0.210589013995855,0.336483766279283,1.09302146207298,-0.567155289428958,2.94443897916644,2470.0,7.8119734296220225
2011025,1.0,2,5200,1.0,1027738,18,66.6717952663025,monthly,1.0,1.0,1.0,3.0,3.0,5.0,3.0,5.0,2.0,5.0,5.0,1.76884193284187,-0.797759534455332,2.13799705134384,-0.515508340977693,0.464560124585293,4.19978200391558,5200.40003077159,8.556490830605172
2011035,,2,1300,2.0,1015297,21,14.2868132713505,monthly,3.0,4.0,4.0,2.0,1.0,3.0,3.0,2.0,3.0,4.0,4.0,-0.436691515665901,0.210589013995855,-1.46502951878527,0.55684486105609,0.980417831592419,2.65933696296843,1300.1000076929,7.170196469485283
2011043,1.0,1,25,1.0,1018776,8,25.0,hourly,4.0,2.0,3.0,4.0,1.0,4.0,3.0,4.0,2.0,5.0,5.0,-0.436691515665901,-0.293585335855875,0.336483766279283,-1.05168494199458,1.49627553859954,3.2188758248682,866.666666666667,6.764654435341464
2011071,1.0,2,2000,2.0,1028590,6,76.9289945380414,monthly,2.0,3.0,1.0,3.0,4.0,5.0,2.0,4.0,2.0,3.0,4.0,1.21745857071493,0.210589013995855,1.53749262298899,-0.515508340977693,-1.08301299643608,4.34288284755625,2000.15385798908,7.600979385577739
2011109,,2,4200,1.0,1019101,40,24.232633279483,monthly,2.0,4.0,5.0,4.0,1.0,4.0,3.0,4.0,3.0,5.0,5.0,0.666075208587985,0.714763212595312,-0.864525090430422,-0.515508340977693,1.49627553859954,3.18770020739975,4200.32310177705,8.342916730307111
2011132,,1,30,1.0,1027632,15,30.0,hourly,2.0,3.0,4.0,2.0,2.0,3.0,1.0,4.0,2.0,4.0,3.0,0.114691846461042,0.210589013995855,-0.264020662075569,0.0206682600391986,0.464560124585293,3.40119738166216,1950.0,7.575584651557793
2011228,,1,19,2.0,1015318,20,19.0,hourly,2.0,3.0,2.0,4.0,5.0,4.0,2.0,1.0,3.0,2.0,3.0,0.666075208587985,-0.293585335855875,-0.864525090430422,-0.515508340977693,-2.11472841045033,2.94443897916644,1646.66666666667,7.4065083215138605
2011271,1.0,2,850,2.0,1015927,30,6.53896453573352,monthly,3.0,4.0,3.0,3.0,4.0,4.0,3.0,3.0,3.0,2.0,2.0,0.114691846461042,-0.797759534455332,-0.264020662075569,0.0206682600391986,-1.59887070344321,1.87777882506443,850.065389645357,6.745313275520016
2011283,1.0,1,50,2.0,1015302,20,50.0,hourly,2.0,3.0,4.0,3.0,1.0,2.0,4.0,3.0,3.0,5.0,4.0,-0.436691515665901,-0.797759534455332,-0.864525090430422,0.0206682600391986,1.49627553859954,3.91202300542815,4333.33333333333,8.374092347775564
2011330,1.0,1,27,1.0,1018533,1,27.0,hourly,2.0,3.0,3.0,3.0,1.0,4.0,3.0,4.0,2.0,3.0,4.0,0.666075208587985,-0.293585335855875,0.336483766279283,-0.515508340977693,0.464560124585293,3.29583686600433,117.0,4.762173934797756
2011373,1.0,1,23,1.0,1019611,2,23.0,hourly,1.0,4.0,3.0,3.0,4.0,4.0,2.0,4.0,2.0,4.0,5.0,1.21745857071493,1.21893771369932,0.336483766279283,-0.515508340977693,-0.567155289428958,3.13549421592915,199.333333333333,5.2949784652825205
2011386,,1,25,2.0,1027789,70,25.0,hourly,5.0,4.0,1.0,4.0,4.0,5.0,,3.0,1.0,3.0,4.0,-0.436691515665901,0.613928463626785,0.936988194634136,-1.58786154301148,-1.08301299643608,3.2188758248682,7583.33333333333,8.933708135710987
2011452,,2,4200,2.0,1027545,5,193.861066235864,monthly,2.0,4.0,2.0,3.0,5.0,3.0,2.0,4.0,3.0,4.0,4.0,0.114691846461042,0.714763212595312,0.936988194634136,0.0206682600391986,-1.08301299643608,5.26714174907959,4200.32310177705,8.342916730307111
2011473,,2,3700,2.0,1026875,12,71.1593199476883,monthly,5.0,1.0,5.0,1.0,5.0,1.0,5.0,1.0,5.0,5.0,4.0,-2.64222496417367,-2.31028228150598,-2.66603837549498,2.16537466410676,-0.567155289428958,4.26492130608654,3700.28463727979,8.216165024667971
2011478,,2,1100,1.0,1027489,18,14.1036489986409,monthly,3.0,4.0,3.0,3.0,4.0,5.0,2.0,5.0,5.0,5.0,5.0,0.666075208587985,1.21893771369932,0.936988194634136,1.09302146207298,-0.0512975824218321,2.64643355813252,1100.08462189399,7.003142384822115
2011485,,1,18,1.0,1020357,10,18.0,hourly,1.0,2.0,3.0,2.0,5.0,5.0,4.0,2.0,3.0,2.0,4.0,1.76884193284187,-1.30193373305479,-0.864525090430422,0.55684486105609,-2.11472841045033,2.89037175789616,780.0,6.659293919683638
2011503,,1,20,1.0,1026073,30,20.0,hourly,4.0,5.0,3.0,2.0,5.0,4.0,3.0,4.0,3.0,4.0,5.0,-0.436691515665901,1.21893771369932,0.336483766279283,0.55684486105609,-1.08301299643608,2.99573227355399,2600.0,7.8632667240095735
2011512,,1,19,1.0,1015725,6,19.0,hourly,2.0,5.0,5.0,5.0,1.0,2.0,1.0,5.0,5.0,5.0,5.0,-0.436691515665901,2.22728595964596,-0.264020662075569,0.0206682600391986,1.49627553859954,2.94443897916644,494.0,6.202535517187923
2011545,1.0,2,4700,1.0,1027604,8,135.587352873298,monthly,3.0,2.0,3.0,2.0,4.0,4.0,2.0,4.0,4.0,3.0,5.0,0.114691846461042,0.210589013995855,0.336483766279283,1.09302146207298,-1.08301299643608,4.90961610326054,4700.36156627433,8.455394713733805
2011553,1.0,2,4600,1.0,1019565,4,265.405031156243,monthly,3.0,5.0,4.0,3.0,2.0,4.0,2.0,3.0,3.0,5.0,2.0,0.114691846461042,0.210589013995855,-0.864525090430422,0.0206682600391986,0.980417831592419,5.58125707859952,4600.35387337488,8.433888508512842
2011632,1.0,1,55,1.0,1026124,15,55.0,hourly,1.0,3.0,4.0,5.0,5.0,4.0,4.0,4.0,2.0,3.0,5.0,1.21745857071493,-0.293585335855875,-0.264020662075569,-1.58786154301148,-1.59887070344321,4.00733318523247,3575.0,8.181720455128108
2011696,3.0,2,990,2.0,1019846,8,28.5598892222479,monthly,1.0,4.0,3.0,2.0,3.0,5.0,2.0,4.0,2.0,5.0,4.0,1.76884193284187,0.714763212595312,0.336483766279283,0.0206682600391986,0.464560124585293,3.35200325869103,990.076159704594,6.897781869164292
2011712,1.0,1,30,1.0,1027977,3,30.0,hourly,4.0,2.0,4.0,3.0,4.0,3.0,3.0,3.0,3.0,3.0,4.0,-0.988074877792844,-0.797759534455332,-0.864525090430422,0.0206682600391986,-1.08301299643608,3.40119738166216,390.0,5.966146739123692
2011768,,2,1900,2.0,1026628,4,109.623817216709,monthly,3.0,5.0,5.0,5.0,3.0,5.0,3.0,3.0,1.0,5.0,2.0,0.666075208587985,-0.293585335855875,-1.46502951878527,-2.12403814402837,0.464560124585293,4.69705466127687,1900.14616508962,7.5496860911901855
2011801,1.0,1,22,2.0,1019609,9,22.0,hourly,3.0,4.0,1.0,5.0,1.0,3.0,2.0,4.0,3.0,2.0,3.0,-0.436691515665901,0.210589013995855,1.53749262298899,-1.05168494199458,-0.0512975824218321,3.09104245335832,858.0,6.754604099487962
2011813,1.0,1,25,2.0,1019399,4,25.0,hourly,4.0,3.0,2.0,1.0,1.0,3.0,1.0,4.0,4.0,5.0,5.0,-0.988074877792844,1.21893771369932,0.936988194634136,1.62919806308987,1.49627553859954,3.2188758248682,433.333333333333,6.071507254781517
2011839,1.0,2,4000,1.0,1027236,4,230.786983614124,monthly,2.0,5.0,4.0,3.0,2.0,4.0,3.0,4.0,2.0,4.0,3.0,0.666075208587985,0.210589013995855,-0.264020662075569,-0.515508340977693,0.464560124585293,5.44149513622436,4000.30771597815,8.294126566137681
2011842,,2,4000,1.0,1019228,3,307.715978152166,monthly,3.0,4.0,3.0,4.0,4.0,3.0,2.0,3.0,2.0,3.0,4.0,-0.436691515665901,0.714763212595312,-0.264020662075569,-1.05168494199458,-1.08301299643608,5.72917720867614,4000.30771597816,8.294126566137685
2011847,,1,20,2.0,1028399,5,20.0,hourly,2.0,4.0,4.0,3.0,5.0,4.0,2.0,3.0,2.0,3.0,4.0,0.666075208587985,0.714763212595312,-0.864525090430422,-0.515508340977693,-1.59887070344321,2.99573227355399,433.333333333333,6.071507254781517
2011854,1.0,2,2400,1.0,1026293,13,42.606827744146,monthly,3.0,2.0,4.0,1.0,1.0,4.0,2.0,3.0,5.0,5.0,4.0,0.114691846461042,-0.293585335855875,-0.864525090430422,2.16537466410676,1.49627553859954,3.75201451611673,2400.18462958689,7.7833009423716915
2011907,,2,1000,2.0,1019658,20,11.5393491807062,monthly,3.0,3.0,3.0,4.0,1.0,2.0,2.0,4.0,4.0,1.0,1.0,-0.988074877792844,-1.30193373305479,0.336483766279283,0.0206682600391986,-0.567155289428958,2.44576286267037,1000.07692899454,6.907832205017794
2011913,,2,1500,1.0,1019302,50,6.92360950842372,monthly,3.0,1.0,4.0,3.0,4.0,2.0,2.0,4.0,5.0,3.0,5.0,-0.988074877792844,-0.293585335855875,-0.264020662075569,1.09302146207298,-1.08301299643608,1.93493723890438,1500.11539349181,7.313297313125958
2011944,1.0,1,25,1.0,1026428,2,25.0,hourly,4.0,2.0,3.0,2.0,2.0,3.0,2.0,4.0,4.0,1.0,4.0,-0.988074877792844,-0.293585335855875,0.336483766279283,1.09302146207298,-1.08301299643608,3.2188758248682,216.666666666667,5.3783600742215745
2011951,,1,20,2.0,1018688,24,20.0,hourly,3.0,3.0,4.0,2.0,5.0,3.0,2.0,3.0,3.0,3.0,4.0,-0.436691515665901,0.210589013995855,-0.864525090430422,0.55684486105609,-1.59887070344321,2.99573227355399,2080.0,7.640123172695364
2011988,,1,20,2.0,1027696,40,20.0,hourly,2.0,3.0,3.0,3.0,4.0,5.0,3.0,4.0,3.0,4.0,5.0,1.21745857071493,0.210589013995855,0.336483766279283,0.0206682600391986,-0.567155289428958,2.99573227355399,3466.66666666667,8.150948796461355
2012014,1.0,2,3100,1.0,1020060,34,21.0423426236407,monthly,4.0,3.0,3.0,4.0,1.0,4.0,4.0,4.0,4.0,5.0,4.0,-0.436691515665901,-0.797759534455332,0.336483766279283,0.0206682600391986,1.49627553859954,3.0465367230993,3100.23847988306,8.039234316508889
2012021,,1,23,2.0,1028600,20,23.0,hourly,4.0,4.0,2.0,2.0,3.0,2.0,3.0,4.0,3.0,3.0,4.0,-1.53945823991979,0.210589013995855,0.936988194634136,0.55684486105609,-0.567155289428958,3.13549421592915,1993.33333333333,7.597563558276566
2012058,1.0,2,3700,1.0,1027423,1,853.911839372259,monthly,3.0,5.0,2.0,3.0,2.0,4.0,2.0,4.0,3.0,4.0,5.0,0.114691846461042,1.72311145854195,0.936988194634136,0.0206682600391986,0.464560124585293,6.74982795587454,3700.28463727979,8.216165024667971
2012063,,2,1000,2.0,1026554,21,10.9898563625773,monthly,3.0,3.0,5.0,3.0,3.0,4.0,3.0,,5.0,5.0,5.0,0.114691846461042,0.210589013995855,-0.864525090430422,1.09302146207298,0.464560124585293,2.39697269850094,1000.07692899453,6.907832205017784
2012106,2.0,2,2200,1.0,1018647,20,25.3865681975537,monthly,3.0,5.0,5.0,3.0,4.0,4.0,3.0,2.0,3.0,3.0,4.0,0.114691846461042,0.714763212595312,-2.06553394714013,0.0206682600391986,-1.08301299643608,3.23422022303464,2200.16924378799,7.696289565382065
2012159,,1,25,2.0,1018487,36,25.0,hourly,4.0,3.0,4.0,3.0,1.0,2.0,2.0,3.0,4.0,4.0,3.0,-1.53945823991979,-0.293585335855875,-0.864525090430422,0.55684486105609,0.980417831592419,3.2188758248682,3900.0,8.268731832117737
2012169,,1,20,2.0,1027525,2,20.0,hourly,3.0,4.0,2.0,3.0,3.0,5.0,2.0,4.0,3.0,4.0,5.0,0.666075208587985,1.21893771369932,0.936988194634136,0.0206682600391986,-0.0512975824218321,2.99573227355399,173.333333333333,5.155216522907361
2012184,,1,18,1.0,1015767,25,18.0,hourly,3.0,4.0,3.0,3.0,1.0,4.0,2.0,3.0,3.0,5.0,5.0,0.114691846461042,1.21893771369932,-0.264020662075569,0.0206682600391986,1.49627553859954,2.89037175789616,1950.0,7.575584651557793
2012186,1.0,1,17,1.0,1018391,1,17.0,hourly,2.0,4.0,3.0,4.0,3.0,5.0,1.0,3.0,1.0,4.0,3.0,1.21745857071493,0.714763212595312,-0.264020662075569,-1.58786154301148,-0.0512975824218321,2.83321334405622,73.6666666666667,4.299550412849643
2012241,,2,4800,1.0,1019316,5,221.555504269559,monthly,1.0,1.0,2.0,3.0,5.0,4.0,3.0,5.0,1.0,3.0,5.0,1.21745857071493,-0.797759534455332,1.53749262298899,-1.05168494199458,-1.59887070344321,5.40067314170411,4800.36925917378,8.476448122931636
2012242,,1,27,1.0,1018683,35,27.0,hourly,3.0,3.0,3.0,3.0,3.0,3.0,3.0,3.0,3.0,3.0,3.0,-0.436691515665901,-0.797759534455332,-0.264020662075569,0.0206682600391986,-0.567155289428958,3.29583686600433,4095.0,8.31752199628717
2012290,,2,1300,2.0,1026926,10,30.0023078698361,monthly,2.0,4.0,4.0,1.0,3.0,5.0,3.0,3.0,4.0,3.0,4.0,1.21745857071493,0.210589013995855,-0.864525090430422,1.62919806308987,-0.567155289428958,3.40127430769781,1300.1000076929,7.170196469485283
2012300,1.0,2,4500,1.0,1018378,9,115.393491807062,monthly,1.0,2.0,1.0,3.0,1.0,5.0,1.0,5.0,1.0,5.0,4.0,1.76884193284187,0.210589013995855,2.13799705134384,-1.05168494199458,1.49627553859954,4.74834795566442,4500.34618047542,8.411909601794065
2012303,1.0,2,550,2.0,1015103,8,15.866605123471,monthly,1.0,2.0,5.0,2.0,4.0,5.0,3.0,5.0,1.0,4.0,1.0,1.76884193284187,-2.31028228150598,-0.264020662075569,-0.515508340977693,-0.567155289428958,2.76421659378891,550.042310946995,6.30999520426217
2012331,1.0,2,4200,1.0,1018826,32,30.2907915993538,monthly,3.0,3.0,3.0,3.0,4.0,3.0,2.0,3.0,3.0,2.0,4.0,-0.436691515665901,0.210589013995855,-0.264020662075569,0.0206682600391986,-1.59887070344321,3.41084375871396,4200.32310177706,8.342916730307115
2012356,1.0,2,1200,2.0,1015905,10,27.6944380336949,monthly,5.0,2.0,4.0,1.0,1.0,1.0,2.0,2.0,5.0,4.0,3.0,-2.64222496417367,-0.797759534455332,-1.46502951878527,2.16537466410676,0.980417831592419,3.32123160002427,1200.09231479345,7.09015376181175
2012373,,1,29,1.0,1028659,9,29.0,hourly,3.0,2.0,4.0,4.0,4.0,3.0,2.0,3.0,2.0,3.0,5.0,-0.436691515665901,0.210589013995855,-0.864525090430422,-1.05168494199458,-1.08301299643608,3.36729582998647,1131.0,7.030857476116121
2012438,,2,950,1.0,1028651,12,18.2706362027848,monthly,2.0,4.0,4.0,4.0,3.0,4.0,2.0,3.0,2.0,3.0,4.0,0.666075208587985,0.714763212595312,-0.864525090430422,-1.05168494199458,-0.567155289428958,2.90529519204881,950.07308254481,6.85653891063024
2012528,,1,19,1.0,1000116,50,19.0,hourly,2.0,5.0,5.0,3.0,2.0,4.0,4.0,3.0,2.0,3.0,3.0,0.666075208587985,-0.293585335855875,-1.46502951878527,-0.515508340977693,-0.0512975824218321,2.94443897916644,4116.66666666667,8.322799053388014
2012531,1.0,1,23,1.0,1028101,18,23.0,hourly,3.0,2.0,4.0,2.0,4.0,3.0,3.0,2.0,4.0,5.0,5.0,-0.436691515665901,-0.293585335855875,-1.46502951878527,1.09302146207298,-0.0512975824218321,3.13549421592915,1794.0,7.492203042618741
2012561,,1,35,2.0,1026101,3,35.0,hourly,2.0,3.0,3.0,3.0,4.0,4.0,2.0,4.0,2.0,2.0,4.0,0.666075208587985,0.210589013995855,0.336483766279283,-0.515508340977693,-1.59887070344321,3.55534806148941,455.0,6.12029741895095
2012572,1.0,1,18,1.0,1015811,16,18.0,hourly,4.0,3.0,3.0,2.0,4.0,3.0,1.0,4.0,3.0,3.0,2.0,-0.988074877792844,-0.293585335855875,0.336483766279283,0.55684486105609,-1.08301299643608,2.89037175789616,1248.0,7.129297548929373
2012597,,2,1300,1.0,1026058,14,21.4302199070258,monthly,4.0,4.0,3.0,3.0,1.0,3.0,3.0,3.0,2.0,3.0,5.0,-0.988074877792844,0.714763212595312,-0.264020662075569,-0.515508340977693,0.464560124585293,3.0648020710766,1300.1000076929,7.170196469485283
2012641,1.0,2,3700,2.0,1026378,3,284.637279790753,monthly,3.0,3.0,4.0,3.0,4.0,3.0,5.0,3.0,2.0,5.0,2.0,-0.436691515665901,-2.31028228150598,-0.864525090430422,-0.515508340977693,-0.0512975824218321,5.65121566720643,3700.28463727979,8.216165024667971
2012672,1.0,1,26,1.0,1027383,9,26.0,hourly,2.0,3.0,4.0,4.0,2.0,5.0,2.0,3.0,2.0,5.0,5.0,1.21745857071493,0.714763212595312,-0.864525090430422,-1.05168494199458,0.980417831592419,3.25809653802148,1014.0,6.921658184151129
2012718,2.0,2,3800,2.0,1027350,3,292.330179244557,monthly,2.0,4.0,2.0,2.0,2.0,5.0,3.0,5.0,3.0,3.0,5.0,1.21745857071493,0.714763212595312,1.53749262298899,0.55684486105609,-0.0512975824218321,5.6778839142886,3800.29233017924,8.242833271750131
2012739,,2,3002,2.0,1000126,40,17.32056312024,monthly,5.0,4.0,1.0,5.0,5.0,3.0,2.0,4.0,5.0,4.0,5.0,-1.53945823991979,1.21893771369932,1.53749262298899,0.0206682600391986,-1.08301299643608,2.8518944153217,3002.2309408416,8.007110938229062
2012749,,1,25,1.0,1026862,50,25.0,hourly,5.0,3.0,5.0,1.0,1.0,1.0,5.0,5.0,5.0,5.0,4.0,-2.64222496417367,-1.30193373305479,-0.264020662075569,2.16537466410676,1.49627553859954,3.2188758248682,5416.66666666667,8.597235899089775
2012781,1.0,1,28,1.0,1019275,1,28.0,hourly,1.0,4.0,5.0,4.0,1.0,4.0,3.0,4.0,3.0,4.0,4.0,1.21745857071493,0.210589013995855,-0.864525090430422,-0.515508340977693,0.980417831592419,3.3322045101752,121.333333333333,4.798541578968628
2012784,,2,1400,2.0,1027524,24,13.4625740441572,monthly,3.0,2.0,2.0,4.0,2.0,3.0,2.0,4.0,2.0,4.0,3.0,-0.436691515665901,-0.797759534455332,0.936988194634136,-1.05168494199458,0.464560124585293,2.59991354249763,1400.10770059235,7.244304441639002
2012816,,2,3200,1.0,1019374,42,17.5837701801237,monthly,3.0,3.0,1.0,2.0,3.0,4.0,1.0,5.0,4.0,4.0,5.0,0.114691846461042,1.21893771369932,2.13799705134384,1.09302146207298,-0.0512975824218321,2.86697632774668,3200.24617278251,8.070983014823469
2012829,,1,25,1.0,1018910,1,25.0,hourly,4.0,4.0,2.0,1.0,2.0,2.0,4.0,3.0,4.0,4.0,3.0,-1.53945823991979,-0.797759534455332,0.336483766279283,1.62919806308987,0.464560124585293,3.2188758248682,108.333333333333,4.685212893661625
2012856,1.0,2,4000,1.0,1028552,10,92.3147934456497,monthly,2.0,3.0,3.0,3.0,3.0,5.0,3.0,3.0,3.0,4.0,4.0,1.21745857071493,-0.293585335855875,-0.264020662075569,0.0206682600391986,-0.0512975824218321,4.52520440435021,4000.30771597815,8.294126566137681
2012862,1.0,2,750,2.0,1018204,8,21.6362797138241,monthly,4.0,5.0,3.0,4.0,3.0,3.0,1.0,3.0,3.0,2.0,1.0,-0.988074877792844,0.210589013995855,-0.264020662075569,-0.515508340977693,-1.08301299643608,3.07437152209275,750.057696745902,6.620150132566009
2012866,,2,2700,2.0,1027933,36,17.3090237710593,monthly,1.0,4.0,5.0,4.0,4.0,5.0,5.0,2.0,2.0,5.0,3.0,1.76884193284187,-1.30193373305479,-2.06553394714013,-1.05168494199458,-0.0512975824218321,2.85122797077854,2700.20770828525,7.901083978028074
2012906,1.0,2,4670,1.0,1027865,17,63.3985419692918,monthly,4.0,3.0,2.0,2.0,1.0,3.0,3.0,4.0,3.0,3.0,3.0,-0.988074877792844,-0.797759534455332,0.936988194634136,0.55684486105609,0.464560124585293,4.14944086384895,4670.3592584045,8.4489912766986
2012962,,1,27,1.0,1019522,1,27.0,hourly,2.0,2.0,2.0,1.0,3.0,4.0,4.0,4.0,3.0,2.0,4.0,0.666075208587985,-1.30193373305479,0.936988194634136,1.09302146207298,-1.08301299643608,3.29583686600433,117.0,4.762173934797756
2012965,1.0,2,3500,1.0,1019927,34,23.7574836073363,monthly,3.0,2.0,4.0,2.0,5.0,2.0,4.0,3.0,3.0,2.0,4.0,-0.988074877792844,-1.30193373305479,-0.864525090430422,0.55684486105609,-2.11472841045033,3.16789758010357,3500.26925148088,8.160595173513158
2013007,,1,21,1.0,1019491,8,21.0,hourly,3.0,4.0,2.0,2.0,2.0,3.0,2.0,5.0,2.0,2.0,4.0,-0.436691515665901,0.714763212595312,1.53749262298899,0.0206682600391986,-0.567155289428958,3.04452243772342,728.0,6.590301048196686
2013009,,1,18,1.0,1026358,1,18.0,hourly,2.0,4.0,5.0,1.0,5.0,4.0,5.0,1.0,5.0,1.0,3.0,0.666075208587985,-1.30193373305479,-2.66603837549498,2.16537466410676,-2.63058611745746,2.89037175789616,78.0,4.356708826689592
2013014,,2,1000,1.0,1028064,1,230.786983614124,monthly,3.0,4.0,5.0,3.0,3.0,2.0,1.0,3.0,2.0,3.0,5.0,-0.988074877792844,1.72311145854195,-1.46502951878527,-0.515508340977693,-0.567155289428958,5.44149513622436,1000.07692899454,6.907832205017794
2013044,2.0,1,19,2.0,1015315,8,19.0,hourly,3.0,2.0,2.0,3.0,5.0,5.0,3.0,4.0,3.0,4.0,1.0,0.666075208587985,-2.31028228150598,0.936988194634136,0.0206682600391986,-1.08301299643608,2.94443897916644,658.666666666667,6.490217589639704
2013055,,1,18,2.0,1027655,10,18.0,hourly,2.0,4.0,4.0,5.0,4.0,5.0,2.0,5.0,2.0,4.0,4.0,1.21745857071493,0.714763212595312,0.336483766279283,-1.58786154301148,-0.567155289428958,2.89037175789616,780.0,6.659293919683638
2013058,1.0,2,1600,1.0,1028374,32,11.5393491807062,monthly,4.0,4.0,4.0,3.0,2.0,3.0,2.0,5.0,4.0,4.0,5.0,-0.988074877792844,1.21893771369932,0.336483766279283,0.55684486105609,0.464560124585293,2.44576286267037,1600.12308639126,7.377835834263527
2013066,3.0,2,3500,2.0,1028648,5,161.550888529887,monthly,2.0,4.0,4.0,3.0,2.0,3.0,2.0,3.0,3.0,4.0,4.0,0.114691846461042,0.714763212595312,-0.864525090430422,0.0206682600391986,0.464560124585293,5.08482019228563,3500.26925148089,8.160595173513162
2013086,,2,1200,2.0,1019971,8,34.6180475421186,monthly,3.0,4.0,4.0,3.0,2.0,3.0,4.0,4.0,3.0,3.0,4.0,-0.436691515665901,-0.293585335855875,-0.264020662075569,0.0206682600391986,-0.0512975824218321,3.54437515133848,1200.09231479344,7.090153761811742
2013105,1.0,2,6000,2.0,1027535,20,69.2360950842372,monthly,1.0,5.0,2.0,3.0,2.0,4.0,1.0,4.0,2.0,3.0,5.0,1.21745857071493,2.22728595964596,0.936988194634136,-0.515508340977693,-0.0512975824218321,4.23752233189843,6000.46157396722,8.699591674245845
2013166,,1,16,,1027495,24,16.0,hourly,3.0,3.0,4.0,4.0,2.0,4.0,2.0,4.0,3.0,5.0,3.0,0.114691846461042,-0.293585335855875,-0.264020662075569,-0.515508340977693,0.980417831592419,2.77258872223978,1664.0,7.416979621381154
2013193,,1,22,2.0,1026752,42,22.0,hourly,4.0,2.0,4.0,2.0,2.0,1.0,5.0,4.0,3.0,2.0,2.0,-2.09084160204673,-2.81445663135771,-0.264020662075569,0.55684486105609,-0.567155289428958,3.09104245335832,4004.0,8.295049140435111
2013203,,1,25,2.0,1026454,10,25.0,hourly,3.0,2.0,4.0,4.0,4.0,4.0,2.0,3.0,2.0,4.0,4.0,0.114691846461042,-0.293585335855875,-0.864525090430422,-1.05168494199458,-0.567155289428958,3.2188758248682,1083.33333333333,6.9877979866556705
2013231,,2,3200,1.0,1000173,50,14.7703669513039,monthly,3.0,5.0,4.0,2.0,1.0,5.0,3.0,5.0,4.0,3.0,3.0,0.666075208587985,0.210589013995855,0.336483766279283,1.09302146207298,0.464560124585293,2.6926229406019,3200.24617278251,8.070983014823469
2013239,,1,22,1.0,1027182,20,22.0,hourly,4.0,5.0,5.0,2.0,3.0,2.0,1.0,3.0,5.0,3.0,1.0,-1.53945823991979,0.210589013995855,-1.46502951878527,1.62919806308987,-0.567155289428958,3.09104245335832,1906.66666666667,7.553111795705735
2013302,,1,28,1.0,1027453,4,28.0,hourly,2.0,3.0,3.0,1.0,4.0,4.0,3.0,3.0,3.0,5.0,4.0,0.666075208587985,-0.293585335855875,-0.264020662075569,1.09302146207298,-0.0512975824218321,3.3322045101752,485.333333333333,6.1848359400885204
2013307,1.0,2,4700,1.0,1026051,38,28.5447058680627,monthly,5.0,3.0,4.0,5.0,4.0,4.0,3.0,5.0,4.0,4.0,5.0,-0.988074877792844,0.210589013995855,0.336483766279283,-0.515508340977693,-0.567155289428958,3.35147148521399,4700.36156627432,8.455394713733803
2013322,,1,25,1.0,1027459,20,25.0,hourly,3.0,4.0,5.0,5.0,5.0,5.0,5.0,3.0,2.0,5.0,3.0,0.666075208587985,-1.30193373305479,-1.46502951878527,-1.58786154301148,-0.567155289428958,3.2188758248682,2166.66666666667,7.68094516721562
2013331,1.0,1,26,1.0,1026559,3,26.0,hourly,4.0,5.0,5.0,3.0,5.0,4.0,1.0,4.0,2.0,2.0,2.0,-0.436691515665901,0.714763212595312,-0.864525090430422,-0.515508340977693,-2.11472841045033,3.25809653802148,338.0,5.823045895483019
2013402,1.0,1,25,1.0,1027241,30,25.0,hourly,4.0,3.0,2.0,2.0,2.0,3.0,3.0,4.0,2.0,4.0,3.0,-0.988074877792844,-0.797759534455332,0.936988194634136,0.0206682600391986,0.464560124585293,3.2188758248682,3250.0,8.086410275323782
2013418,,1,25,1.0,1028328,32,25.0,hourly,4.0,4.0,3.0,4.0,4.0,3.0,4.0,3.0,3.0,4.0,4.0,-0.988074877792844,-0.293585335855875,-0.264020662075569,-0.515508340977693,-0.567155289428958,3.2188758248682,3466.66666666667,8.150948796461355
2013422,,2,1200,1.0,1028494,2,138.472190168474,monthly,4.0,4.0,4.0,2.0,1.0,2.0,3.0,2.0,4.0,5.0,4.0,-1.53945823991979,0.210589013995855,-1.46502951878527,1.09302146207298,1.49627553859954,4.93066951245837,1200.09231479344,7.090153761811742
3011004,,1,15,,1028491,25,15.0,hourly,4.0,4.0,4.0,3.0,3.0,2.0,3.0,4.0,3.0,4.0,4.0,-1.53945823991979,0.210589013995855,-0.264020662075569,0.0206682600391986,-0.0512975824218321,2.70805020110221,1625.0,7.393263094763838
3011075,,1,18,2.0,1000178,4,18.0,hourly,3.0,5.0,5.0,5.0,3.0,4.0,3.0,3.0,4.0,3.0,5.0,0.114691846461042,1.21893771369932,-1.46502951878527,-0.515508340977693,-0.567155289428958,2.89037175789616,312.0,5.7430031878094825
3011188,,2,1200,1.0,1028128,13,21.303413872073,monthly,4.0,4.0,2.0,3.0,5.0,2.0,2.0,3.0,2.0,4.0,5.0,-1.53945823991979,1.21893771369932,0.336483766279283,-0.515508340977693,-1.08301299643608,3.05886733555678,1200.09231479345,7.09015376181175
3011196,2.0,2,2500,1.0,1018593,1,576.96745903531,monthly,3.0,2.0,1.0,1.0,3.0,2.0,2.0,5.0,4.0,2.0,4.0,-0.988074877792844,-0.293585335855875,2.13799705134384,1.62919806308987,-1.08301299643608,6.35778586809852,2500.19232248634,7.8241229368919445
3011229,,2,3900,1.0,1019860,42,21.4302199070258,monthly,3.0,2.0,2.0,4.0,5.0,3.0,2.0,3.0,2.0,4.0,3.0,-0.436691515665901,-0.797759534455332,0.336483766279283,-1.05168494199458,-1.08301299643608,3.0648020710766,3900.3000230787,8.268808758153392
3011256,,1,32,2.0,1020077,10,32.0,hourly,2.0,2.0,3.0,1.0,5.0,3.0,2.0,1.0,3.0,4.0,1.0,0.114691846461042,-1.80610808290652,-1.46502951878527,1.09302146207298,-1.08301299643608,3.46573590279973,1386.66666666667,7.234658064587202
3011264,,2,2100,2.0,1018413,4,121.163166397415,monthly,2.0,3.0,5.0,2.0,1.0,5.0,3.0,4.0,5.0,3.0,5.0,1.21745857071493,0.210589013995855,-0.864525090430422,1.62919806308987,0.464560124585293,4.79713811983385,2100.16155088853,7.64976954974717
3011286,,1,32,1.0,1019721,6,32.0,hourly,3.0,3.0,3.0,4.0,4.0,4.0,3.0,4.0,2.0,2.0,4.0,0.114691846461042,-0.293585335855875,0.336483766279283,-1.05168494199458,-1.59887070344321,3.46573590279973,832.0,6.723832440821209
3011301,,2,1000,1.0,1018082,4,57.696745903531,monthly,5.0,5.0,5.0,5.0,5.0,4.0,5.0,3.0,2.0,1.0,4.0,-0.988074877792844,-0.293585335855875,-1.46502951878527,-1.58786154301148,-2.63058611745746,4.05520077510447,1000.07692899454,6.907832205017794
3011357,2.0,2,4100,1.0,1028001,35,27.0350466519403,monthly,5.0,5.0,5.0,5.0,5.0,5.0,5.0,5.0,5.0,5.0,5.0,-0.436691515665901,0.210589013995855,-0.264020662075569,0.0206682600391986,-0.567155289428958,3.29713404844521,4100.31540887761,8.318819178728054
3011369,,1,17,2.0,1018638,30,17.0,hourly,3.0,3.0,2.0,3.0,3.0,4.0,2.0,4.0,2.0,3.0,5.0,0.114691846461042,0.714763212595312,0.936988194634136,-0.515508340977693,-0.567155289428958,2.83321334405622,2210.0,7.700747794511798
3011452,,1,20,2.0,1019650,20,20.0,hourly,1.0,4.0,3.0,4.0,5.0,5.0,3.0,3.0,2.0,4.0,4.0,1.76884193284187,0.210589013995855,-0.264020662075569,-1.05168494199458,-1.08301299643608,2.99573227355399,1733.33333333333,7.457801615901407
3011454,1.0,2,1000,1.0,1018696,10,23.0786983614124,monthly,3.0,2.0,4.0,4.0,4.0,4.0,2.0,3.0,2.0,5.0,4.0,0.114691846461042,-0.293585335855875,-0.864525090430422,-1.05168494199458,-0.0512975824218321,3.13891004323032,1000.07692899454,6.907832205017794
3011457,,1,20,2.0,1018334,3,20.0,hourly,4.0,4.0,3.0,3.0,2.0,3.0,2.0,4.0,2.0,5.0,1.0,-0.988074877792844,-0.797759534455332,0.336483766279283,-0.515508340977693,0.980417831592419,2.99573227355399,260.0,5.560681631015528
3011484,1.0,2,700,2.0,1018189,4,40.3877221324717,monthly,3.0,4.0,4.0,3.0,5.0,4.0,3.0,3.0,4.0,2.0,4.0,0.114691846461042,0.210589013995855,-0.864525090430422,0.55684486105609,-2.11472841045033,3.69852583116574,700.053850296176,6.551157261079059
3011501,,1,27,1.0,1020158,36,27.0,hourly,5.0,3.0,4.0,3.0,5.0,2.0,4.0,3.0,4.0,1.0,4.0,-2.09084160204673,-0.797759534455332,-0.864525090430422,0.55684486105609,-2.63058611745746,3.29583686600433,4212.0,8.345692873253865
3011503,1.0,1,23,2.0,1028633,8,23.0,hourly,3.0,2.0,4.0,4.0,2.0,3.0,4.0,2.0,4.0,3.0,2.0,-0.436691515665901,-2.31028228150598,-1.46502951878527,0.0206682600391986,-0.0512975824218321,3.13549421592915,797.333333333333,6.681272826402412
3011507,1.0,2,2700,2.0,1019465,4,155.781213939534,monthly,4.0,4.0,3.0,2.0,2.0,3.0,5.0,4.0,3.0,5.0,5.0,-0.988074877792844,-0.293585335855875,0.336483766279283,0.55684486105609,0.980417831592419,5.04845254811476,2700.20770828526,7.901083978028078
3011512,3.0,2,500,,1015213,5,23.0786983614124,monthly,5.0,5.0,5.0,5.0,5.0,5.0,5.0,5.0,5.0,5.0,5.0,-0.436691515665901,0.210589013995855,-0.264020662075569,0.0206682600391986,-0.567155289428958,3.13891004323032,500.038464497269,6.214685024457847
3011534,1.0,2,4200,1.0,1019370,50,19.3861066235864,monthly,1.0,3.0,,,,,,,,,,1.43801191556571,0.311423762964382,-0.0238188907336281,-0.72997898138445,0.567732078672884,2.96455665608554,4200.32310177705,8.342916730307111
3011617,,2,2800,2.0,1026666,9,71.800394902172,monthly,1.0,4.0,4.0,3.0,2.0,5.0,3.0,3.0,4.0,3.0,3.0,1.76884193284187,-0.293585335855875,-0.864525090430422,0.55684486105609,-0.0512975824218321,4.2738899760693,2800.21540118471,7.937451622198951
3011663,1.0,2,4600,1.0,1020133,17,62.4482426249983,monthly,2.0,4.0,3.0,2.0,4.0,2.0,2.0,4.0,3.0,2.0,4.0,-0.436691515665901,0.714763212595312,0.336483766279283,0.55684486105609,-1.59887070344321,4.1343380956632,4600.35387337487,8.43388850851284
3011674,,2,3800,1.0,1026081,34,25.793839345108,monthly,3.0,3.0,2.0,2.0,5.0,2.0,5.0,5.0,2.0,5.0,4.0,-0.988074877792844,-1.30193373305479,1.53749262298899,0.0206682600391986,-0.567155289428958,3.25013567834054,3800.29233017925,8.242833271750133
3011679,1.0,2,4000,1.0,1028285,40,23.0786983614124,monthly,2.0,3.0,4.0,3.0,3.0,2.0,3.0,3.0,4.0,4.0,4.0,-0.436691515665901,-0.293585335855875,-0.864525090430422,0.55684486105609,-0.0512975824218321,3.13891004323032,4000.30771597815,8.294126566137681
3011692,,1,25,2.0,1028643,4,25.0,hourly,1.0,2.0,1.0,4.0,2.0,4.0,4.0,4.0,1.0,5.0,4.0,1.21745857071493,-1.30193373305479,1.53749262298899,-1.58786154301148,0.980417831592419,3.2188758248682,433.333333333333,6.071507254781517
3011695,,1,19,2.0,1026255,15,19.0,hourly,3.0,4.0,4.0,2.0,4.0,3.0,2.0,3.0,2.0,2.0,4.0,-0.436691515665901,0.714763212595312,-0.864525090430422,0.0206682600391986,-1.59887070344321,2.94443897916644,1235.0,7.118826249062078
3011713,,2,900,1.0,1027706,42,4.9454353631598,monthly,5.0,5.0,4.0,2.0,4.0,3.0,2.0,3.0,4.0,5.0,5.0,-1.53945823991979,1.72311145854195,-0.864525090430422,1.09302146207298,-0.0512975824218321,1.59846500228317,900.069236095084,6.802471689359965
3011738,,2,3300,1.0,1019691,30,25.3865681975537,monthly,3.0,2.0,3.0,3.0,3.0,4.0,2.0,3.0,2.0,4.0,5.0,0.114691846461042,0.210589013995855,-0.264020662075569,-0.515508340977693,-0.0512975824218321,3.23422022303464,3300.25386568198,8.101754673490227
3011747,1.0,2,2800,2.0,1026006,18,35.900197451086,monthly,3.0,2.0,3.0,2.0,4.0,3.0,2.0,4.0,3.0,2.0,5.0,-0.436691515665901,0.210589013995855,0.336483766279283,0.55684486105609,-1.59887070344321,3.58074279550936,2800.21540118471,7.937451622198951
3011752,,2,2500,2.0,1027756,6,96.1612431725517,monthly,1.0,1.0,3.0,2.0,1.0,5.0,2.0,3.0,3.0,5.0,3.0,1.76884193284187,-1.30193373305479,-0.264020662075569,0.55684486105609,1.49627553859954,4.56602639887046,2500.19232248634,7.8241229368919445
3011754,,1,25,1.0,1027940,21,25.0,hourly,2.0,2.0,2.0,1.0,5.0,3.0,3.0,4.0,2.0,3.0,3.0,0.114691846461042,-1.30193373305479,0.936988194634136,0.55684486105609,-1.59887070344321,3.2188758248682,2275.0,7.729735331385051
3011763,,1,15,2.0,1018168,8,15.0,hourly,1.0,4.0,3.0,5.0,1.0,5.0,3.0,3.0,2.0,4.0,5.0,1.76884193284187,0.714763212595312,-0.264020662075569,-1.58786154301148,0.980417831592419,2.70805020110221,520.0,6.253828811575473
3011781,1.0,2,3700,1.0,1019485,10,85.391183937226,monthly,1.0,4.0,5.0,5.0,1.0,5.0,3.0,2.0,2.0,5.0,4.0,1.76884193284187,0.210589013995855,-2.06553394714013,-1.58786154301148,1.49627553859954,4.4472428628805,3700.28463727979,8.216165024667971
3011790,,2,900,2.0,1028042,5,41.5416570505423,monthly,3.0,3.0,3.0,3.0,3.0,3.0,3.0,3.0,3.0,3.0,3.0,-0.436691515665901,-0.797759534455332,-0.264020662075569,0.0206682600391986,-0.567155289428958,3.72669670813244,900.069236095083,6.802471689359964
3011855,,1,27,1.0,1026034,15,27.0,hourly,5.0,5.0,1.0,3.0,1.0,2.0,1.0,5.0,2.0,3.0,5.0,-2.09084160204673,2.22728595964596,2.13799705134384,-0.515508340977693,0.464560124585293,3.29583686600433,1755.0,7.470224135899966
3011857,,1,20,1.0,1027039,7,20.0,hourly,1.0,5.0,2.0,5.0,1.0,5.0,1.0,3.0,2.0,5.0,1.0,1.76884193284187,0.210589013995855,0.336483766279283,-1.58786154301148,1.49627553859954,2.99573227355399,606.666666666667,6.407979491402732
3011867,,1,25,2.0,1026294,1,25.0,hourly,2.0,2.0,2.0,4.0,1.0,2.0,5.0,3.0,1.0,4.0,3.0,-0.436691515665901,-2.31028228150598,0.336483766279283,-1.58786154301148,0.980417831592419,3.2188758248682,108.333333333333,4.685212893661625
3011874,1.0,2,4800,1.0,1027934,16,69.2360950842372,monthly,1.0,4.0,3.0,1.0,3.0,5.0,2.0,2.0,5.0,5.0,2.0,1.76884193284187,-0.293585335855875,-0.864525090430422,2.16537466410676,0.464560124585293,4.23752233189843,4800.36925917378,8.476448122931636
3011885,1.0,2,4200,1.0,1027947,50,19.3861066235864,monthly,3.0,2.0,3.0,3.0,3.0,3.0,3.0,3.0,3.0,3.0,3.0,-0.436691515665901,-1.30193373305479,-0.264020662075569,0.0206682600391986,-0.567155289428958,2.96455665608554,4200.32310177705,8.342916730307111
3011892,1.0,2,4500,1.0,1027078,16,64.9088391414724,monthly,1.0,4.0,2.0,1.0,1.0,3.0,5.0,5.0,5.0,5.0,4.0,0.666075208587985,-0.797759534455332,1.53749262298899,2.16537466410676,1.49627553859954,4.17298381076086,4500.34618047542,8.411909601794065
3011894,,2,800,,1019843,35,5.27513105403712,monthly,1.0,5.0,4.0,3.0,3.0,4.0,4.0,4.0,3.0,3.0,5.0,1.21745857071493,0.714763212595312,-0.264020662075569,0.0206682600391986,-0.567155289428958,1.66300352342074,800.06154319563,6.6846886537035815
3011901,,2,4600,2.0,1028356,15,70.7746749749981,monthly,3.0,1.0,3.0,3.0,1.0,1.0,5.0,5.0,5.0,3.0,5.0,-1.53945823991979,-1.80610808290652,0.936988194634136,1.09302146207298,0.464560124585293,4.2595012386172,4600.35387337488,8.433888508512842
3011903,,2,4000,2.0,1015518,8,115.393491807062,monthly,4.0,3.0,4.0,4.0,5.0,5.0,3.0,4.0,5.0,5.0,3.0,0.114691846461042,-0.797759534455332,-0.264020662075569,0.55684486105609,-0.567155289428958,4.74834795566442,4000.30771597815,8.294126566137681
3011931,1.0,1,30,1.0,1026191,4,30.0,hourly,2.0,5.0,3.0,2.0,2.0,5.0,2.0,4.0,3.0,4.0,5.0,1.21745857071493,1.72311145854195,0.336483766279283,0.55684486105609,0.464560124585293,3.40119738166216,520.0,6.253828811575473
3011977,1.0,1,18,2.0,1018543,12,18.0,hourly,4.0,3.0,5.0,1.0,2.0,3.0,2.0,5.0,5.0,5.0,5.0,-0.988074877792844,0.714763212595312,-0.264020662075569,2.16537466410676,0.980417831592419,2.89037175789616,936.0,6.841615476477592
3012001,,1,25,2.0,1019279,30,25.0,hourly,4.0,3.0,4.0,5.0,4.0,4.0,3.0,4.0,4.0,4.0,3.0,-0.436691515665901,-0.797759534455332,-0.264020662075569,-0.515508340977693,-0.567155289428958,3.2188758248682,3250.0,8.086410275323782
3012032,,1,17,2.0,1000166,4,17.0,hourly,4.0,4.0,4.0,5.0,2.0,3.0,2.0,4.0,3.0,4.0,5.0,-0.988074877792844,1.21893771369932,-0.264020662075569,-1.05168494199458,0.464560124585293,2.83321334405622,294.666666666667,5.685844773969535
3012046,,1,20,2.0,1027295,60,20.0,hourly,3.0,1.0,3.0,2.0,2.0,2.0,2.0,3.0,4.0,4.0,1.0,-0.988074877792844,-2.31028228150598,-0.264020662075569,1.09302146207298,0.464560124585293,2.99573227355399,5200.0,8.556413904569519
3012068,1.0,2,4500,2.0,1018929,4,259.63535656589,monthly,5.0,3.0,2.0,4.0,3.0,2.0,1.0,4.0,3.0,4.0,5.0,-2.09084160204673,1.21893771369932,0.936988194634136,-0.515508340977693,-0.0512975824218321,5.55927817188075,4500.34618047543,8.411909601794068
3012082,1.0,1,21,1.0,1018205,3,21.0,hourly,4.0,3.0,2.0,1.0,4.0,3.0,3.0,5.0,5.0,2.0,5.0,-0.988074877792844,0.210589013995855,1.53749262298899,2.16537466410676,-1.59887070344321,3.04452243772342,273.0,5.60947179518496
3012121,,2,3900,1.0,1000155,42,21.4302199070258,monthly,1.0,5.0,5.0,4.0,4.0,4.0,2.0,3.0,3.0,2.0,1.0,1.21745857071493,-0.293585335855875,-1.46502951878527,-0.515508340977693,-1.59887070344321,3.0648020710766,3900.3000230787,8.268808758153392
3012132,1.0,1,24,2.0,1026716,26,24.0,hourly,3.0,3.0,2.0,3.0,1.0,4.0,4.0,5.0,2.0,5.0,4.0,0.114691846461042,-0.797759534455332,1.53749262298899,-0.515508340977693,1.49627553859954,3.17805383034795,2704.0,7.902487437162855
3012159,1.0,2,4500,1.0,1027788,25,41.5416570505423,monthly,1.0,4.0,5.0,5.0,1.0,5.0,1.0,4.0,2.0,5.0,4.0,1.76884193284187,1.21893771369932,-0.864525090430422,-1.58786154301148,1.49627553859954,3.72669670813244,4500.34618047542,8.411909601794065
3012198,,1,35,1.0,1026833,18,35.0,hourly,3.0,1.0,3.0,1.0,1.0,3.0,2.0,1.0,4.0,5.0,5.0,-0.436691515665901,-0.293585335855875,-1.46502951878527,1.62919806308987,1.49627553859954,3.55534806148941,2730.0,7.912056888179006
3012208,1.0,1,21,1.0,1018320,12,21.0,hourly,2.0,1.0,5.0,3.0,1.0,3.0,3.0,2.0,3.0,4.0,2.0,0.114691846461042,-2.31028228150598,-2.06553394714013,0.0206682600391986,0.980417831592419,3.04452243772342,1092.0,6.9957661563048505
3012218,,1,22,2.0,1015529,8,22.0,hourly,2.0,4.0,5.0,5.0,5.0,4.0,4.0,3.0,2.0,2.0,4.0,0.666075208587985,-0.293585335855875,-1.46502951878527,-1.58786154301148,-2.11472841045033,3.09104245335832,762.666666666667,6.636821063831579
3012248,2.0,1,22,1.0,1019033,3,22.0,hourly,2.0,2.0,4.0,2.0,4.0,3.0,3.0,5.0,3.0,4.0,2.0,0.114691846461042,-1.80610808290652,0.336483766279283,0.55684486105609,-0.567155289428958,3.09104245335832,286.0,5.655991810819852
3012269,,1,6,2.0,1018174,30,6.0,hourly,3.0,3.0,5.0,5.0,5.0,4.0,4.0,4.0,2.0,2.0,5.0,0.114691846461042,-0.293585335855875,-0.864525090430422,-1.58786154301148,-2.11472841045033,1.79175946922805,780.0,6.659293919683638
3012277,,1,21,1.0,1019305,5,21.0,hourly,3.0,4.0,3.0,2.0,3.0,4.0,2.0,4.0,4.0,4.0,4.0,0.114691846461042,0.714763212595312,0.336483766279283,1.09302146207298,-0.0512975824218321,3.04452243772342,455.0,6.12029741895095
3012288,,2,4300,2.0,1027133,40,24.8096007385183,monthly,4.0,3.0,3.0,2.0,2.0,2.0,3.0,3.0,3.0,4.0,5.0,-1.53945823991979,0.210589013995855,-0.264020662075569,0.55684486105609,0.464560124585293,3.21123070480994,4300.3307946765,8.366447227717305
3012294,,2,4500,2.0,1028455,17,61.0906721331505,monthly,4.0,4.0,4.0,4.0,4.0,4.0,4.0,4.0,4.0,4.0,4.0,-0.436691515665901,-0.293585335855875,-0.264020662075569,0.0206682600391986,-0.567155289428958,4.11235918894442,4500.34618047542,8.411909601794065
3012337,1.0,2,2600,1.0,1019528,15,40.0030771597815,monthly,2.0,4.0,3.0,5.0,5.0,4.0,2.0,4.0,2.0,4.0,4.0,0.666075208587985,0.714763212595312,0.336483766279283,-1.58786154301148,-1.08301299643608,3.68895638014959,2600.2000153858,7.863343650045229
3012372,3.0,2,170,2.0,1018277,20,1.96168936072006,monthly,4.0,5.0,5.0,3.0,4.0,4.0,3.0,4.0,5.0,3.0,5.0,-0.436691515665901,1.21893771369932,-0.864525090430422,1.09302146207298,-1.08301299643608,0.673806020738498,170.013077929072,5.13587536308592
3012382,,1,18,2.0,1020132,32,18.0,hourly,4.0,4.0,4.0,2.0,4.0,4.0,2.0,2.0,2.0,3.0,4.0,-0.436691515665901,0.714763212595312,-1.46502951878527,0.0206682600391986,-1.08301299643608,2.89037175789616,2496.0,7.822444729489319
3012400,,1,20,2.0,1015582,10,20.0,hourly,4.0,5.0,3.0,3.0,1.0,3.0,1.0,3.0,5.0,4.0,5.0,-0.988074877792844,2.22728595964596,-0.264020662075569,1.09302146207298,0.980417831592419,2.99573227355399,866.666666666667,6.764654435341464
3012402,,1,24,1.0,1019435,10,24.0,hourly,2.0,2.0,1.0,1.0,3.0,4.0,4.0,5.0,5.0,2.0,3.0,0.666075208587985,-1.80610808290652,2.13799705134384,2.16537466410676,-1.08301299643608,3.17805383034795,1040.0,6.946975992135418
3012414,2.0,1,24,,1015041,5,24.0,hourly,1.0,4.0,1.0,4.0,4.0,5.0,4.0,5.0,1.0,5.0,4.0,1.76884193284187,-0.293585335855875,2.13799705134384,-1.58786154301148,-0.0512975824218321,3.17805383034795,520.0,6.253828811575473
3012436,,1,26,1.0,1026902,42,26.0,hourly,2.0,4.0,3.0,5.0,2.0,5.0,4.0,4.0,1.0,5.0,5.0,1.21745857071493,0.210589013995855,0.336483766279283,-2.12403814402837,0.980417831592419,3.25809653802148,4732.0,8.462103225098277
3012437,,2,3400,1.0,1018771,34,23.0786983614124,monthly,1.0,4.0,4.0,3.0,4.0,5.0,3.0,4.0,2.0,3.0,4.0,1.76884193284187,0.210589013995855,-0.264020662075569,-0.515508340977693,-1.08301299643608,3.13891004323032,3400.26155858143,8.131607636639908
3012458,,1,25,1.0,1026389,28,25.0,hourly,2.0,3.0,4.0,5.0,4.0,5.0,5.0,4.0,2.0,5.0,5.0,1.21745857071493,-0.797759534455332,-0.264020662075569,-1.58786154301148,-0.0512975824218321,3.2188758248682,3033.33333333333,8.01741740383683
3012470,2.0,2,2200,1.0,1026775,22,23.0786983614124,monthly,3.0,4.0,4.0,3.0,5.0,4.0,2.0,4.0,2.0,3.0,4.0,0.114691846461042,0.714763212595312,-0.264020662075569,-0.515508340977693,-1.59887070344321,3.13891004323032,2200.16924378798,7.69628956538206
3012494,2.0,2,4400,2.0,1027860,32,31.7332102469421,monthly,1.0,4.0,5.0,5.0,5.0,4.0,2.0,5.0,1.0,5.0,2.0,1.21745857071493,-0.293585335855875,-0.264020662075569,-2.12403814402837,-0.567155289428958,3.45736377434885,4400.33848757597,8.389436745942008
3012510,,2,4500,1.0,1028102,34,30.5453360665753,monthly,2.0,3.0,2.0,3.0,2.0,4.0,4.0,4.0,2.0,4.0,5.0,0.666075208587985,-0.293585335855875,0.936988194634136,-0.515508340977693,0.464560124585293,3.41921200838448,4500.34618047543,8.411909601794068
3012516,2.0,2,4000,2.0,1028071,5,184.629586891299,monthly,4.0,4.0,4.0,3.0,4.0,3.0,4.0,4.0,4.0,4.0,4.0,-0.988074877792844,-0.293585335855875,-0.264020662075569,0.55684486105609,-0.567155289428958,5.21835158491016,4000.30771597814,8.29412656613768
3012546,,1,20,1.0,1020256,12,20.0,hourly,5.0,2.0,3.0,4.0,1.0,3.0,2.0,5.0,3.0,4.0,4.0,-1.53945823991979,-0.293585335855875,0.936988194634136,-0.515508340977693,0.980417831592419,2.99573227355399,1040.0,6.946975992135418
3012576,1.0,2,2400,1.0,1018908,16,34.6180475421186,monthly,2.0,2.0,3.0,4.0,2.0,3.0,3.0,4.0,2.0,5.0,5.0,0.114691846461042,-0.293585335855875,0.336483766279283,-1.05168494199458,0.980417831592419,3.54437515133848,2400.18462958689,7.7833009423716915
3012601,1.0,2,3668,1.0,1019262,33,25.6523229059578,monthly,2.0,5.0,2.0,4.0,2.0,5.0,2.0,4.0,2.0,5.0,5.0,1.21745857071493,1.72311145854195,0.936988194634136,-1.05168494199458,0.980417831592419,3.2446341291521,3668.28217555197,8.20747875941201
3012630,2.0,2,3000,2.0,1020161,40,17.3090237710593,monthly,4.0,4.0,3.0,3.0,4.0,3.0,3.0,4.0,4.0,3.0,3.0,-0.988074877792844,-0.293585335855875,0.336483766279283,0.55684486105609,-1.08301299643608,2.85122797077854,3000.23078698361,8.0064444936859
3012635,1.0,2,3800,2.0,1019899,35,25.0568725066763,monthly,2.0,4.0,4.0,1.0,3.0,4.0,2.0,4.0,3.0,2.0,5.0,0.666075208587985,1.21893771369932,-0.264020662075569,1.09302146207298,-1.08301299643608,3.22114814146729,3800.29233017924,8.242833271750131
3012655,,1,25,1.0,1019488,3,25.0,hourly,3.0,4.0,3.0,3.0,1.0,4.0,3.0,3.0,3.0,4.0,5.0,0.114691846461042,0.714763212595312,-0.264020662075569,0.0206682600391986,0.980417831592419,3.2188758248682,325.0,5.783825182329737
3012671,,1,17,1.0,1026359,45,17.0,hourly,4.0,4.0,2.0,2.0,3.0,3.0,4.0,4.0,4.0,4.0,5.0,-0.988074877792844,0.210589013995855,0.936988194634136,1.09302146207298,-0.0512975824218321,2.83321334405622,3315.0,8.106212902619962
3012715,,1,26,1.0,1028640,44,26.0,hourly,2.0,4.0,3.0,3.0,5.0,4.0,3.0,4.0,3.0,4.0,5.0,0.666075208587985,0.714763212595312,0.336483766279283,0.0206682600391986,-1.08301299643608,3.25809653802148,4957.33333333333,8.50862324073317
3012728,,1,27,2.0,1015464,30,27.0,hourly,1.0,1.0,3.0,3.0,1.0,5.0,3.0,4.0,2.0,5.0,5.0,1.76884193284187,-0.797759534455332,0.336483766279283,-0.515508340977693,1.49627553859954,3.29583686600433,3510.0,8.163371316459912
3012729,,1,18,2.0,1015469,3,18.0,hourly,5.0,2.0,4.0,3.0,1.0,4.0,3.0,5.0,4.0,3.0,4.0,-0.988074877792844,-0.797759534455332,0.336483766279283,0.55684486105609,0.464560124585293,2.89037175789616,234.0,5.455321115357702
3012782,1.0,2,3800,2.0,1019640,80,10.9623817216709,monthly,4.0,4.0,2.0,3.0,4.0,3.0,2.0,4.0,3.0,2.0,5.0,-0.988074877792844,1.21893771369932,0.936988194634136,0.0206682600391986,-1.59887070344321,2.39446956828282,3800.29233017925,8.242833271750133
3012833,,2,1200,1.0,1028083,5,55.3888760673898,monthly,3.0,4.0,4.0,4.0,5.0,4.0,4.0,4.0,5.0,4.0,3.0,0.114691846461042,-0.797759534455332,-0.264020662075569,0.55684486105609,-1.08301299643608,4.01437878058422,1200.09231479345,7.09015376181175
3012836,,1,24,1.0,1026295,18,24.0,hourly,2.0,3.0,2.0,3.0,2.0,4.0,4.0,5.0,3.0,4.0,4.0,0.666075208587985,-0.797759534455332,1.53749262298899,0.0206682600391986,0.464560124585293,3.17805383034795,1872.0,7.534762657037537
3012849,1.0,1,20,2.0,1019936,2,20.0,hourly,4.0,5.0,2.0,2.0,2.0,3.0,3.0,4.0,5.0,4.0,5.0,-0.988074877792844,1.21893771369932,0.936988194634136,1.62919806308987,0.464560124585293,2.99573227355399,173.333333333333,5.155216522907361
3012850,,1,25,2.0,1027296,25,25.0,hourly,3.0,1.0,4.0,4.0,2.0,4.0,4.0,4.0,3.0,3.0,3.0,0.114691846461042,-2.31028228150598,-0.264020662075569,-0.515508340977693,-0.0512975824218321,3.2188758248682,2708.33333333333,7.904088718529827
3012866,1.0,2,600,2.0,1027441,4,34.6180475421186,monthly,2.0,4.0,4.0,3.0,1.0,2.0,3.0,4.0,4.0,5.0,4.0,-0.436691515665901,0.210589013995855,-0.264020662075569,0.55684486105609,1.49627553859954,3.54437515133848,600.046157396722,6.3970065812518
3012883,1.0,1,19,1.0,1015994,27,19.0,hourly,5.0,2.0,3.0,2.0,1.0,1.0,1.0,4.0,5.0,3.0,4.0,-2.64222496417367,0.210589013995855,0.336483766279283,1.62919806308987,0.464560124585293,2.94443897916644,2223.0,7.706612913964197
3012898,,1,20,2.0,1027465,4,20.0,hourly,3.0,3.0,4.0,4.0,1.0,5.0,4.0,5.0,3.0,5.0,5.0,0.666075208587985,-0.293585335855875,0.336483766279283,-0.515508340977693,1.49627553859954,2.99573227355399,346.666666666667,5.848363703467309
3012918,,1,22,2.0,1027190,9,22.0,hourly,1.0,2.0,1.0,1.0,3.0,5.0,3.0,4.0,3.0,5.0,4.0,1.76884193284187,-0.797759534455332,1.53749262298899,1.09302146207298,0.464560124585293,3.09104245335832,858.0,6.754604099487962
3012937,1.0,1,25,1.0,1027680,3,25.0,hourly,1.0,5.0,2.0,2.0,4.0,4.0,3.0,5.0,4.0,2.0,5.0,1.21745857071493,1.21893771369932,1.53749262298899,1.09302146207298,-1.59887070344321,3.2188758248682,325.0,5.783825182329737
3012942,,1,15,2.0,1015473,4,15.0,hourly,5.0,1.0,2.0,3.0,5.0,2.0,4.0,5.0,2.0,5.0,1.0,-2.09084160204673,-3.31863067870489,1.53749262298899,-0.515508340977693,-0.567155289428958,2.70805020110221,260.0,5.560681631015528
3012954,,1,18,1.0,1015090,8,18.0,hourly,4.0,4.0,4.0,3.0,2.0,4.0,5.0,4.0,2.0,5.0,4.0,-0.436691515665901,-0.797759534455332,-0.264020662075569,-0.515508340977693,0.980417831592419,2.89037175789616,624.0,6.436150368369428
3012995,,1,32,1.0,1027882,2,32.0,hourly,2.0,5.0,3.0,2.0,2.0,5.0,1.0,4.0,2.0,5.0,5.0,1.21745857071493,2.22728595964596,0.336483766279283,0.0206682600391986,0.980417831592419,3.46573590279973,277.333333333333,5.625220152153098
3013017,,1,23,2.0,1027971,10,23.0,hourly,3.0,4.0,3.0,3.0,2.0,3.0,2.0,4.0,3.0,4.0,1.0,-0.436691515665901,-0.797759534455332,0.336483766279283,0.0206682600391986,0.464560124585293,3.13549421592915,996.666666666667,6.904416377716623
3013075,1.0,1,21,1.0,1019314,7,21.0,hourly,1.0,2.0,2.0,3.0,2.0,2.0,3.0,3.0,3.0,3.0,3.0,0.114691846461042,-1.30193373305479,0.336483766279283,0.0206682600391986,-0.0512975824218321,3.04452243772342,637.0,6.456769655572163
3013098,,2,3500,2.0,1026772,28,28.8483729517655,monthly,4.0,2.0,3.0,2.0,5.0,2.0,4.0,4.0,3.0,4.0,5.0,-1.53945823991979,-0.797759534455332,0.336483766279283,0.55684486105609,-1.08301299643608,3.36205359454453,3500.26925148088,8.160595173513158
3013102,1.0,1,21,2.0,1019365,35,21.0,hourly,1.0,3.0,3.0,4.0,4.0,5.0,4.0,5.0,2.0,4.0,5.0,1.76884193284187,-0.293585335855875,0.936988194634136,-1.05168494199458,-0.567155289428958,3.04452243772342,3185.0,8.066207568006265
3013119,,1,24,2.0,1028079,20,24.0,hourly,5.0,1.0,3.0,3.0,3.0,5.0,3.0,4.0,5.0,5.0,2.0,-0.436691515665901,-2.31028228150598,0.336483766279283,1.09302146207298,0.464560124585293,3.17805383034795,2080.0,7.640123172695364
3013178,,1,17,2.0,1018008,7,17.0,hourly,3.0,4.0,2.0,5.0,1.0,5.0,1.0,5.0,1.0,4.0,5.0,0.666075208587985,1.72311145854195,1.53749262298899,-2.12403814402837,0.980417831592419,2.83321334405622,515.666666666667,6.245460561904957
3013207,,1,20,1.0,1015460,15,20.0,hourly,2.0,4.0,4.0,3.0,2.0,4.0,3.0,3.0,2.0,4.0,4.0,0.666075208587985,0.210589013995855,-0.864525090430422,-0.515508340977693,0.464560124585293,2.99573227355399,1300.0,7.170119543449628
3013224,1.0,2,4100,2.0,1027370,4,236.556658204477,monthly,3.0,1.0,3.0,4.0,4.0,4.0,2.0,3.0,5.0,3.0,5.0,0.114691846461042,-0.293585335855875,-0.264020662075569,0.55684486105609,-1.08301299643608,5.46618774881474,4100.3154088776,8.318819178728052
3013229,1.0,1,28,1.0,1019147,25,28.0,hourly,5.0,3.0,2.0,1.0,5.0,1.0,3.0,2.0,5.0,4.0,3.0,-2.64222496417367,-0.797759534455332,-0.264020662075569,2.16537466410676,-1.08301299643608,3.3322045101752,3033.33333333333,8.01741740383683
3013255,,1,28,1.0,1020406,3,28.0,hourly,1.0,1.0,4.0,4.0,2.0,1.0,2.0,4.0,1.0,5.0,5.0,-0.436691515665901,-0.293585335855875,-0.264020662075569,-1.58786154301148,0.980417831592419,3.3322045101752,364.0,5.8971538676367405
3013258,,1,20,2.0,1028054,3,20.0,hourly,3.0,5.0,3.0,4.0,3.0,2.0,4.0,4.0,5.0,1.0,5.0,-0.988074877792844,0.714763212595312,0.336483766279283,0.55684486105609,-1.59887070344321,2.99573227355399,260.0,5.560681631015528
3013278,,1,19,1.0,1020192,30,19.0,hourly,1.0,1.0,3.0,5.0,3.0,4.0,2.0,3.0,3.0,3.0,3.0,1.21745857071493,-1.30193373305479,-0.264020662075569,-1.05168494199458,-0.567155289428958,2.94443897916644,2470.0,7.8119734296220225
3013306,,2,2200,1.0,1019094,17,29.8665508206514,monthly,5.0,3.0,1.0,3.0,2.0,3.0,1.0,5.0,3.0,2.0,5.0,-1.53945823991979,1.21893771369932,2.13799705134384,0.0206682600391986,-0.567155289428958,3.39673915253242,2200.16924378799,7.696289565382065
3013362,2.0,2,2500,1.0,1027615,30,19.2322486345103,monthly,5.0,1.0,5.0,3.0,1.0,3.0,1.0,1.0,5.0,5.0,5.0,-1.53945823991979,0.210589013995855,-2.66603837549498,1.09302146207298,1.49627553859954,2.95658848643636,2500.19232248634,7.8241229368919445
3013444,1.0,1,25,1.0,1018785,2,25.0,hourly,1.0,1.0,3.0,5.0,5.0,5.0,5.0,3.0,1.0,5.0,5.0,1.76884193284187,-1.80610808290652,-0.264020662075569,-2.12403814402837,-0.567155289428958,3.2188758248682,216.666666666667,5.3783600742215745
4011012,,2,1800,1.0,1015694,28,14.8363060894794,monthly,3.0,2.0,3.0,4.0,4.0,3.0,3.0,2.0,2.0,3.0,3.0,-0.436691515665901,-1.30193373305479,-0.864525090430422,-1.05168494199458,-1.08301299643608,2.69707729095128,1800.13847219017,7.4956188699199116
4011070,,2,3200,1.0,1019525,4,184.629586891299,monthly,3.0,1.0,4.0,4.0,3.0,3.0,1.0,1.0,3.0,4.0,5.0,-0.436691515665901,0.210589013995855,-2.06553394714013,-0.515508340977693,-0.0512975824218321,5.21835158491016,3200.24617278252,8.070983014823472
4011083,1.0,2,2300,1.0,1018367,6,88.4683437187476,monthly,4.0,4.0,3.0,1.0,3.0,3.0,2.0,3.0,4.0,5.0,5.0,-0.988074877792844,1.21893771369932,-0.264020662075569,1.62919806308987,0.464560124585293,4.48264478993141,2300.17693668744,7.740741327952897
4011114,1.0,1,30,1.0,1019749,42,30.0,hourly,4.0,3.0,2.0,4.0,2.0,3.0,2.0,4.0,4.0,2.0,4.0,-0.988074877792844,0.210589013995855,0.936988194634136,0.0206682600391986,-0.567155289428958,3.40119738166216,5460.0,8.605204068738951
4011120,1.0,1,21,2.0,1028251,24,21.0,hourly,2.0,2.0,5.0,1.0,3.0,5.0,2.0,2.0,1.0,5.0,5.0,1.21745857071493,0.210589013995855,-2.06553394714013,0.0206682600391986,0.464560124585293,3.04452243772342,2184.0,7.688913336864796
4011121,1.0,1,23,2.0,1028628,30,23.0,hourly,4.0,3.0,4.0,3.0,3.0,2.0,3.0,3.0,4.0,4.0,4.0,-1.53945823991979,-0.293585335855875,-0.864525090430422,0.55684486105609,-0.0512975824218321,3.13549421592915,2990.0,8.003028666384733
4011171,,1,19,2.0,1019866,25,19.0,hourly,3.0,3.0,4.0,2.0,2.0,3.0,4.0,3.0,3.0,3.0,4.0,-0.436691515665901,-0.797759534455332,-0.864525090430422,0.55684486105609,-0.0512975824218321,2.94443897916644,2058.33333333333,7.629651872828067
4011176,,2,3800,2.0,1019342,3,292.330179244557,monthly,3.0,3.0,4.0,2.0,4.0,4.0,2.0,3.0,3.0,3.0,4.0,0.114691846461042,0.210589013995855,-0.864525090430422,0.55684486105609,-1.08301299643608,5.6778839142886,3800.29233017924,8.242833271750131
4011191,,2,4750,2.0,1028453,35,31.3210906333454,monthly,5.0,2.0,4.0,3.0,1.0,3.0,2.0,1.0,4.0,3.0,5.0,-1.53945823991979,0.210589013995855,-2.06553394714013,0.55684486105609,0.464560124585293,3.4442916927815,4750.36541272405,8.46597682306434
4011221,1.0,1,24,1.0,1018821,2,24.0,hourly,1.0,4.0,2.0,2.0,2.0,5.0,2.0,4.0,2.0,3.0,4.0,1.76884193284187,0.714763212595312,0.936988194634136,0.0206682600391986,-0.0512975824218321,3.17805383034795,208.0,5.337538079701318
4011260,1.0,2,5000,1.0,1027118,2,576.96745903531,monthly,2.0,4.0,4.0,4.0,2.0,4.0,2.0,4.0,2.0,3.0,4.0,0.666075208587985,0.714763212595312,-0.264020662075569,-1.05168494199458,-0.0512975824218321,6.35778586809852,5000.38464497269,8.517270117451892
4011263,,1,24,1.0,1027341,42,24.0,hourly,2.0,3.0,2.0,3.0,3.0,3.0,4.0,5.0,2.0,1.0,5.0,0.114691846461042,-0.293585335855875,1.53749262298899,-0.515508340977693,-1.59887070344321,3.17805383034795,4368.0,8.38206051742474
4011280,1.0,2,3500,2.0,1026607,22,36.7161110295198,monthly,2.0,4.0,3.0,2.0,2.0,5.0,2.0,3.0,3.0,4.0,4.0,1.21745857071493,0.714763212595312,-0.264020662075569,0.55684486105609,0.464560124585293,3.60321565136142,3500.26925148089,8.160595173513162
4011327,,1,20,1.0,1019833,2,20.0,hourly,1.0,1.0,4.0,3.0,2.0,5.0,5.0,3.0,2.0,5.0,3.0,1.76884193284187,-2.81445663135771,-0.864525090430422,-0.515508340977693,0.980417831592419,2.99573227355399,173.333333333333,5.155216522907361
4011333,,1,25,1.0,1026080,3,25.0,hourly,2.0,3.0,5.0,3.0,2.0,4.0,3.0,2.0,2.0,5.0,4.0,0.666075208587985,-0.293585335855875,-2.06553394714013,-0.515508340977693,0.980417831592419,3.2188758248682,325.0,5.783825182329737
4011353,1.0,1,28,2.0,1027400,80,28.0,hourly,3.0,4.0,4.0,2.0,5.0,5.0,3.0,3.0,4.0,4.0,4.0,0.666075208587985,0.210589013995855,-0.864525090430422,1.09302146207298,-1.08301299643608,3.3322045101752,9706.66666666667,9.180568213642513
4011376,1.0,2,537,2.0,1020383,8,15.4915762750981,monthly,3.0,3.0,2.0,3.0,3.0,4.0,2.0,3.0,3.0,3.0,3.0,0.114691846461042,-0.293585335855875,0.336483766279283,0.0206682600391986,-0.567155289428958,2.74029641007126,537.041310870067,6.286075020544519
4011405,,2,2000,2.0,1000156,38,12.1466833481118,monthly,5.0,1.0,2.0,2.0,3.0,4.0,5.0,3.0,4.0,5.0,4.0,-0.988074877792844,-2.31028228150598,0.336483766279283,1.09302146207298,0.464560124585293,2.49705615705792,2000.15385798908,7.600979385577739
4011414,,1,27,1.0,1027424,2,27.0,hourly,4.0,3.0,2.0,3.0,3.0,4.0,2.0,5.0,3.0,4.0,5.0,-0.436691515665901,0.714763212595312,1.53749262298899,0.0206682600391986,-0.0512975824218321,3.29583686600433,234.0,5.455321115357702
4011431,3.0,2,3900,2.0,1018790,20,45.0034618047542,monthly,4.0,3.0,2.0,3.0,4.0,3.0,3.0,4.0,5.0,4.0,4.0,-0.988074877792844,-0.293585335855875,0.936988194634136,1.09302146207298,-0.567155289428958,3.80673941580597,3900.3000230787,8.268808758153392
4011517,2.0,2,2650,1.0,1019049,17,35.9756180339664,monthly,5.0,2.0,5.0,3.0,1.0,2.0,2.0,4.0,3.0,4.0,4.0,-2.09084160204673,-0.293585335855875,-0.864525090430422,0.0206682600391986,0.980417831592419,3.58284143216628,2650.20386183552,7.8823918450159205
4011527,,1,22,1.0,1028207,6,22.0,hourly,5.0,3.0,3.0,4.0,2.0,2.0,2.0,3.0,5.0,4.0,4.0,-2.09084160204673,0.210589013995855,-0.264020662075569,0.55684486105609,0.464560124585293,3.09104245335832,572.0,6.349138991379798
4011624,1.0,2,3000,1.0,1018326,5,138.472190168474,monthly,3.0,2.0,2.0,4.0,1.0,3.0,4.0,2.0,1.0,4.0,3.0,-0.436691515665901,-1.80610808290652,-0.264020662075569,-1.58786154301148,0.980417831592419,4.93066951245837,3000.2307869836,8.006444493685896
4011650,,2,300,1.0,1015056,25,2.76944380336949,monthly,4.0,2.0,4.0,5.0,5.0,5.0,2.0,3.0,1.0,2.0,5.0,0.114691846461042,0.210589013995855,-0.864525090430422,-2.12403814402837,-2.11472841045033,1.01864650703023,300.023078698361,5.703859400691854
4011658,,1,21,,1000124,48,21.0,hourly,3.0,2.0,2.0,3.0,3.0,4.0,2.0,4.0,4.0,3.0,5.0,0.114691846461042,0.210589013995855,0.936988194634136,0.55684486105609,-0.567155289428958,3.04452243772342,4368.0,8.38206051742474
4011689,,2,3200,1.0,1027360,35,21.1005242161485,monthly,3.0,4.0,3.0,3.0,2.0,3.0,2.0,4.0,3.0,4.0,4.0,-0.436691515665901,0.714763212595312,0.336483766279283,0.0206682600391986,0.464560124585293,3.04929788454063,3200.24617278252,8.070983014823472
4011695,,2,1552,2.0,1026263,15,23.878759904608,monthly,2.0,3.0,4.0,4.0,4.0,5.0,3.0,4.0,2.0,3.0,4.0,1.21745857071493,-0.293585335855875,-0.264020662075569,-1.05168494199458,-1.08301299643608,3.17298935688318,1552.11939379952,7.347376626778817
4011710,1.0,1,25,1.0,1019410,60,25.0,hourly,3.0,5.0,2.0,3.0,3.0,4.0,2.0,4.0,2.0,5.0,5.0,0.114691846461042,1.72311145854195,0.936988194634136,-0.515508340977693,0.464560124585293,3.2188758248682,6500.0,8.779557455883728
4011747,,1,20,2.0,1028335,45,20.0,hourly,4.0,3.0,2.0,2.0,3.0,2.0,1.0,5.0,4.0,3.0,5.0,-1.53945823991979,1.21893771369932,1.53749262298899,1.09302146207298,-0.567155289428958,2.99573227355399,3900.0,8.268731832117737
4011798,,1,22,1.0,1015989,27,22.0,hourly,3.0,4.0,3.0,2.0,3.0,3.0,3.0,3.0,3.0,5.0,3.0,-0.436691515665901,-0.293585335855875,-0.264020662075569,0.55684486105609,0.464560124585293,3.09104245335832,2574.0,7.853216388156072
4011815,,2,1600,2.0,1027892,18,20.5143985434777,monthly,4.0,3.0,3.0,3.0,2.0,4.0,3.0,3.0,2.0,4.0,4.0,-0.436691515665901,-0.293585335855875,-0.264020662075569,-0.515508340977693,0.464560124585293,3.02112700757394,1600.12308639126,7.377835834263527
4011816,1.0,2,1400,2.0,1019283,21,15.3857989076083,monthly,5.0,4.0,3.0,2.0,2.0,2.0,3.0,3.0,5.0,5.0,5.0,-2.09084160204673,0.714763212595312,-0.264020662075569,1.62919806308987,0.980417831592419,2.73344493512215,1400.10770059236,7.244304441639009
4011834,,1,17,2.0,1027272,8,17.0,hourly,4.0,3.0,2.0,3.0,2.0,3.0,3.0,3.0,5.0,4.0,4.0,-0.988074877792844,-0.293585335855875,0.336483766279283,1.09302146207298,0.464560124585293,2.83321334405622,589.333333333333,6.378991954529479
4011838,,1,25,1.0,1019452,4,25.0,hourly,2.0,2.0,1.0,3.0,1.0,4.0,4.0,5.0,3.0,5.0,5.0,0.666075208587985,-0.797759534455332,2.13799705134384,0.0206682600391986,1.49627553859954,3.2188758248682,433.333333333333,6.071507254781517
4011916,1.0,2,4100,1.0,1028315,2,473.113316408955,monthly,5.0,4.0,3.0,2.0,2.0,2.0,2.0,3.0,3.0,4.0,4.0,-2.09084160204673,0.714763212595312,-0.264020662075569,0.55684486105609,0.464560124585293,6.15933492937468,4100.31540887761,8.318819178728054
4011929,1.0,2,2400,2.0,1020168,2,276.944380336949,monthly,3.0,4.0,3.0,3.0,4.0,4.0,2.0,3.0,3.0,2.0,4.0,0.114691846461042,0.714763212595312,-0.264020662075569,0.0206682600391986,-1.59887070344321,5.62381669301832,2400.18462958689,7.7833009423716915
4011946,1.0,2,3100,1.0,1018744,16,44.7149780752366,monthly,2.0,3.0,4.0,4.0,4.0,4.0,4.0,3.0,2.0,4.0,4.0,0.666075208587985,-0.797759534455332,-0.864525090430422,-1.05168494199458,-0.567155289428958,3.80030852547568,3100.23847988307,8.039234316508892
4011987,,2,4100,1.0,1019259,3,315.40887760597,monthly,4.0,3.0,2.0,3.0,1.0,4.0,2.0,5.0,4.0,4.0,4.0,-0.436691515665901,0.210589013995855,1.53749262298899,0.55684486105609,0.980417831592419,5.75386982126652,4100.31540887761,8.318819178728054
4012006,,1,25,1.0,1020224,70,25.0,hourly,3.0,3.0,4.0,2.0,5.0,3.0,2.0,4.0,5.0,4.0,3.0,-0.436691515665901,-0.293585335855875,-0.264020662075569,1.62919806308987,-1.08301299643608,3.2188758248682,7583.33333333333,8.933708135710987
4012086,1.0,2,4109,2.0,1026024,34,27.8912857550128,monthly,3.0,4.0,1.0,2.0,3.0,3.0,1.0,4.0,3.0,2.0,4.0,-0.436691515665901,1.21893771369932,1.53749262298899,0.55684486105609,-1.08301299643608,3.32831430150948,4109.31610123855,8.321011894919062
4012116,,1,24,1.0,1018418,16,24.0,hourly,1.0,5.0,2.0,1.0,1.0,4.0,1.0,4.0,2.0,4.0,5.0,1.21745857071493,2.22728595964596,0.936988194634136,0.55684486105609,0.980417831592419,3.17805383034795,1664.0,7.416979621381154
4012121,,2,3088,1.0,1028109,34,20.9608883941299,monthly,3.0,4.0,2.0,4.0,4.0,3.0,2.0,4.0,2.0,5.0,5.0,-0.436691515665901,1.21893771369932,0.936988194634136,-1.05168494199458,-0.0512975824218321,3.04265824377073,3088.23755673514,8.035355837180324
4012159,3.0,2,3960,1.0,1019383,10,91.3916455111932,monthly,1.0,3.0,3.0,1.0,3.0,3.0,4.0,3.0,2.0,2.0,2.0,0.666075208587985,-1.80610808290652,-0.264020662075569,0.55684486105609,-1.08301299643608,4.51515406849671,3960.30463881837,8.28407623028418
4012166,,2,4400,1.0,1020227,20,50.7731363951073,monthly,3.0,4.0,3.0,4.0,4.0,4.0,4.0,4.0,4.0,3.0,5.0,0.114691846461042,0.210589013995855,0.336483766279283,0.0206682600391986,-1.08301299643608,3.92736740359459,4400.33848757597,8.389436745942008
4012181,1.0,2,4300,,1027663,38,26.1153691984404,monthly,2.0,3.0,2.0,2.0,1.0,5.0,3.0,4.0,1.0,4.0,3.0,1.21745857071493,-0.797759534455332,0.936988194634136,-0.515508340977693,0.980417831592419,3.2625239991975,4300.33079467652,8.36644722771731
4012243,1.0,2,1100,2.0,1019516,17,14.9332754103257,monthly,2.0,4.0,3.0,4.0,5.0,5.0,3.0,5.0,3.0,5.0,1.0,1.21745857071493,-1.30193373305479,0.936988194634136,-0.515508340977693,-0.567155289428958,2.70359197197247,1100.08462189399,7.003142384822115
4012311,2.0,2,2460,1.0,1018749,20,28.3867989845373,monthly,4.0,5.0,2.0,2.0,1.0,3.0,3.0,5.0,4.0,5.0,5.0,-0.988074877792844,1.21893771369932,1.53749262298899,1.09302146207298,1.49627553859954,3.34592421261465,2460.18924532657,7.807993554962065
4012338,1.0,2,4200,1.0,1027406,33,29.3728888236158,monthly,4.0,2.0,4.0,2.0,1.0,2.0,1.0,3.0,4.0,5.0,5.0,-1.53945823991979,0.714763212595312,-0.864525090430422,1.09302146207298,1.49627553859954,3.38007210004721,4200.32310177706,8.342916730307115
4012340,1.0,2,2200,1.0,1018233,24,21.1554734979614,monthly,3.0,4.0,3.0,4.0,4.0,3.0,2.0,4.0,3.0,4.0,4.0,-0.436691515665901,0.714763212595312,0.336483766279283,-0.515508340977693,-0.567155289428958,3.05189866624069,2200.16924378799,7.696289565382065
4012398,,1,20,2.0,1020284,8,20.0,hourly,3.0,5.0,5.0,3.0,3.0,3.0,2.0,3.0,4.0,4.0,4.0,-0.436691515665901,1.21893771369932,-1.46502951878527,0.55684486105609,-0.0512975824218321,2.99573227355399,693.333333333333,6.541510884027254
4012403,,1,25,1.0,1027487,34,25.0,hourly,4.0,3.0,3.0,2.0,1.0,3.0,2.0,4.0,2.0,4.0,5.0,-0.988074877792844,0.714763212595312,0.336483766279283,0.0206682600391986,0.980417831592419,3.2188758248682,3683.33333333333,8.211573418277789
4012410,1.0,1,25,1.0,1027746,60,25.0,hourly,4.0,2.0,3.0,3.0,3.0,3.0,3.0,3.0,4.0,2.0,3.0,-0.988074877792844,-1.30193373305479,-0.264020662075569,0.55684486105609,-1.08301299643608,3.2188758248682,6500.0,8.779557455883728
4012451,1.0,2,2000,1.0,1018148,9,51.2859963586943,monthly,2.0,2.0,4.0,2.0,4.0,4.0,2.0,3.0,4.0,4.0,5.0,0.666075208587985,0.210589013995855,-0.864525090430422,1.09302146207298,-0.567155289428958,3.93741773944809,2000.15385798908,7.600979385577739
4012495,2.0,1,36,1.0,1019034,28,36.0,hourly,3.0,2.0,3.0,3.0,2.0,4.0,3.0,4.0,3.0,4.0,4.0,0.114691846461042,-0.797759534455332,0.336483766279283,0.0206682600391986,0.464560124585293,3.58351893845611,4368.0,8.38206051742474
4012509,,1,17,2.0,1015536,2,17.0,hourly,2.0,2.0,3.0,5.0,5.0,1.0,5.0,1.0,1.0,5.0,1.0,-0.988074877792844,-3.31863067870489,-1.46502951878527,-2.12403814402837,-0.567155289428958,2.83321334405622,147.333333333333,4.992697593409586
4012513,,1,21,2.0,1019444,60,21.0,hourly,1.0,1.0,5.0,1.0,5.0,3.0,4.0,3.0,3.0,5.0,4.0,0.666075208587985,-1.80610808290652,-1.46502951878527,1.09302146207298,-0.567155289428958,3.04452243772342,5460.0,8.605204068738951
4012516,,1,25,1.0,1019107,8,25.0,hourly,3.0,2.0,4.0,3.0,1.0,3.0,2.0,4.0,4.0,5.0,5.0,-0.436691515665901,0.210589013995855,-0.264020662075569,0.55684486105609,1.49627553859954,3.2188758248682,866.666666666667,6.764654435341464
4012558,,1,25,1.0,1027468,8,25.0,hourly,1.0,3.0,3.0,4.0,3.0,4.0,2.0,3.0,1.0,5.0,4.0,1.21745857071493,0.210589013995855,-0.264020662075569,-1.58786154301148,0.464560124585293,3.2188758248682,866.666666666667,6.764654435341464
4012574,1.0,2,2500,2.0,1027368,1,576.96745903531,monthly,2.0,4.0,5.0,5.0,5.0,4.0,3.0,2.0,2.0,3.0,3.0,0.666075208587985,-0.293585335855875,-2.06553394714013,-1.58786154301148,-1.59887070344321,6.35778586809852,2500.19232248634,7.8241229368919445
4012580,,1,25,2.0,1019150,25,25.0,hourly,3.0,5.0,2.0,4.0,2.0,4.0,2.0,5.0,4.0,3.0,5.0,0.114691846461042,1.72311145854195,1.53749262298899,0.0206682600391986,-0.0512975824218321,3.2188758248682,2708.33333333333,7.904088718529827
4012611,1.0,1,39,2.0,1028480,6,39.0,hourly,5.0,2.0,5.0,4.0,5.0,5.0,2.0,5.0,2.0,5.0,1.0,-0.436691515665901,-1.80610808290652,-0.264020662075569,-1.05168494199458,-0.567155289428958,3.66356164612965,1014.0,6.921658184151129
4012618,,1,25,1.0,1018036,24,25.0,hourly,3.0,4.0,3.0,4.0,3.0,3.0,2.0,4.0,3.0,4.0,4.0,-0.436691515665901,0.714763212595312,0.336483766279283,-0.515508340977693,-0.0512975824218321,3.2188758248682,2600.0,7.8632667240095735
4012658,,1,20,2.0,1019133,33,20.0,hourly,2.0,2.0,2.0,2.0,2.0,3.0,1.0,3.0,3.0,4.0,4.0,0.114691846461042,0.210589013995855,0.336483766279283,0.55684486105609,0.464560124585293,2.99573227355399,2860.0,7.958576903813898
4012667,,1,20,1.0,1028638,12,20.0,hourly,3.0,4.0,4.0,2.0,5.0,3.0,1.0,4.0,4.0,5.0,5.0,-0.436691515665901,1.72311145854195,-0.264020662075569,1.09302146207298,-0.567155289428958,2.99573227355399,1040.0,6.946975992135418
4012681,,1,25,2.0,1026184,5,25.0,hourly,1.0,4.0,3.0,4.0,2.0,4.0,2.0,4.0,3.0,3.0,5.0,1.21745857071493,1.21893771369932,0.336483766279283,-0.515508340977693,-0.0512975824218321,3.2188758248682,541.666666666667,6.294650806095729
4012685,1.0,2,1800,2.0,1026638,2,207.708285252712,monthly,1.0,2.0,4.0,3.0,4.0,5.0,5.0,4.0,4.0,3.0,4.0,1.76884193284187,-1.80610808290652,-0.264020662075569,0.55684486105609,-1.08301299643608,5.33613462056654,1800.13847219017,7.4956188699199116
4012725,1.0,1,19,2.0,1019174,36,19.0,hourly,5.0,1.0,4.0,2.0,1.0,2.0,4.0,2.0,4.0,4.0,3.0,-2.09084160204673,-2.31028228150598,-1.46502951878527,1.09302146207298,0.980417831592419,2.94443897916644,2964.0,7.994294986415977
4012759,1.0,2,4300,1.0,1027948,20,49.6192014770367,monthly,5.0,5.0,4.0,2.0,1.0,3.0,5.0,3.0,2.0,4.0,5.0,-1.53945823991979,0.210589013995855,-0.864525090430422,0.0206682600391986,0.980417831592419,3.90437788536989,4300.33079467651,8.366447227717307
4012782,,1,18,2.0,1026234,3,18.0,hourly,2.0,4.0,3.0,2.0,3.0,4.0,3.0,3.0,5.0,3.0,4.0,0.666075208587985,0.210589013995855,-0.264020662075569,1.62919806308987,-0.567155289428958,2.89037175789616,234.0,5.455321115357702
4012785,,2,2200,1.0,1018457,17,29.8665508206514,monthly,3.0,3.0,3.0,3.0,4.0,3.0,2.0,4.0,2.0,4.0,2.0,-0.436691515665901,-0.797759534455332,0.336483766279283,-0.515508340977693,-0.567155289428958,3.39673915253242,2200.16924378799,7.696289565382065
4012818,,2,3900,1.0,1019835,35,25.716263888431,monthly,3.0,2.0,4.0,1.0,5.0,4.0,3.0,4.0,4.0,3.0,4.0,0.114691846461042,-0.797759534455332,-0.264020662075569,1.62919806308987,-1.59887070344321,3.24712362787055,3900.3000230787,8.268808758153392
4012839,,2,4000,1.0,1026550,25,36.9259173782599,monthly,4.0,3.0,3.0,3.0,2.0,2.0,2.0,5.0,3.0,4.0,5.0,-1.53945823991979,0.714763212595312,0.936988194634136,0.0206682600391986,0.464560124585293,3.60891367247605,4000.30771597816,8.294126566137685
4012867,,1,40,1.0,1026659,20,40.0,hourly,2.0,5.0,5.0,5.0,5.0,3.0,4.0,2.0,1.0,4.0,3.0,0.114691846461042,-0.293585335855875,-2.06553394714013,-2.12403814402837,-1.08301299643608,3.68887945411394,3466.66666666667,8.150948796461355
4012904,,2,4000,1.0,1027017,8,115.393491807062,monthly,1.0,4.0,3.0,3.0,4.0,5.0,3.0,4.0,2.0,4.0,3.0,1.76884193284187,-0.293585335855875,0.336483766279283,-0.515508340977693,-0.567155289428958,4.74834795566442,4000.30771597815,8.294126566137681
4012931,,2,4300,1.0,1026485,3,330.794676513578,monthly,5.0,4.0,3.0,2.0,2.0,2.0,2.0,4.0,5.0,5.0,5.0,-2.09084160204673,1.21893771369932,0.336483766279283,1.62919806308987,0.980417831592419,5.80149787025577,4300.33079467651,8.366447227717307
4012933,1.0,2,4800,1.0,1019199,50,22.1555504269559,monthly,3.0,3.0,2.0,5.0,3.0,2.0,3.0,5.0,4.0,5.0,5.0,-0.988074877792844,0.210589013995855,1.53749262298899,-0.515508340977693,0.464560124585293,3.09808804871006,4800.36925917378,8.476448122931636
4012938,1.0,2,3800,1.0,1018042,34,25.793839345108,monthly,3.0,2.0,1.0,3.0,2.0,4.0,5.0,5.0,4.0,5.0,4.0,0.114691846461042,-1.80610808290652,2.13799705134384,0.55684486105609,0.980417831592419,3.25013567834054,3800.29233017925,8.242833271750133
4012963,1.0,1,34,1.0,1018595,20,34.0,hourly,2.0,3.0,2.0,3.0,3.0,4.0,3.0,4.0,3.0,4.0,4.0,0.666075208587985,-0.293585335855875,0.936988194634136,0.0206682600391986,-0.0512975824218321,3.52636052461616,2946.66666666667,7.988429866963581
4012979,,2,2500,1.0,1018763,40,14.4241864758828,monthly,3.0,4.0,3.0,2.0,1.0,2.0,3.0,5.0,4.0,5.0,4.0,-0.988074877792844,0.210589013995855,0.936988194634136,1.09302146207298,1.49627553859954,2.66890641398458,2500.19232248635,7.824122936891949
4013037,,1,26,1.0,1027246,80,26.0,hourly,2.0,5.0,5.0,3.0,2.0,3.0,1.0,2.0,2.0,3.0,4.0,0.114691846461042,1.72311145854195,-2.06553394714013,-0.515508340977693,-0.0512975824218321,3.25809653802148,9013.33333333333,9.10646024148879
4013048,,2,3000,2.0,1019653,29,23.8745155462887,monthly,5.0,2.0,4.0,3.0,2.0,3.0,4.0,3.0,4.0,5.0,3.0,-1.53945823991979,-1.80610808290652,-0.864525090430422,0.55684486105609,0.980417831592419,3.172811594906,3000.23078698361,8.0064444936859
4013053,,1,21,2.0,1026611,34,21.0,hourly,3.0,4.0,2.0,4.0,2.0,3.0,3.0,4.0,5.0,2.0,4.0,-0.436691515665901,0.210589013995855,0.936988194634136,0.55684486105609,-0.567155289428958,3.04452243772342,3094.0,8.037220031133012
4013064,2.0,2,330,1.0,1018915,30,2.53865681975537,monthly,2.0,2.0,3.0,4.0,1.0,5.0,3.0,4.0,1.0,5.0,5.0,1.21745857071493,-0.293585335855875,0.336483766279283,-1.58786154301148,1.49627553859954,0.931635130040598,330.025386568198,5.799169580496182
4013070,,1,20,1.0,1015966,12,20.0,hourly,3.0,2.0,3.0,4.0,5.0,4.0,3.0,3.0,2.0,3.0,4.0,0.114691846461042,-0.797759534455332,-0.264020662075569,-1.05168494199458,-1.59887070344321,2.99573227355399,1040.0,6.946975992135418
4013071,1.0,2,3600,1.0,1019780,34,24.4362688532602,monthly,4.0,3.0,4.0,3.0,2.0,4.0,2.0,4.0,1.0,4.0,4.0,-0.436691515665901,0.210589013995855,-0.264020662075569,-1.05168494199458,0.464560124585293,3.19606845707027,3600.27694438034,8.188766050479856
4013073,1.0,2,300,2.0,1015470,16,4.32725594276483,monthly,3.0,2.0,2.0,3.0,3.0,4.0,2.0,5.0,2.0,5.0,5.0,0.114691846461042,0.210589013995855,1.53749262298899,-0.515508340977693,0.464560124585293,1.46493360965865,300.023078698362,5.703859400691858
4013075,1.0,1,25,2.0,1019571,14,25.0,hourly,1.0,3.0,3.0,4.0,1.0,5.0,3.0,3.0,4.0,4.0,4.0,1.76884193284187,-0.293585335855875,-0.264020662075569,0.0206682600391986,0.980417831592419,3.2188758248682,1516.66666666667,7.324270223276889
4013086,1.0,2,4100,1.0,1028086,34,27.8301950828797,monthly,3.0,2.0,5.0,2.0,5.0,4.0,3.0,4.0,4.0,3.0,5.0,0.114691846461042,-0.293585335855875,-0.864525090430422,1.09302146207298,-1.59887070344321,3.32612158531846,4100.31540887761,8.318819178728054
4013128,1.0,1,20,1.0,1020222,15,20.0,hourly,3.0,1.0,2.0,3.0,1.0,3.0,1.0,2.0,1.0,3.0,3.0,-0.436691515665901,-0.797759534455332,-0.264020662075569,-1.05168494199458,0.464560124585293,2.99573227355399,1300.0,7.170119543449628
4013142,1.0,2,4100,2.0,1028106,32,29.5695822755597,monthly,2.0,4.0,2.0,4.0,3.0,4.0,2.0,4.0,3.0,4.0,5.0,0.666075208587985,1.21893771369932,0.936988194634136,-0.515508340977693,-0.0512975824218321,3.3867462071349,4100.31540887761,8.318819178728054
4013177,,2,3200,1.0,1015602,32,23.0786983614124,monthly,2.0,4.0,3.0,3.0,1.0,4.0,2.0,3.0,2.0,5.0,4.0,0.666075208587985,0.714763212595312,-0.264020662075569,-0.515508340977693,1.49627553859954,3.13891004323032,3200.24617278252,8.070983014823472
4013179,,2,800,1.0,1018330,14,13.1878276350928,monthly,2.0,4.0,4.0,4.0,5.0,5.0,5.0,2.0,2.0,2.0,4.0,1.21745857071493,-0.797759534455332,-1.46502951878527,-1.05168494199458,-2.11472841045033,2.5792942552949,800.06154319563,6.6846886537035815
4013226,,1,20,,1026446,20,20.0,hourly,4.0,2.0,2.0,3.0,1.0,4.0,1.0,5.0,1.0,5.0,4.0,-0.436691515665901,0.210589013995855,1.53749262298899,-1.05168494199458,1.49627553859954,2.99573227355399,1733.33333333333,7.457801615901407
4013350,,1,29,1.0,1020021,30,29.0,hourly,4.0,3.0,3.0,4.0,2.0,2.0,1.0,4.0,2.0,5.0,4.0,-1.53945823991979,0.714763212595312,0.336483766279283,-1.05168494199458,0.980417831592419,3.36729582998647,3770.0,8.234830280442056
4013364,,1,21,1.0,1026019,1,21.0,hourly,2.0,3.0,3.0,3.0,2.0,2.0,1.0,5.0,4.0,4.0,5.0,-0.436691515665901,1.21893771369932,0.936988194634136,0.55684486105609,0.464560124585293,3.04452243772342,91.0,4.51085950651685
4013369,,1,5,1.0,1018056,36,5.0,hourly,3.0,2.0,2.0,4.0,1.0,4.0,2.0,4.0,5.0,4.0,5.0,0.114691846461042,0.210589013995855,0.936988194634136,0.55684486105609,0.980417831592419,1.6094379124341,780.0,6.659293919683638
4013467,1.0,2,3300,1.0,1019051,40,19.0399261481652,monthly,2.0,3.0,3.0,4.0,4.0,4.0,3.0,4.0,2.0,5.0,3.0,0.666075208587985,-0.797759534455332,0.336483766279283,-1.05168494199458,-0.0512975824218321,2.94653815058286,3300.25386568197,8.101754673490225
5011072,1.0,2,3500,1.0,1019508,20,40.3877221324717,monthly,3.0,2.0,3.0,5.0,2.0,4.0,3.0,4.0,1.0,5.0,4.0,0.114691846461042,-0.797759534455332,0.336483766279283,-2.12403814402837,0.980417831592419,3.69852583116574,3500.26925148088,8.160595173513158
5011123,,1,15,2.0,1020108,30,15.0,hourly,3.0,3.0,4.0,4.0,5.0,5.0,3.0,4.0,3.0,5.0,5.0,0.666075208587985,0.210589013995855,-0.264020662075569,-0.515508340977693,-0.567155289428958,2.70805020110221,1950.0,7.575584651557793
5011163,,1,25,2.0,1019495,15,25.0,hourly,4.0,5.0,5.0,2.0,5.0,5.0,5.0,5.0,5.0,5.0,1.0,0.114691846461042,-1.80610808290652,-0.264020662075569,1.62919806308987,-0.567155289428958,3.2188758248682,1625.0,7.393263094763838
5011175,,1,19,2.0,1018264,30,19.0,hourly,5.0,3.0,5.0,3.0,1.0,3.0,2.0,3.0,5.0,4.0,5.0,-1.53945823991979,0.714763212595312,-1.46502951878527,1.09302146207298,0.980417831592419,2.94443897916644,2470.0,7.8119734296220225
5011178,,1,20,1.0,1020251,2,20.0,hourly,3.0,4.0,3.0,2.0,3.0,4.0,2.0,4.0,3.0,3.0,5.0,0.114691846461042,1.21893771369932,0.336483766279283,0.55684486105609,-0.567155289428958,2.99573227355399,173.333333333333,5.155216522907361
5011181,1.0,2,4100,1.0,1026828,13,72.7866640629161,monthly,2.0,4.0,3.0,3.0,,3.0,3.0,4.0,3.0,4.0,5.0,0.114691846461042,0.714763212595312,0.336483766279283,0.0206682600391986,-0.0512975824218321,4.28753275247309,4100.31540887761,8.318819178728054
5011203,,1,19,2.0,1018096,8,19.0,hourly,2.0,4.0,3.0,4.0,2.0,4.0,4.0,4.0,2.0,5.0,4.0,0.666075208587985,-0.293585335855875,0.336483766279283,-1.05168494199458,0.980417831592419,2.94443897916644,658.666666666667,6.490217589639704
5011212,,1,27,1.0,1018361,30,27.0,hourly,3.0,4.0,3.0,5.0,1.0,4.0,3.0,4.0,2.0,4.0,5.0,0.114691846461042,0.714763212595312,0.336483766279283,-1.58786154301148,0.980417831592419,3.29583686600433,3510.0,8.163371316459912
5011233,1.0,2,3300,2.0,1026871,5,152.319409185322,monthly,3.0,4.0,2.0,3.0,2.0,3.0,2.0,4.0,2.0,2.0,5.0,-0.436691515665901,1.21893771369932,0.936988194634136,-0.515508340977693,-0.567155289428958,5.0259796922627,3300.25386568198,8.101754673490227
5011238,1.0,1,25,1.0,1018623,2,25.0,hourly,2.0,3.0,5.0,1.0,5.0,3.0,4.0,2.0,5.0,3.0,3.0,0.114691846461042,-1.30193373305479,-2.06553394714013,2.16537466410676,-1.59887070344321,3.2188758248682,216.666666666667,5.3783600742215745
5011271,,1,32,1.0,1026488,60,32.0,hourly,3.0,2.0,3.0,1.0,1.0,3.0,2.0,3.0,5.0,5.0,4.0,-0.436691515665901,-0.293585335855875,-0.264020662075569,2.16537466410676,1.49627553859954,3.46573590279973,8320.0,9.026417533815254
5011305,,1,25,2.0,1027960,20,25.0,hourly,4.0,4.0,4.0,4.0,3.0,4.0,3.0,4.0,5.0,5.0,5.0,-0.436691515665901,0.714763212595312,-0.264020662075569,0.55684486105609,0.464560124585293,3.2188758248682,2166.66666666667,7.68094516721562
5011315,,1,26,1.0,1015276,16,26.0,hourly,1.0,5.0,2.0,3.0,5.0,5.0,2.0,3.0,2.0,3.0,5.0,1.76884193284187,1.72311145854195,0.336483766279283,-0.515508340977693,-1.59887070344321,3.25809653802148,1802.66666666667,7.497022329054692
5011379,1.0,1,23,1.0,1018719,5,23.0,hourly,3.0,4.0,3.0,3.0,1.0,3.0,3.0,4.0,3.0,5.0,5.0,-0.436691515665901,0.714763212595312,0.336483766279283,0.0206682600391986,1.49627553859954,3.13549421592915,498.333333333333,6.2112691971566765
5011400,,2,500,1.0,1015500,6,19.2322486345103,monthly,3.0,4.0,1.0,1.0,1.0,1.0,1.0,1.0,3.0,2.0,5.0,-1.53945823991979,1.72311145854195,-0.264020662075569,1.09302146207298,-0.0512975824218321,2.95658848643636,500.038464497268,6.214685024457845
5011413,,2,2600,2.0,1028644,30,20.0015385798908,monthly,3.0,3.0,4.0,4.0,2.0,5.0,2.0,3.0,2.0,4.0,5.0,0.666075208587985,0.714763212595312,-0.864525090430422,-1.05168494199458,0.464560124585293,2.99580919958965,2600.2000153858,7.863343650045229
5011440,,2,1500,2.0,1020000,20,17.3090237710593,monthly,3.0,4.0,3.0,4.0,3.0,3.0,2.0,4.0,3.0,4.0,5.0,-0.436691515665901,1.21893771369932,0.336483766279283,-0.515508340977693,-0.0512975824218321,2.85122797077854,1500.11539349181,7.313297313125958
5011455,1.0,1,18,1.0,1019771,6,18.0,hourly,2.0,3.0,3.0,2.0,4.0,5.0,3.0,4.0,3.0,4.0,5.0,1.21745857071493,0.210589013995855,0.336483766279283,0.55684486105609,-0.567155289428958,2.89037175789616,468.0,6.148468295917647
5011467,1.0,2,2000,1.0,1018477,30,15.3857989076083,monthly,3.0,3.0,4.0,4.0,3.0,4.0,4.0,2.0,2.0,4.0,3.0,0.114691846461042,-1.30193373305479,-1.46502951878527,-1.05168494199458,-0.0512975824218321,2.73344493512215,2000.15385798908,7.600979385577739
5011477,1.0,2,1000,2.0,1027502,8,28.8483729517655,monthly,2.0,4.0,3.0,2.0,1.0,5.0,1.0,4.0,2.0,4.0,4.0,1.21745857071493,1.21893771369932,0.336483766279283,0.0206682600391986,0.980417831592419,3.36205359454453,1000.07692899454,6.907832205017794
5011484,2.0,1,18,1.0,1018969,5,18.0,hourly,5.0,3.0,5.0,4.0,1.0,3.0,2.0,2.0,4.0,5.0,5.0,-1.53945823991979,0.714763212595312,-2.06553394714013,0.0206682600391986,1.49627553859954,2.89037175789616,390.0,5.966146739123692
5011532,,1,20,,1027064,30,20.0,hourly,3.0,3.0,2.0,2.0,1.0,4.0,2.0,4.0,2.0,5.0,5.0,0.114691846461042,0.714763212595312,0.936988194634136,0.0206682600391986,1.49627553859954,2.99573227355399,2600.0,7.8632667240095735
5011555,1.0,2,3700,1.0,1027012,20,42.695591968613,monthly,3.0,4.0,3.0,4.0,2.0,4.0,1.0,4.0,2.0,4.0,4.0,0.114691846461042,1.21893771369932,0.336483766279283,-1.05168494199458,0.464560124585293,3.75409568232055,3700.28463727979,8.216165024667971
5011586,,2,4200,1.0,1027067,8,121.163166397415,monthly,3.0,4.0,3.0,2.0,3.0,4.0,2.0,4.0,3.0,3.0,4.0,0.114691846461042,0.714763212595312,0.336483766279283,0.55684486105609,-0.567155289428958,4.79713811983385,4200.32310177705,8.342916730307111
5011611,,1,19,2.0,1019144,25,19.0,hourly,1.0,5.0,5.0,4.0,1.0,5.0,4.0,4.0,3.0,5.0,4.0,1.76884193284187,0.210589013995855,-0.864525090430422,-0.515508340977693,1.49627553859954,2.94443897916644,2058.33333333333,7.629651872828067
5011644,,1,20,2.0,1020112,26,20.0,hourly,,,2.0,,2.0,,2.0,,,,,0.224968518886431,-0.596089734013729,0.456584651950254,0.0206682600391986,0.258217041782443,2.99573227355399,2253.33333333333,7.720165880368898
5011684,,1,26,1.0,1027886,30,26.0,hourly,3.0,3.0,3.0,3.0,3.0,3.0,3.0,3.0,3.0,3.0,3.0,-0.436691515665901,-0.797759534455332,-0.264020662075569,0.0206682600391986,-0.567155289428958,3.25809653802148,3380.0,8.125630988477065
5011686,,1,35,1.0,1027828,12,35.0,hourly,2.0,5.0,3.0,3.0,5.0,5.0,1.0,5.0,4.0,4.0,5.0,1.21745857071493,2.22728595964596,0.936988194634136,0.55684486105609,-1.08301299643608,3.55534806148941,1820.0,7.506591780070841
5011707,2.0,1,18,1.0,1018802,2,18.0,hourly,2.0,3.0,3.0,4.0,2.0,4.0,4.0,3.0,3.0,4.0,4.0,0.666075208587985,-0.797759534455332,-0.264020662075569,-0.515508340977693,0.464560124585293,2.89037175789616,156.0,5.049856007249537
5011738,,1,23,1.0,1026824,2,23.0,hourly,2.0,3.0,3.0,4.0,5.0,4.0,3.0,3.0,2.0,4.0,5.0,0.666075208587985,0.210589013995855,-0.264020662075569,-1.05168494199458,-1.08301299643608,3.13549421592915,199.333333333333,5.2949784652825205
5011742,,2,1200,2.0,1019146,16,17.3090237710593,monthly,3.0,3.0,4.0,2.0,4.0,4.0,3.0,3.0,4.0,3.0,2.0,0.114691846461042,-1.30193373305479,-0.864525090430422,1.09302146207298,-1.08301299643608,2.85122797077854,1200.09231479344,7.090153761811742
5011763,,1,30,2.0,1028062,35,30.0,hourly,3.0,3.0,2.0,4.0,3.0,3.0,2.0,4.0,2.0,5.0,4.0,-0.436691515665901,0.210589013995855,0.936988194634136,-1.05168494199458,0.464560124585293,3.40119738166216,4550.0,8.422882511944996
5011802,1.0,2,4500,1.0,1026170,6,173.090237710593,monthly,5.0,4.0,3.0,2.0,3.0,2.0,2.0,4.0,4.0,2.0,4.0,-2.09084160204673,0.714763212595312,0.336483766279283,1.09302146207298,-1.08301299643608,5.15381306377258,4500.34618047542,8.411909601794065
5011816,,2,4200,1.0,1027817,9,107.700592353258,monthly,4.0,4.0,3.0,2.0,4.0,3.0,4.0,4.0,3.0,3.0,4.0,-0.988074877792844,-0.293585335855875,0.336483766279283,0.55684486105609,-1.08301299643608,4.67935508417747,4200.32310177706,8.342916730307115
5011825,,1,15,1.0,1027561,10,15.0,hourly,2.0,3.0,2.0,3.0,4.0,4.0,4.0,4.0,2.0,5.0,4.0,0.666075208587985,-0.797759534455332,0.936988194634136,-0.515508340977693,-0.0512975824218321,2.70805020110221,650.0,6.476972362889683
5011873,,2,4500,1.0,1019010,20,51.9270713131779,monthly,2.0,4.0,3.0,5.0,2.0,4.0,3.0,3.0,2.0,4.0,4.0,0.666075208587985,0.210589013995855,-0.264020662075569,-1.58786154301148,0.464560124585293,3.94984025944665,4500.34618047542,8.411909601794065
5011918,,1,20,2.0,1018943,10,20.0,hourly,3.0,5.0,5.0,1.0,1.0,1.0,5.0,1.0,5.0,1.0,1.0,-1.53945823991979,-1.80610808290652,-2.66603837549498,2.16537466410676,-0.567155289428958,2.99573227355399,866.666666666667,6.764654435341464
5011952,,1,15,2.0,1015580,14,15.0,hourly,1.0,4.0,3.0,1.0,1.0,5.0,1.0,3.0,5.0,5.0,5.0,1.76884193284187,1.72311145854195,-0.264020662075569,2.16537466410676,1.49627553859954,2.70805020110221,910.0,6.813444599510896
5011963,,1,23,,1019363,1,23.0,hourly,2.0,3.0,5.0,2.0,3.0,4.0,3.0,3.0,4.0,3.0,3.0,0.666075208587985,-0.797759534455332,-1.46502951878527,1.09302146207298,-0.567155289428958,3.13549421592915,99.6666666666667,4.601831284722577
5011971,1.0,1,25,1.0,1026174,3,25.0,hourly,1.0,3.0,2.0,3.0,1.0,4.0,3.0,5.0,1.0,4.0,5.0,1.21745857071493,0.210589013995855,1.53749262298899,-1.05168494199458,0.980417831592419,3.2188758248682,325.0,5.783825182329737
5011979,,1,19,2.0,1026252,27,19.0,hourly,4.0,4.0,3.0,1.0,1.0,3.0,4.0,5.0,4.0,3.0,5.0,-0.988074877792844,0.210589013995855,0.936988194634136,1.62919806308987,0.464560124585293,2.94443897916644,2223.0,7.706612913964197
5012028,,1,18,1.0,1026314,2,18.0,hourly,2.0,3.0,2.0,3.0,4.0,4.0,3.0,4.0,3.0,4.0,4.0,0.666075208587985,-0.293585335855875,0.936988194634136,0.0206682600391986,-0.567155289428958,2.89037175789616,156.0,5.049856007249537
5012031,,2,1500,2.0,1026380,3,115.393491807062,monthly,3.0,4.0,2.0,4.0,4.0,4.0,3.0,4.0,4.0,4.0,1.0,0.114691846461042,-1.30193373305479,0.936988194634136,0.0206682600391986,-0.567155289428958,4.74834795566442,1500.11539349181,7.313297313125958
5012076,1.0,1,27,1.0,1019914,40,27.0,hourly,2.0,5.0,5.0,2.0,3.0,4.0,3.0,3.0,5.0,4.0,5.0,0.666075208587985,1.21893771369932,-1.46502951878527,1.62919806308987,-0.0512975824218321,3.29583686600433,4680.0,8.451053388911692
5012084,1.0,2,3600,2.0,1019654,34,24.4362688532602,monthly,3.0,2.0,2.0,3.0,4.0,4.0,2.0,3.0,2.0,3.0,4.0,0.114691846461042,-0.293585335855875,0.336483766279283,-0.515508340977693,-1.08301299643608,3.19606845707027,3600.27694438034,8.188766050479856
5012101,,1,17,,1015058,20,17.0,hourly,5.0,5.0,4.0,2.0,1.0,2.0,3.0,4.0,3.0,2.0,3.0,-2.09084160204673,0.210589013995855,-0.264020662075569,0.55684486105609,-0.0512975824218321,2.83321334405622,1473.33333333333,7.295282686403632
5012140,1.0,1,26,1.0,1027743,4,26.0,hourly,2.0,3.0,2.0,1.0,5.0,4.0,3.0,3.0,3.0,5.0,2.0,0.666075208587985,-1.30193373305479,0.336483766279283,1.09302146207298,-0.567155289428958,3.25809653802148,450.666666666667,6.1107279679348006
5012144,,2,2200,1.0,1027818,8,63.4664204938841,monthly,1.0,4.0,4.0,4.0,2.0,4.0,4.0,3.0,4.0,3.0,4.0,1.21745857071493,-0.293585335855875,-0.864525090430422,0.0206682600391986,-0.0512975824218321,4.1505109549088,2200.16924378798,7.69628956538206
5012198,,1,20,,1015010,12,20.0,hourly,5.0,5.0,1.0,4.0,1.0,3.0,3.0,5.0,1.0,5.0,5.0,-1.53945823991979,1.21893771369932,2.13799705134384,-1.58786154301148,1.49627553859954,2.99573227355399,1040.0,6.946975992135418
5012279,1.0,2,4700,1.0,1026706,17,63.8058131168461,monthly,4.0,2.0,3.0,4.0,3.0,3.0,3.0,4.0,2.0,3.0,4.0,-0.988074877792844,-0.797759534455332,0.336483766279283,-1.05168494199458,-0.567155289428958,4.15584430088416,4700.36156627433,8.455394713733805
5012281,,1,23,2.0,1018424,9,23.0,hourly,4.0,5.0,1.0,4.0,1.0,5.0,1.0,4.0,1.0,5.0,5.0,0.114691846461042,2.22728595964596,1.53749262298899,-1.58786154301148,1.49627553859954,3.13549421592915,897.0,6.799055862058796
5012308,1.0,1,27,1.0,1028435,4,27.0,hourly,2.0,4.0,3.0,4.0,2.0,4.0,3.0,3.0,2.0,4.0,4.0,0.666075208587985,0.210589013995855,-0.264020662075569,-1.05168494199458,0.464560124585293,3.29583686600433,468.0,6.148468295917647
5012344,,2,1300,2.0,1019367,7,42.8604398140516,monthly,4.0,5.0,3.0,2.0,2.0,4.0,3.0,4.0,4.0,3.0,,-0.436691515665901,1.11810311598307,0.336483766279283,1.09302146207298,-0.0512975824218321,3.75794925163654,1300.1000076929,7.170196469485283
5012351,1.0,1,21,1.0,1019766,24,21.0,hourly,3.0,2.0,4.0,2.0,3.0,2.0,3.0,2.0,4.0,3.0,4.0,-0.988074877792844,-0.797759534455332,-1.46502951878527,1.09302146207298,-0.567155289428958,3.04452243772342,2184.0,7.688913336864796
5012368,,2,1400,2.0,1015285,27,11.9667324836953,monthly,1.0,1.0,4.0,4.0,5.0,4.0,3.0,4.0,2.0,4.0,4.0,1.21745857071493,-1.30193373305479,-0.264020662075569,-1.05168494199458,-1.08301299643608,2.48213050684125,1400.10770059235,7.244304441639002
5012381,3.0,2,4500,1.0,1028667,42,24.727176815799,monthly,3.0,4.0,3.0,3.0,2.0,4.0,2.0,4.0,2.0,3.0,3.0,0.114691846461042,0.210589013995855,0.336483766279283,-0.515508340977693,-0.0512975824218321,3.20790291471727,4500.34618047542,8.411909601794065
5012398,1.0,2,3000,2.0,1026127,2,346.180475421186,monthly,3.0,2.0,5.0,3.0,3.0,4.0,2.0,4.0,2.0,5.0,1.0,0.114691846461042,-1.80610808290652,-0.864525090430422,-0.515508340977693,0.464560124585293,5.84696024433253,3000.23078698361,8.0064444936859
5012401,1.0,1,25,2.0,1026841,5,25.0,hourly,3.0,2.0,4.0,4.0,5.0,3.0,2.0,3.0,2.0,2.0,5.0,-0.436691515665901,0.210589013995855,-0.864525090430422,-1.05168494199458,-2.11472841045033,3.2188758248682,541.666666666667,6.294650806095729
5012439,,2,900,2.0,1026047,32,6.49088391414724,monthly,3.0,3.0,2.0,4.0,4.0,5.0,3.0,5.0,3.0,4.0,5.0,0.666075208587985,0.210589013995855,1.53749262298899,-0.515508340977693,-0.567155289428958,1.87039871776681,900.069236095084,6.802471689359965
5012449,,1,20,2.0,1020008,8,20.0,hourly,3.0,3.0,3.0,3.0,1.0,3.0,1.0,3.0,3.0,4.0,3.0,-0.436691515665901,0.210589013995855,-0.264020662075569,0.0206682600391986,0.980417831592419,2.99573227355399,693.333333333333,6.541510884027254
5012470,,2,1600,1.0,1019557,20,18.4629586891299,monthly,3.0,5.0,3.0,3.0,2.0,3.0,2.0,5.0,4.0,5.0,5.0,-0.436691515665901,1.72311145854195,0.936988194634136,0.55684486105609,0.980417831592419,2.91576649191611,1600.12308639126,7.377835834263527
5012518,1.0,2,1095,1.0,1020103,8,31.5889683821832,monthly,2.0,3.0,2.0,3.0,4.0,3.0,2.0,4.0,2.0,3.0,4.0,0.114691846461042,0.210589013995855,0.936988194634136,-0.515508340977693,-1.08301299643608,3.45280795781299,1095.08423724902,6.998586568286257
5012522,,1,30,1.0,1019423,35,30.0,hourly,2.0,3.0,2.0,3.0,5.0,5.0,3.0,4.0,2.0,3.0,5.0,1.21745857071493,0.210589013995855,0.936988194634136,-0.515508340977693,-1.59887070344321,3.40119738166216,4550.0,8.422882511944996
5012621,,1,20,1.0,1026869,12,20.0,hourly,3.0,2.0,4.0,1.0,3.0,4.0,3.0,4.0,4.0,2.0,2.0,0.114691846461042,-1.80610808290652,-0.264020662075569,1.62919806308987,-1.08301299643608,2.99573227355399,1040.0,6.946975992135418
5012697,,2,450,2.0,1018625,50,2.07708285252712,monthly,3.0,4.0,5.0,3.0,1.0,3.0,2.0,4.0,4.0,3.0,5.0,-0.436691515665901,1.21893771369932,-0.864525090430422,0.55684486105609,0.464560124585293,0.730964434578447,450.034618047543,6.1093245088000225
5012700,1.0,2,4200,1.0,1019331,34,28.5089803288036,monthly,3.0,4.0,2.0,4.0,3.0,3.0,2.0,4.0,2.0,4.0,5.0,-0.436691515665901,1.21893771369932,0.936988194634136,-1.05168494199458,-0.0512975824218321,3.35021913689753,4200.32310177706,8.342916730307115
5012756,,1,13,2.0,1015238,25,13.0,hourly,2.0,3.0,2.0,3.0,3.0,4.0,4.0,4.0,4.0,4.0,4.0,0.666075208587985,-0.797759534455332,0.936988194634136,0.55684486105609,-0.0512975824218321,2.56494935746154,1408.33333333333,7.250162251123162
5012823,,1,20,2.0,1026469,30,20.0,hourly,5.0,1.0,2.0,2.0,5.0,3.0,3.0,3.0,4.0,4.0,4.0,-1.53945823991979,-1.30193373305479,0.336483766279283,1.09302146207298,-1.08301299643608,2.99573227355399,2600.0,7.8632667240095735
5012843,1.0,2,960,2.0,1015562,12,18.4629586891299,monthly,2.0,3.0,4.0,4.0,4.0,4.0,2.0,4.0,2.0,2.0,3.0,0.666075208587985,-0.293585335855875,-0.264020662075569,-1.05168494199458,-1.59887070344321,2.91576649191611,960.073851834755,6.8670102104975355
5012855,,1,18,1.0,1027418,70,18.0,hourly,5.0,2.0,1.0,2.0,3.0,2.0,2.0,4.0,3.0,3.0,4.0,-2.09084160204673,-0.293585335855875,1.53749262298899,0.55684486105609,-0.567155289428958,2.89037175789616,5460.0,8.605204068738951
5012922,,2,4400,2.0,1028144,17,59.7331016413027,monthly,4.0,4.0,2.0,1.0,1.0,3.0,2.0,5.0,5.0,3.0,5.0,-0.988074877792844,1.21893771369932,1.53749262298899,2.16537466410676,0.464560124585293,4.08988633309236,4400.33848757597,8.389436745942008
5012932,,2,1800,2.0,1000119,16,25.963535656589,monthly,2.0,2.0,3.0,3.0,4.0,5.0,3.0,5.0,3.0,2.0,5.0,1.21745857071493,-0.293585335855875,0.936988194634136,0.0206682600391986,-1.59887070344321,3.2566930788867,1800.13847219017,7.4956188699199116
5012970,,1,15,1.0,1026337,50,15.0,hourly,5.0,4.0,4.0,4.0,3.0,4.0,2.0,4.0,3.0,3.0,4.0,-0.988074877792844,0.714763212595312,-0.264020662075569,-0.515508340977693,-0.567155289428958,2.70805020110221,3250.0,8.086410275323782
5012979,,1,6,1.0,1027319,20,6.0,hourly,2.0,3.0,3.0,2.0,2.0,3.0,2.0,4.0,2.0,2.0,3.0,0.114691846461042,-0.293585335855875,0.336483766279283,0.0206682600391986,-0.567155289428958,1.79175946922805,520.0,6.253828811575473
5012993,2.0,2,4225,2.0,1018525,4,243.768751442419,monthly,3.0,3.0,2.0,3.0,4.0,3.0,1.0,5.0,2.0,4.0,4.0,-0.436691515665901,0.714763212595312,1.53749262298899,-0.515508340977693,-0.567155289428958,5.49622003591361,4225.32502500193,8.34885146582693
5013033,,1,22,,1028668,8,22.0,hourly,4.0,3.0,5.0,2.0,3.0,2.0,3.0,3.0,5.0,4.0,4.0,-1.53945823991979,-0.293585335855875,-1.46502951878527,1.62919806308987,-0.0512975824218321,3.09104245335832,762.666666666667,6.636821063831579
5013044,1.0,2,4300,1.0,1028500,40,24.8096007385183,monthly,2.0,3.0,4.0,3.0,2.0,4.0,1.0,3.0,3.0,3.0,4.0,0.666075208587985,0.714763212595312,-0.864525090430422,0.0206682600391986,-0.0512975824218321,3.21123070480994,4300.3307946765,8.366447227717305
5013046,,1,16,1.0,1015564,12,16.0,hourly,5.0,3.0,3.0,2.0,4.0,3.0,2.0,4.0,4.0,4.0,3.0,-1.53945823991979,-0.293585335855875,0.336483766279283,1.09302146207298,-0.567155289428958,2.77258872223978,832.0,6.723832440821209
5013065,,1,18,1.0,1015374,20,18.0,hourly,1.0,3.0,3.0,3.0,2.0,5.0,4.0,4.0,2.0,4.0,4.0,1.76884193284187,-0.797759534455332,0.336483766279283,-0.515508340977693,0.464560124585293,2.89037175789616,1560.0,7.352441100243583
5013075,,2,2000,1.0,1020163,26,17.7528448933942,monthly,2.0,4.0,3.0,2.0,5.0,5.0,2.0,3.0,2.0,4.0,5.0,1.21745857071493,1.21893771369932,-0.264020662075569,0.0206682600391986,-1.08301299643608,2.87654577876283,2000.15385798908,7.600979385577739
5013099,1.0,1,25,1.0,1018755,12,25.0,hourly,3.0,5.0,3.0,3.0,4.0,3.0,3.0,5.0,3.0,4.0,4.0,-0.436691515665901,0.714763212595312,0.936988194634136,0.0206682600391986,-0.567155289428958,3.2188758248682,1300.0,7.170119543449628
5013139,,1,23,1.0,1000146,20,23.0,hourly,3.0,3.0,4.0,5.0,2.0,3.0,4.0,4.0,2.0,5.0,5.0,-0.436691515665901,-0.293585335855875,-0.264020662075569,-1.58786154301148,0.980417831592419,3.13549421592915,1993.33333333333,7.597563558276566
5013150,1.0,1,40,1.0,1027373,3,40.0,hourly,5.0,3.0,1.0,1.0,5.0,3.0,2.0,5.0,5.0,4.0,5.0,-1.53945823991979,0.714763212595312,2.13799705134384,2.16537466410676,-1.08301299643608,3.68887945411394,520.0,6.253828811575473
5013153,,2,2200,2.0,1015662,30,16.9243787983691,monthly,2.0,4.0,4.0,4.0,3.0,3.0,4.0,3.0,4.0,3.0,4.0,0.114691846461042,-0.293585335855875,-0.864525090430422,0.0206682600391986,-0.567155289428958,2.82875511492648,2200.16924378798,7.69628956538206
5013183,1.0,2,5100,2.0,1019335,33,35.6670792858192,monthly,2.0,4.0,5.0,3.0,3.0,5.0,2.0,4.0,3.0,2.0,4.0,1.21745857071493,0.714763212595312,-0.864525090430422,0.0206682600391986,-1.08301299643608,3.57422811448816,5100.39233787215,8.537072744748073
5013184,,1,22,2.0,1027776,8,22.0,hourly,4.0,3.0,4.0,2.0,2.0,4.0,3.0,3.0,2.0,3.0,5.0,-0.436691515665901,0.210589013995855,-0.864525090430422,0.0206682600391986,-0.0512975824218321,3.09104245335832,762.666666666667,6.636821063831579
5013201,1.0,1,21,2.0,1019789,24,21.0,hourly,2.0,5.0,4.0,3.0,2.0,5.0,1.0,3.0,3.0,4.0,5.0,1.21745857071493,2.22728595964596,-0.864525090430422,0.0206682600391986,0.464560124585293,3.04452243772342,2184.0,7.688913336864796
5013230,1.0,2,4200,1.0,1027481,35,27.6944380336949,monthly,3.0,4.0,4.0,2.0,2.0,5.0,1.0,5.0,5.0,5.0,5.0,0.666075208587985,1.72311145854195,0.336483766279283,1.62919806308987,0.980417831592419,3.32123160002427,4200.32310177706,8.342916730307115
5013232,,2,2000,2.0,1019295,6,76.9289945380414,monthly,1.0,1.0,3.0,2.0,3.0,4.0,4.0,2.0,2.0,3.0,3.0,1.21745857071493,-2.31028228150598,-0.864525090430422,0.0206682600391986,-0.567155289428958,4.34288284755625,2000.15385798908,7.600979385577739
5013282,,2,2500,2.0,1027961,24,24.0403107931379,monthly,2.0,3.0,3.0,3.0,1.0,5.0,3.0,3.0,3.0,5.0,3.0,1.21745857071493,-0.797759534455332,-0.264020662075569,0.0206682600391986,1.49627553859954,3.17973203775057,2500.19232248634,7.8241229368919445
5013286,,2,1400,2.0,1026853,10,32.3101777059774,monthly,1.0,2.0,3.0,3.0,4.0,5.0,3.0,5.0,5.0,5.0,1.0,1.76884193284187,-2.31028228150598,0.936988194634136,1.09302146207298,-0.0512975824218321,3.47538227985153,1400.10770059235,7.244304441639002
5013337,,1,21,1.0,1015681,8,21.0,hourly,2.0,5.0,2.0,3.0,2.0,5.0,2.0,5.0,3.0,4.0,4.0,1.21745857071493,1.21893771369932,1.53749262298899,0.0206682600391986,0.464560124585293,3.04452243772342,728.0,6.590301048196686
5013362,1.0,1,20,2.0,1018913,5,20.0,hourly,5.0,2.0,5.0,3.0,3.0,2.0,5.0,3.0,4.0,5.0,1.0,-2.09084160204673,-3.31863067870489,-1.46502951878527,0.55684486105609,0.464560124585293,2.99573227355399,433.333333333333,6.071507254781517
5013372,,1,20,1.0,1027833,26,20.0,hourly,4.0,2.0,3.0,4.0,5.0,3.0,3.0,4.0,2.0,1.0,5.0,-0.988074877792844,-0.293585335855875,0.336483766279283,-1.05168494199458,-2.63058611745746,2.99573227355399,2253.33333333333,7.720165880368898
5013380,,2,3000,1.0,1027387,2,346.180475421186,monthly,1.0,4.0,5.0,3.0,1.0,5.0,2.0,4.0,3.0,4.0,5.0,1.76884193284187,1.21893771369932,-0.864525090430422,0.0206682600391986,0.980417831592419,5.84696024433253,3000.23078698361,8.0064444936859
5013382,1.0,1,29,1.0,1026233,5,29.0,hourly,2.0,1.0,1.0,5.0,1.0,5.0,5.0,4.0,1.0,5.0,3.0,1.21745857071493,-2.81445663135771,1.53749262298899,-2.12403814402837,1.49627553859954,3.36729582998647,628.333333333333,6.443070811214001
5013391,,1,21,2.0,1015888,8,21.0,hourly,2.0,3.0,1.0,4.0,5.0,4.0,2.0,5.0,2.0,1.0,5.0,0.666075208587985,0.714763212595312,2.13799705134384,-1.05168494199458,-2.63058611745746,3.04452243772342,728.0,6.590301048196686
5013441,,1,20,1.0,1026092,10,20.0,hourly,2.0,4.0,5.0,5.0,5.0,5.0,3.0,4.0,2.0,2.0,4.0,1.21745857071493,0.210589013995855,-0.864525090430422,-1.58786154301148,-2.11472841045033,2.99573227355399,866.666666666667,6.764654435341464
5013467,2.0,1,23,1.0,1026387,1,23.0,hourly,1.0,4.0,4.0,2.0,2.0,5.0,5.0,3.0,5.0,4.0,4.0,1.76884193284187,-0.797759534455332,-0.864525090430422,1.62919806308987,0.464560124585293,3.13549421592915,99.6666666666667,4.601831284722577
6011028,,1,19,2.0,1019115,3,19.0,hourly,4.0,4.0,3.0,3.0,2.0,3.0,2.0,5.0,2.0,5.0,5.0,-0.988074877792844,1.21893771369932,0.936988194634136,-0.515508340977693,0.980417831592419,2.94443897916644,247.0,5.5093883366279774
6011030,1.0,2,600,1.0,1026198,8,17.3090237710593,monthly,5.0,3.0,3.0,1.0,2.0,5.0,1.0,4.0,3.0,3.0,5.0,-0.436691515665901,1.21893771369932,0.336483766279283,1.09302146207298,-0.0512975824218321,2.85122797077854,600.046157396722,6.3970065812518
6011042,,2,1200,1.0,1015892,20,13.8472190168475,monthly,1.0,5.0,3.0,5.0,2.0,5.0,3.0,3.0,2.0,5.0,3.0,1.76884193284187,0.210589013995855,-0.264020662075569,-1.58786154301148,0.980417831592419,2.62808441946433,1200.09231479345,7.09015376181175
6011078,,1,21,1.0,1026195,4,21.0,hourly,3.0,4.0,4.0,2.0,2.0,4.0,4.0,3.0,5.0,5.0,4.0,0.114691846461042,-0.293585335855875,-0.864525090430422,1.62919806308987,0.980417831592419,3.04452243772342,364.0,5.8971538676367405
6011089,1.0,1,18,1.0,1020157,42,18.0,hourly,4.0,3.0,4.0,2.0,4.0,4.0,3.0,4.0,5.0,4.0,3.0,-0.436691515665901,-0.797759534455332,-0.264020662075569,1.62919806308987,-0.567155289428958,2.89037175789616,3276.0,8.09437844497296
6011179,,2,4200,2.0,1028518,5,193.861066235864,monthly,2.0,4.0,5.0,3.0,5.0,5.0,1.0,3.0,2.0,5.0,5.0,1.21745857071493,1.72311145854195,-1.46502951878527,-0.515508340977693,-0.567155289428958,5.26714174907959,4200.32310177705,8.342916730307111
6011194,1.0,2,2000,2.0,1019947,18,25.6429981793471,monthly,4.0,2.0,4.0,4.0,3.0,4.0,2.0,3.0,2.0,3.0,4.0,-0.436691515665901,-0.293585335855875,-0.864525090430422,-1.05168494199458,-0.567155289428958,3.24427055888814,2000.15385798907,7.600979385577734
6011259,1.0,2,4500,1.0,1018538,2,519.270713131779,monthly,3.0,4.0,4.0,3.0,1.0,4.0,3.0,3.0,4.0,5.0,4.0,0.114691846461042,0.210589013995855,-0.864525090430422,0.55684486105609,1.49627553859954,6.25242535244069,4500.34618047542,8.411909601794065
6011280,1.0,1,21,1.0,1026021,30,21.0,hourly,2.0,3.0,2.0,4.0,4.0,4.0,2.0,4.0,2.0,4.0,4.0,0.666075208587985,0.210589013995855,0.936988194634136,-1.05168494199458,-0.567155289428958,3.04452243772342,2730.0,7.912056888179006
6011318,1.0,1,23,1.0,1026362,30,23.0,hourly,3.0,2.0,5.0,2.0,1.0,2.0,2.0,3.0,3.0,4.0,5.0,-0.988074877792844,0.210589013995855,-1.46502951878527,0.55684486105609,0.980417831592419,3.13549421592915,2990.0,8.003028666384733
6011370,,1,50,2.0,1026414,2,50.0,hourly,2.0,2.0,4.0,5.0,1.0,5.0,2.0,4.0,2.0,5.0,3.0,1.21745857071493,-0.797759534455332,-0.264020662075569,-1.58786154301148,1.49627553859954,3.91202300542815,433.333333333333,6.071507254781517
6011379,,1,24,1.0,1028495,9,24.0,hourly,3.0,4.0,2.0,3.0,4.0,4.0,2.0,4.0,1.0,5.0,5.0,0.114691846461042,1.21893771369932,0.936988194634136,-1.05168494199458,-0.0512975824218321,3.17805383034795,936.0,6.841615476477592
6011383,2.0,2,2600,1.0,1018663,2,300.023078698361,monthly,1.0,4.0,3.0,3.0,4.0,5.0,3.0,4.0,3.0,4.0,5.0,1.76884193284187,0.714763212595312,0.336483766279283,0.0206682600391986,-0.567155289428958,5.70385940069186,2600.2000153858,7.863343650045229
6011385,,2,4195,1.0,1026354,36,26.8930943405903,monthly,3.0,5.0,5.0,5.0,2.0,3.0,3.0,3.0,2.0,4.0,5.0,-0.436691515665901,1.21893771369932,-1.46502951878527,-1.58786154301148,0.464560124585293,3.29186953768742,4195.32271713209,8.341725544936962
6011393,1.0,2,2880,1.0,1018562,24,27.6944380336949,monthly,1.0,2.0,1.0,5.0,3.0,3.0,2.0,5.0,3.0,3.0,4.0,0.666075208587985,-0.293585335855875,2.13799705134384,-1.05168494199458,-0.567155289428958,3.32123160002427,2880.22155550427,7.965622499165646
6011531,,1,15,1.0,1015050,8,15.0,hourly,3.0,3.0,5.0,5.0,3.0,4.0,4.0,2.0,1.0,3.0,4.0,0.114691846461042,-0.797759534455332,-2.06553394714013,-2.12403814402837,-0.567155289428958,2.70805020110221,520.0,6.253828811575473
6011532,,1,27,1.0,1019018,22,27.0,hourly,3.0,4.0,4.0,3.0,2.0,3.0,2.0,4.0,3.0,4.0,4.0,-0.436691515665901,0.714763212595312,-0.264020662075569,0.0206682600391986,0.464560124585293,3.29583686600433,2574.0,7.853216388156072
6011583,,2,3400,1.0,1028548,34,23.0786983614124,monthly,3.0,3.0,3.0,3.0,5.0,4.0,3.0,3.0,3.0,3.0,3.0,0.114691846461042,-0.797759534455332,-0.264020662075569,0.0206682600391986,-1.59887070344321,3.13891004323032,3400.26155858143,8.131607636639908
6011594,1.0,1,25,1.0,1026704,4,25.0,hourly,2.0,4.0,3.0,3.0,3.0,4.0,1.0,3.0,2.0,3.0,4.0,0.666075208587985,1.21893771369932,-0.264020662075569,-0.515508340977693,-0.567155289428958,3.2188758248682,433.333333333333,6.071507254781517
6011600,,2,4280,1.0,1026792,16,61.7355181167782,monthly,2.0,5.0,5.0,5.0,5.0,5.0,3.0,3.0,2.0,5.0,3.0,1.21745857071493,0.210589013995855,-1.46502951878527,-1.58786154301148,-0.567155289428958,4.12285942357829,4280.32925609662,8.361785214611496
6011629,,2,2500,1.0,1019760,30,19.2322486345103,monthly,3.0,4.0,3.0,3.0,2.0,2.0,1.0,3.0,2.0,4.0,1.0,-0.988074877792844,-0.293585335855875,-0.264020662075569,-0.515508340977693,0.464560124585293,2.95658848643636,2500.19232248634,7.8241229368919445
6011630,1.0,1,14,2.0,1027596,9,14.0,hourly,3.0,4.0,3.0,3.0,3.0,4.0,3.0,4.0,4.0,5.0,5.0,0.114691846461042,0.714763212595312,0.336483766279283,0.55684486105609,0.464560124585293,2.63905732961526,546.0,6.302618975744905
6011650,,1,18,2.0,1015239,30,18.0,hourly,3.0,5.0,2.0,1.0,3.0,3.0,1.0,5.0,4.0,2.0,5.0,-0.436691515665901,2.22728595964596,1.53749262298899,1.62919806308987,-1.08301299643608,2.89037175789616,2340.0,7.757906208351747
6011728,1.0,2,2200,2.0,1026826,2,253.865681975537,monthly,2.0,4.0,5.0,4.0,1.0,4.0,4.0,2.0,2.0,4.0,4.0,0.666075208587985,-0.293585335855875,-2.06553394714013,-1.05168494199458,0.980417831592419,5.53680531602869,2200.16924378799,7.696289565382065
6011735,1.0,1,30,2.0,1027562,16,30.0,hourly,5.0,4.0,5.0,4.0,1.0,1.0,4.0,4.0,4.0,5.0,4.0,-2.64222496417367,-0.293585335855875,-0.864525090430422,0.0206682600391986,1.49627553859954,3.40119738166216,2080.0,7.640123172695364
6011753,1.0,1,30,1.0,1028245,48,30.0,hourly,2.0,4.0,4.0,4.0,4.0,3.0,4.0,3.0,3.0,4.0,3.0,0.114691846461042,-0.797759534455332,-0.864525090430422,-0.515508340977693,-0.567155289428958,3.40119738166216,6240.0,8.738735461363474
6011821,1.0,2,1500,2.0,1018708,2,173.090237710593,monthly,4.0,2.0,2.0,3.0,1.0,3.0,4.0,5.0,5.0,5.0,4.0,-0.988074877792844,-1.30193373305479,1.53749262298899,1.09302146207298,1.49627553859954,5.15381306377258,1500.11539349181,7.313297313125958
6011851,,2,840,1.0,1018772,9,21.5401184706516,monthly,3.0,3.0,3.0,3.0,2.0,4.0,3.0,4.0,2.0,5.0,4.0,0.114691846461042,-0.293585335855875,0.336483766279283,-0.515508340977693,0.980417831592419,3.06991717174337,840.064620355412,6.733478817873014
6011852,,1,21,2.0,1028330,33,21.0,hourly,3.0,2.0,,3.0,2.0,4.0,2.0,4.0,1.0,4.0,5.0,0.114691846461042,0.210589013995855,0.936988194634136,-1.05168494199458,0.464560124585293,3.04452243772342,3003.0,8.00736706798333
6011900,2.0,2,4250,1.0,1019739,6,163.474113393338,monthly,2.0,5.0,2.0,4.0,2.0,4.0,3.0,4.0,2.0,3.0,5.0,0.666075208587985,1.21893771369932,0.936988194634136,-1.05168494199458,-0.0512975824218321,5.09665464993263,4250.32694822679,8.354751187954118
6011901,,1,22,2.0,1028135,7,22.0,hourly,3.0,3.0,2.0,3.0,1.0,3.0,3.0,4.0,2.0,5.0,3.0,-0.436691515665901,-0.797759534455332,0.936988194634136,-0.515508340977693,1.49627553859954,3.09104245335832,667.333333333333,6.503289671207056
6011931,2.0,2,3500,1.0,1019745,30,26.9251480883145,monthly,1.0,3.0,2.0,3.0,1.0,4.0,2.0,4.0,1.0,4.0,4.0,1.21745857071493,0.210589013995855,0.936988194634136,-1.05168494199458,0.980417831592419,3.29306072305758,3500.26925148089,8.160595173513162
6011954,,1,18,2.0,1018192,3,18.0,hourly,2.0,2.0,3.0,1.0,2.0,4.0,2.0,4.0,4.0,4.0,5.0,0.666075208587985,0.210589013995855,0.336483766279283,1.62919806308987,0.464560124585293,2.89037175789616,234.0,5.455321115357702
6011961,1.0,1,20,1.0,1015706,40,20.0,hourly,2.0,3.0,5.0,4.0,2.0,4.0,4.0,4.0,2.0,5.0,3.0,0.666075208587985,-1.30193373305479,-0.864525090430422,-1.05168494199458,0.980417831592419,2.99573227355399,3466.66666666667,8.150948796461355
6011979,2.0,1,22,1.0,1020144,5,22.0,hourly,3.0,4.0,2.0,3.0,1.0,4.0,2.0,5.0,2.0,4.0,5.0,0.114691846461042,1.21893771369932,1.53749262298899,-0.515508340977693,0.980417831592419,3.09104245335832,476.666666666667,6.166817434585844
6012046,1.0,2,4300,2.0,1028017,10,99.2384029540734,monthly,1.0,4.0,3.0,2.0,4.0,3.0,2.0,4.0,3.0,3.0,4.0,0.666075208587985,0.714763212595312,0.336483766279283,0.55684486105609,-1.08301299643608,4.59752506592984,4300.33079467651,8.366447227717307
6012047,,1,20,1.0,1026029,6,20.0,hourly,5.0,2.0,3.0,2.0,5.0,3.0,2.0,3.0,4.0,4.0,3.0,-1.53945823991979,-0.797759534455332,-0.264020662075569,1.09302146207298,-1.08301299643608,2.99573227355399,520.0,6.253828811575473
6012104,,2,3200,2.0,1026492,3,246.172782521732,monthly,3.0,4.0,1.0,2.0,1.0,5.0,1.0,5.0,1.0,4.0,5.0,0.666075208587985,1.72311145854195,2.13799705134384,-0.515508340977693,0.980417831592419,5.50603365736194,3200.24617278252,8.070983014823472
6012119,1.0,1,22,1.0,1018386,30,22.0,hourly,4.0,3.0,3.0,2.0,4.0,3.0,2.0,3.0,4.0,3.0,4.0,-0.988074877792844,0.210589013995855,-0.264020662075569,1.09302146207298,-1.08301299643608,3.09104245335832,2860.0,7.958576903813898
6012151,,1,18,2.0,1018154,12,18.0,hourly,3.0,2.0,5.0,2.0,3.0,3.0,4.0,3.0,4.0,5.0,4.0,-0.436691515665901,-1.30193373305479,-1.46502951878527,1.09302146207298,0.464560124585293,2.89037175789616,936.0,6.841615476477592
6012154,1.0,2,4200,1.0,1019487,4,242.32633279483,monthly,4.0,2.0,2.0,2.0,4.0,2.0,1.0,2.0,3.0,5.0,3.0,-1.53945823991979,-0.293585335855875,-0.264020662075569,0.55684486105609,-0.0512975824218321,5.4902853003938,4200.32310177705,8.342916730307111
6012194,,2,4000,1.0,1019792,36,25.6429981793471,monthly,4.0,4.0,2.0,2.0,4.0,3.0,4.0,2.0,4.0,5.0,4.0,-0.988074877792844,-0.293585335855875,-0.264020662075569,1.09302146207298,-0.0512975824218321,3.24427055888814,4000.30771597815,8.294126566137681
6012223,,1,25,2.0,1027460,5,25.0,hourly,1.0,5.0,5.0,2.0,5.0,4.0,5.0,2.0,1.0,2.0,3.0,1.21745857071493,-0.797759534455332,-2.06553394714013,-0.515508340977693,-2.11472841045033,3.2188758248682,541.666666666667,6.294650806095729
6012274,1.0,1,25,1.0,1018200,8,25.0,hourly,1.0,4.0,3.0,2.0,1.0,4.0,4.0,4.0,2.0,5.0,4.0,1.21745857071493,-0.293585335855875,0.336483766279283,0.0206682600391986,1.49627553859954,3.2188758248682,866.666666666667,6.764654435341464
6012278,,1,21,2.0,1026004,6,21.0,hourly,4.0,4.0,4.0,4.0,4.0,3.0,2.0,3.0,3.0,4.0,5.0,-0.988074877792844,1.21893771369932,-0.864525090430422,-0.515508340977693,-0.567155289428958,3.04452243772342,546.0,6.302618975744905
6012326,1.0,1,21,1.0,1026797,2,21.0,hourly,3.0,4.0,2.0,3.0,4.0,3.0,2.0,4.0,4.0,5.0,4.0,-0.436691515665901,0.714763212595312,0.936988194634136,0.55684486105609,-0.0512975824218321,3.04452243772342,182.0,5.204006687076795
6012331,,2,2600,1.0,1027470,27,22.2239317554342,monthly,4.0,2.0,3.0,5.0,3.0,2.0,3.0,4.0,5.0,3.0,2.0,-1.53945823991979,-1.80610808290652,0.336483766279283,0.0206682600391986,-0.567155289428958,3.10116971524747,2600.2000153858,7.863343650045229
6012337,,1,22,2.0,1028565,40,22.0,hourly,2.0,4.0,5.0,5.0,1.0,5.0,3.0,2.0,1.0,4.0,4.0,1.21745857071493,0.210589013995855,-2.06553394714013,-2.12403814402837,0.980417831592419,3.09104245335832,3813.33333333333,8.246258976265679
6012339,1.0,2,4600,1.0,1028243,41,25.8931737713408,monthly,1.0,1.0,5.0,5.0,5.0,3.0,2.0,4.0,2.0,5.0,3.0,0.666075208587985,-1.30193373305479,-0.864525090430422,-1.58786154301148,-0.567155289428958,3.25397937301511,4600.35387337488,8.433888508512842
6012341,,1,29,1.0,1027002,15,29.0,hourly,2.0,3.0,4.0,5.0,4.0,3.0,4.0,4.0,2.0,4.0,4.0,0.114691846461042,-0.797759534455332,-0.264020662075569,-1.58786154301148,-0.567155289428958,3.36729582998647,1885.0,7.541683099882111
6012389,,1,18,1.0,1018448,21,18.0,hourly,3.0,2.0,3.0,5.0,2.0,3.0,3.0,3.0,3.0,4.0,4.0,-0.436691515665901,-0.797759534455332,-0.264020662075569,-1.05168494199458,0.464560124585293,2.89037175789616,1638.0,7.401231264413015
6012390,,1,20,2.0,1018736,2,20.0,hourly,2.0,4.0,2.0,2.0,5.0,4.0,4.0,4.0,3.0,2.0,5.0,0.666075208587985,0.210589013995855,0.936988194634136,0.55684486105609,-2.11472841045033,2.99573227355399,173.333333333333,5.155216522907361
6012398,,2,3700,1.0,1020372,70,12.1987405624608,monthly,3.0,4.0,2.0,4.0,1.0,5.0,1.0,4.0,2.0,5.0,5.0,0.666075208587985,1.72311145854195,0.936988194634136,-1.05168494199458,1.49627553859954,2.50133271382518,3700.28463727978,8.216165024667967
6012448,,1,9,2.0,1000158,16,9.0,hourly,3.0,4.0,4.0,2.0,1.0,5.0,3.0,5.0,5.0,5.0,4.0,0.666075208587985,0.210589013995855,0.336483766279283,1.62919806308987,1.49627553859954,2.19722457733622,624.0,6.436150368369428
6012486,,2,700,2.0,1020272,8,20.1938610662359,monthly,3.0,4.0,2.0,2.0,1.0,3.0,3.0,4.0,3.0,4.0,4.0,-0.436691515665901,0.210589013995855,0.936988194634136,0.55684486105609,0.980417831592419,3.0053786506058,700.053850296178,6.551157261079061
6012550,,2,3600,2.0,1027771,35,23.7380897431671,monthly,3.0,4.0,4.0,3.0,2.0,3.0,1.0,4.0,3.0,4.0,5.0,-0.436691515665901,1.72311145854195,-0.264020662075569,0.0206682600391986,0.464560124585293,3.16708092019701,3600.27694438034,8.188766050479856
6012563,,1,23,1.0,1027451,8,23.0,hourly,3.0,4.0,4.0,2.0,3.0,3.0,4.0,4.0,5.0,4.0,4.0,-0.436691515665901,-0.293585335855875,-0.264020662075569,1.62919806308987,-0.0512975824218321,3.13549421592915,797.333333333333,6.681272826402412
6012691,,2,1500,2.0,1015697,35,9.89087072631961,monthly,1.0,2.0,3.0,4.0,5.0,5.0,3.0,3.0,2.0,4.0,3.0,1.76884193284187,-1.30193373305479,-0.264020662075569,-1.05168494199458,-1.08301299643608,2.29161218284312,1500.11539349181,7.313297313125958
6012746,,1,20,2.0,1027942,20,20.0,hourly,2.0,2.0,4.0,2.0,1.0,4.0,3.0,3.0,4.0,5.0,4.0,0.666075208587985,-0.797759534455332,-0.864525090430422,1.09302146207298,1.49627553859954,2.99573227355399,1733.33333333333,7.457801615901407
6012752,,2,2800,1.0,1019984,8,80.7754442649435,monthly,4.0,3.0,5.0,2.0,2.0,3.0,2.0,4.0,4.0,4.0,5.0,-0.988074877792844,0.714763212595312,-0.864525090430422,1.09302146207298,0.464560124585293,4.39167301172569,2800.21540118471,7.937451622198951
6012770,,1,20,2.0,1020365,15,20.0,hourly,3.0,4.0,5.0,3.0,2.0,4.0,3.0,3.0,1.0,5.0,4.0,0.114691846461042,0.210589013995855,-1.46502951878527,-1.05168494199458,0.980417831592419,2.99573227355399,1300.0,7.170119543449628
6012775,,2,1500,2.0,1027055,25,13.8472190168474,monthly,3.0,4.0,3.0,4.0,1.0,3.0,2.0,4.0,4.0,5.0,5.0,-0.436691515665901,1.21893771369932,0.336483766279283,0.0206682600391986,1.49627553859954,2.62808441946433,1500.1153934918,7.313297313125951
6012782,,2,3700,1.0,1019616,4,213.477959843065,monthly,2.0,3.0,2.0,4.0,3.0,3.0,3.0,4.0,3.0,5.0,4.0,0.114691846461042,-0.293585335855875,0.936988194634136,-0.515508340977693,0.464560124585293,5.36353359475465,3700.28463727979,8.216165024667971
6012808,,1,29,1.0,1015763,3,29.0,hourly,2.0,2.0,3.0,2.0,1.0,4.0,4.0,3.0,2.0,5.0,3.0,0.666075208587985,-1.80610808290652,-0.264020662075569,0.0206682600391986,1.49627553859954,3.36729582998647,377.0,5.932245187448011
6012835,,1,21,1.0,1026382,40,21.0,hourly,2.0,1.0,5.0,5.0,2.0,5.0,3.0,5.0,1.0,3.0,4.0,1.21745857071493,-1.30193373305479,-0.264020662075569,-2.12403814402837,-0.0512975824218321,3.04452243772342,3640.0,8.199738960630786
6012857,,1,20,2.0,1028189,30,20.0,hourly,3.0,4.0,2.0,3.0,3.0,4.0,1.0,5.0,3.0,5.0,4.0,0.114691846461042,1.21893771369932,1.53749262298899,0.0206682600391986,0.464560124585293,2.99573227355399,2600.0,7.8632667240095735
6012868,,1,20,1.0,1018505,25,20.0,hourly,3.0,3.0,3.0,4.0,4.0,4.0,3.0,4.0,2.0,2.0,4.0,0.114691846461042,-0.293585335855875,0.336483766279283,-1.05168494199458,-1.59887070344321,2.99573227355399,2166.66666666667,7.68094516721562
6012869,,2,2500,1.0,1026413,25,23.0786983614124,monthly,5.0,3.0,4.0,4.0,2.0,2.0,4.0,3.0,3.0,5.0,4.0,-2.09084160204673,-0.797759534455332,-0.864525090430422,-0.515508340977693,0.980417831592419,3.13891004323032,2500.19232248634,7.8241229368919445
6012886,,1,20,1.0,1020127,2,20.0,hourly,2.0,4.0,2.0,4.0,1.0,5.0,2.0,5.0,2.0,4.0,5.0,1.21745857071493,1.21893771369932,1.53749262298899,-1.05168494199458,0.980417831592419,2.99573227355399,173.333333333333,5.155216522907361
6012896,1.0,2,3700,1.0,1027741,8,106.738979921532,monthly,1.0,5.0,5.0,1.0,5.0,5.0,3.0,2.0,5.0,2.0,1.0,1.76884193284187,-0.797759534455332,-2.06553394714013,2.16537466410676,-2.11472841045033,4.67038641419471,3700.28463727978,8.216165024667967
6012928,2.0,1,32,1.0,1028554,30,32.0,hourly,3.0,2.0,4.0,3.0,5.0,3.0,2.0,3.0,1.0,3.0,3.0,-0.436691515665901,-0.797759534455332,-0.864525090430422,-1.05168494199458,-1.59887070344321,3.46573590279973,4160.0,8.333270353255308
6012929,,2,2800,2.0,1019689,60,10.7700592353258,monthly,4.0,1.0,2.0,1.0,5.0,3.0,2.0,4.0,5.0,5.0,3.0,-0.988074877792844,-1.30193373305479,0.936988194634136,2.16537466410676,-0.567155289428958,2.37676999118342,2800.21540118471,7.937451622198951
6012950,1.0,2,4500,2.0,1026509,10,103.854142626356,monthly,2.0,4.0,3.0,3.0,2.0,4.0,2.0,4.0,2.0,5.0,5.0,0.666075208587985,1.21893771369932,0.336483766279283,-0.515508340977693,0.980417831592419,4.64298744000659,4500.34618047543,8.411909601794068
6012963,,2,1500,2.0,1019181,2,173.090237710593,monthly,1.0,5.0,3.0,2.0,3.0,4.0,4.0,4.0,1.0,4.0,2.0,1.21745857071493,-0.797759534455332,0.336483766279283,-0.515508340977693,-0.0512975824218321,5.15381306377258,1500.11539349181,7.313297313125958
6013013,2.0,2,4500,1.0,1026285,16,64.9088391414724,monthly,3.0,4.0,2.0,4.0,2.0,5.0,2.0,5.0,2.0,3.0,1.0,0.666075208587985,-0.797759534455332,1.53749262298899,-1.05168494199458,-0.0512975824218321,4.17298381076086,4500.34618047542,8.411909601794065
6013059,1.0,2,4400,1.0,1027816,34,29.8665508206514,monthly,3.0,3.0,4.0,3.0,2.0,3.0,2.0,4.0,2.0,3.0,4.0,-0.436691515665901,0.210589013995855,-0.264020662075569,-0.515508340977693,-0.0512975824218321,3.39673915253242,4400.33848757597,8.389436745942008
6013100,2.0,1,20,1.0,1015572,2,20.0,hourly,3.0,2.0,5.0,3.0,5.0,4.0,2.0,2.0,1.0,2.0,3.0,0.114691846461042,-0.797759534455332,-2.06553394714013,-1.05168494199458,-2.11472841045033,2.99573227355399,173.333333333333,5.155216522907361
6013118,,2,4600,1.0,1028138,4,265.405031156243,monthly,2.0,5.0,1.0,5.0,3.0,4.0,4.0,5.0,2.0,5.0,4.0,0.666075208587985,0.210589013995855,2.13799705134384,-1.58786154301148,0.464560124585293,5.58125707859952,4600.35387337488,8.433888508512842
6013152,,1,20,2.0,1018365,33,20.0,hourly,5.0,4.0,3.0,2.0,1.0,2.0,2.0,3.0,4.0,3.0,3.0,-2.09084160204673,0.210589013995855,-0.264020662075569,1.09302146207298,0.464560124585293,2.99573227355399,2860.0,7.958576903813898
6013179,,1,22,1.0,1026289,10,22.0,hourly,3.0,3.0,5.0,3.0,5.0,5.0,3.0,5.0,3.0,1.0,3.0,0.666075208587985,-0.797759534455332,-0.264020662075569,0.0206682600391986,-2.63058611745746,3.09104245335832,953.333333333333,6.859964615145788
6013382,2.0,1,24,1.0,1018454,4,24.0,hourly,3.0,2.0,2.0,3.0,2.0,4.0,4.0,3.0,4.0,2.0,4.0,0.114691846461042,-1.30193373305479,0.336483766279283,0.55684486105609,-0.567155289428958,3.17805383034795,416.0,6.030685260261263
6013404,,1,18,,1015257,32,18.0,hourly,3.0,3.0,3.0,4.0,2.0,3.0,3.0,4.0,2.0,2.0,3.0,-0.436691515665901,-0.797759534455332,0.336483766279283,-1.05168494199458,-0.567155289428958,2.89037175789616,2496.0,7.822444729489319
6013416,,2,500,2.0,1015235,2,57.696745903531,monthly,3.0,2.0,4.0,3.0,1.0,3.0,2.0,3.0,3.0,4.0,4.0,-0.436691515665901,-0.293585335855875,-0.864525090430422,0.0206682600391986,0.980417831592419,4.05520077510447,500.038464497269,6.214685024457847
6013431,,2,1900,1.0,1028281,16,27.4059543041772,monthly,3.0,5.0,4.0,4.0,2.0,4.0,1.0,3.0,4.0,4.0,5.0,0.114691846461042,2.22728595964596,-0.864525090430422,0.0206682600391986,0.464560124585293,3.31076030015698,1900.14616508962,7.5496860911901855
7011097,1.0,2,5000,1.0,1027456,23,50.1710833943748,monthly,3.0,4.0,2.0,4.0,4.0,4.0,4.0,4.0,3.0,4.0,4.0,0.114691846461042,-0.293585335855875,0.936988194634136,-0.515508340977693,-0.567155289428958,3.91543883272931,5000.38464497269,8.517270117451892
7011113,1.0,2,1300,1.0,1018488,20,15.0011539349181,monthly,3.0,5.0,4.0,3.0,3.0,4.0,4.0,3.0,2.0,5.0,3.0,0.114691846461042,-0.293585335855875,-0.864525090430422,-0.515508340977693,0.464560124585293,2.70812712713786,1300.1000076929,7.170196469485283
7011117,,1,21,2.0,1015024,5,21.0,hourly,2.0,4.0,3.0,2.0,1.0,5.0,4.0,4.0,3.0,5.0,4.0,1.21745857071493,-0.293585335855875,0.336483766279283,0.55684486105609,1.49627553859954,3.04452243772342,455.0,6.12029741895095
7011139,1.0,1,25,1.0,1019550,26,25.0,hourly,5.0,3.0,4.0,5.0,1.0,5.0,1.0,5.0,1.0,4.0,1.0,-0.436691515665901,-0.797759534455332,0.336483766279283,-2.12403814402837,0.980417831592419,3.2188758248682,2816.66666666667,7.943309431683111
7011152,,1,30,1.0,1019445,2,30.0,hourly,3.0,4.0,5.0,4.0,1.0,4.0,2.0,3.0,3.0,5.0,5.0,0.114691846461042,1.21893771369932,-1.46502951878527,-0.515508340977693,1.49627553859954,3.40119738166216,260.0,5.560681631015528
7011159,,1,22,2.0,1028039,35,22.0,hourly,4.0,3.0,2.0,3.0,2.0,3.0,2.0,4.0,4.0,3.0,3.0,-0.988074877792844,-0.293585335855875,0.936988194634136,0.55684486105609,-0.0512975824218321,3.09104245335832,3336.66666666667,8.112727583641158
7011186,,1,33,1.0,1028236,3,33.0,hourly,3.0,4.0,4.0,2.0,5.0,3.0,4.0,4.0,4.0,4.0,3.0,-0.436691515665901,-0.797759534455332,-0.264020662075569,1.09302146207298,-1.08301299643608,3.49650756146648,429.0,6.061456918928017
7011200,,1,23,2.0,1018047,10,23.0,hourly,3.0,4.0,4.0,5.0,1.0,4.0,4.0,3.0,2.0,5.0,4.0,0.114691846461042,-0.293585335855875,-0.864525090430422,-1.58786154301148,1.49627553859954,3.13549421592915,996.666666666667,6.904416377716623
7011211,2.0,1,22,2.0,1015760,2,22.0,hourly,2.0,3.0,4.0,4.0,4.0,4.0,3.0,3.0,4.0,5.0,5.0,0.666075208587985,0.210589013995855,-0.864525090430422,0.0206682600391986,-0.0512975824218321,3.09104245335832,190.666666666667,5.2505267027116895
7011218,1.0,2,1186,2.0,1015737,32,8.55354258019848,monthly,3.0,4.0,3.0,2.0,2.0,3.0,3.0,5.0,4.0,5.0,4.0,-0.436691515665901,0.210589013995855,0.936988194634136,1.09302146207298,0.980417831592419,2.14634553400017,1186.09123778752,7.078418505593324
7011224,1.0,2,3400,1.0,1018895,6,130.77929071467,monthly,1.0,3.0,5.0,1.0,3.0,4.0,2.0,1.0,4.0,2.0,4.0,1.21745857071493,0.210589013995855,-2.66603837549498,1.62919806308987,-1.08301299643608,4.87351109861843,3400.26155858142,8.131607636639904
7011228,,2,1300,1.0,1018633,1,300.023078698361,monthly,5.0,4.0,2.0,3.0,4.0,2.0,2.0,5.0,4.0,4.0,5.0,-2.09084160204673,1.21893771369932,1.53749262298899,0.55684486105609,-0.567155289428958,5.70385940069186,1300.1000076929,7.170196469485283
7011239,,2,4000,,1026075,2,461.573967228248,monthly,1.0,5.0,5.0,3.0,1.0,5.0,4.0,4.0,3.0,5.0,5.0,1.76884193284187,0.714763212595312,-0.864525090430422,0.0206682600391986,1.49627553859954,6.13464231678431,4000.30771597815,8.294126566137681
7011241,,2,2800,2.0,1027810,80,8.07754442649435,monthly,2.0,2.0,3.0,3.0,4.0,5.0,2.0,4.0,3.0,2.0,5.0,1.21745857071493,0.210589013995855,0.336483766279283,0.0206682600391986,-1.59887070344321,2.08908791873164,2800.21540118471,7.937451622198951
7011289,1.0,2,4800,1.0,1027856,22,50.3535236976271,monthly,3.0,4.0,5.0,3.0,1.0,4.0,4.0,4.0,2.0,5.0,5.0,0.114691846461042,0.210589013995855,-0.864525090430422,-0.515508340977693,1.49627553859954,3.91906860077989,4800.36925917378,8.476448122931636
7011294,,1,30,2.0,1018316,4,30.0,hourly,3.0,2.0,2.0,4.0,2.0,4.0,1.0,4.0,2.0,4.0,1.0,0.114691846461042,-1.30193373305479,0.936988194634136,-1.05168494199458,0.464560124585293,3.40119738166216,520.0,6.253828811575473
7011324,,2,1200,1.0,1018641,20,13.8472190168475,monthly,5.0,3.0,5.0,5.0,1.0,1.0,1.0,4.0,2.0,4.0,5.0,-2.64222496417367,1.21893771369932,-0.864525090430422,-1.58786154301148,0.980417831592419,2.62808441946433,1200.09231479345,7.09015376181175
7011344,1.0,1,24,1.0,1019355,3,24.0,hourly,1.0,4.0,5.0,5.0,3.0,5.0,5.0,4.0,5.0,5.0,1.0,1.76884193284187,-2.31028228150598,-0.864525090430422,0.0206682600391986,0.464560124585293,3.17805383034795,312.0,5.7430031878094825
7011355,1.0,2,3900,1.0,1028020,20,45.0034618047542,monthly,4.0,2.0,3.0,3.0,2.0,4.0,4.0,4.0,3.0,5.0,4.0,-0.436691515665901,-1.30193373305479,0.336483766279283,0.0206682600391986,0.980417831592419,3.80673941580597,3900.3000230787,8.268808758153392
7011392,,1,19,1.0,1028198,24,19.0,hourly,3.0,5.0,1.0,5.0,1.0,5.0,1.0,5.0,2.0,5.0,5.0,0.666075208587985,2.22728595964596,2.13799705134384,-1.58786154301148,1.49627553859954,2.94443897916644,1976.0,7.588829878307813
7011414,,2,4500,1.0,1027963,3,346.180475421186,monthly,5.0,5.0,5.0,5.0,5.0,5.0,5.0,5.0,5.0,5.0,5.0,-0.436691515665901,0.210589013995855,-0.264020662075569,0.0206682600391986,-0.567155289428958,5.84696024433253,4500.34618047542,8.411909601794065
7011443,,2,2279,1.0,1018506,32,16.4363604892684,monthly,2.0,4.0,1.0,2.0,3.0,4.0,1.0,5.0,3.0,4.0,5.0,0.666075208587985,1.72311145854195,2.13799705134384,0.55684486105609,-0.0512975824218321,2.79949598368818,2279.17532117855,7.731568955281338
7011482,,2,2000,,1020071,30,15.3857989076083,monthly,3.0,5.0,4.0,1.0,5.0,3.0,1.0,3.0,3.0,1.0,4.0,-0.436691515665901,1.72311145854195,-0.864525090430422,1.09302146207298,-2.63058611745746,2.73344493512215,2000.15385798908,7.600979385577739
7011489,1.0,2,900,1.0,1015457,11,18.8825713866102,monthly,1.0,3.0,2.0,2.0,2.0,4.0,3.0,3.0,3.0,5.0,2.0,1.21745857071493,-1.30193373305479,0.336483766279283,0.55684486105609,0.980417831592419,2.93823934776817,900.069236095086,6.802471689359967
7011523,,1,18,1.0,1015293,30,18.0,hourly,5.0,3.0,3.0,3.0,4.0,2.0,3.0,4.0,3.0,2.0,4.0,-2.09084160204673,-0.293585335855875,0.336483766279283,0.0206682600391986,-1.59887070344321,2.89037175789616,2340.0,7.757906208351747
7011530,,1,21,1.0,1028613,14,21.0,hourly,3.0,2.0,3.0,4.0,3.0,3.0,2.0,2.0,4.0,3.0,3.0,-0.436691515665901,-0.797759534455332,-0.864525090430422,0.0206682600391986,-0.567155289428958,3.04452243772342,1274.0,7.149916836132109
7011546,1.0,1,28,2.0,1027709,2,28.0,hourly,1.0,5.0,3.0,4.0,3.0,4.0,2.0,4.0,2.0,5.0,5.0,1.21745857071493,1.72311145854195,0.336483766279283,-1.05168494199458,0.464560124585293,3.3322045101752,242.666666666667,5.491688759528578
7011580,,2,3000,1.0,1027446,5,138.472190168474,monthly,2.0,3.0,3.0,3.0,2.0,5.0,4.0,2.0,2.0,3.0,3.0,1.21745857071493,-1.30193373305479,-0.864525090430422,-0.515508340977693,-0.0512975824218321,4.93066951245837,3000.2307869836,8.006444493685896
7011590,1.0,2,4500,1.0,1019439,28,37.0907652236985,monthly,2.0,2.0,4.0,3.0,2.0,3.0,2.0,2.0,2.0,2.0,4.0,0.114691846461042,-0.293585335855875,-1.46502951878527,-0.515508340977693,-0.567155289428958,3.61336802282543,4500.34618047542,8.411909601794065
7011597,,1,22,1.0,1018468,4,22.0,hourly,3.0,4.0,2.0,4.0,2.0,3.0,2.0,5.0,2.0,4.0,4.0,-0.436691515665901,0.714763212595312,1.53749262298899,-1.05168494199458,0.464560124585293,3.09104245335832,381.333333333333,5.943673883271632
7011665,,1,20,1.0,1020331,4,20.0,hourly,2.0,4.0,2.0,4.0,2.0,3.0,3.0,4.0,2.0,4.0,4.0,0.114691846461042,0.210589013995855,0.936988194634136,-1.05168494199458,0.464560124585293,2.99573227355399,346.666666666667,5.848363703467309
7011667,1.0,1,23,1.0,1020247,2,23.0,hourly,4.0,4.0,2.0,5.0,3.0,2.0,3.0,4.0,1.0,4.0,5.0,-1.53945823991979,0.714763212595312,0.936988194634136,-2.12403814402837,-0.0512975824218321,3.13549421592915,199.333333333333,5.2949784652825205
7011700,1.0,2,2000,2.0,1026561,2,230.786983614124,monthly,4.0,5.0,2.0,4.0,1.0,4.0,2.0,3.0,2.0,4.0,4.0,-0.436691515665901,1.21893771369932,0.336483766279283,-1.05168494199458,0.980417831592419,5.44149513622436,2000.15385798907,7.600979385577734
7011719,1.0,2,3000,2.0,1019013,2,346.180475421186,monthly,5.0,5.0,4.0,5.0,5.0,4.0,5.0,5.0,5.0,5.0,4.0,-0.988074877792844,-0.293585335855875,0.336483766279283,0.0206682600391986,-0.567155289428958,5.84696024433253,3000.23078698361,8.0064444936859
7011729,,1,23,1.0,1020274,2,23.0,hourly,4.0,3.0,2.0,3.0,3.0,3.0,4.0,5.0,3.0,2.0,4.0,-0.988074877792844,-0.797759534455332,1.53749262298899,0.0206682600391986,-1.08301299643608,3.13549421592915,199.333333333333,5.2949784652825205
7011767,3.0,2,2000,2.0,1020363,42,10.9898563625773,monthly,3.0,4.0,3.0,4.0,4.0,3.0,3.0,4.0,2.0,3.0,4.0,-0.436691515665901,0.210589013995855,0.336483766279283,-1.05168494199458,-1.08301299643608,2.39697269850094,2000.15385798907,7.600979385577734
7011853,,1,24,2.0,1018809,7,24.0,hourly,3.0,1.0,2.0,3.0,1.0,2.0,4.0,5.0,1.0,5.0,4.0,-0.988074877792844,-1.80610808290652,1.53749262298899,-1.05168494199458,1.49627553859954,3.17805383034795,728.0,6.590301048196686
7011871,,2,2000,2.0,1000161,20,23.0786983614124,monthly,4.0,5.0,4.0,2.0,1.0,4.0,3.0,4.0,4.0,1.0,3.0,-0.436691515665901,0.210589013995855,-0.264020662075569,1.09302146207298,-0.567155289428958,3.13891004323032,2000.15385798907,7.600979385577734
7011894,1.0,1,26,1.0,1018581,10,26.0,hourly,4.0,3.0,2.0,2.0,4.0,3.0,2.0,5.0,5.0,3.0,5.0,-0.988074877792844,0.714763212595312,1.53749262298899,1.62919806308987,-1.08301299643608,3.25809653802148,1126.66666666667,7.027018699808957
7011897,,2,4000,2.0,1027693,40,23.0786983614124,monthly,3.0,4.0,3.0,3.0,3.0,2.0,3.0,4.0,4.0,4.0,4.0,-0.988074877792844,0.210589013995855,0.336483766279283,0.55684486105609,-0.0512975824218321,3.13891004323032,4000.30771597815,8.294126566137681
7011910,,2,3800,2.0,1026895,20,43.8495268866836,monthly,1.0,4.0,3.0,2.0,5.0,4.0,3.0,4.0,2.0,3.0,1.0,1.21745857071493,-1.30193373305479,0.336483766279283,0.0206682600391986,-1.59887070344321,3.78076392940271,3800.29233017925,8.242833271750133
7011958,,2,2900,2.0,1027822,2,334.64112624048,monthly,1.0,4.0,2.0,4.0,2.0,5.0,3.0,5.0,2.0,4.0,4.0,1.76884193284187,0.210589013995855,1.53749262298899,-1.05168494199458,0.464560124585293,5.81305869265685,2900.22309408416,7.97254294201022
7011971,,2,4450,1.0,1028473,21,48.9048608134692,monthly,3.0,2.0,2.0,3.0,1.0,4.0,2.0,5.0,4.0,4.0,5.0,0.114691846461042,0.210589013995855,1.53749262298899,0.55684486105609,0.980417831592419,3.88987679467909,4450.3423340257,8.400736301195941
7012009,1.0,2,3350,2.0,1026557,36,21.4760109752032,monthly,4.0,3.0,3.0,2.0,2.0,4.0,2.0,4.0,4.0,4.0,4.0,-0.436691515665901,0.210589013995855,0.336483766279283,1.09302146207298,0.464560124585293,3.06693654360523,3350.2577121317,8.116792550854766
7012026,1.0,1,22,1.0,1020271,19,22.0,hourly,4.0,4.0,3.0,3.0,4.0,3.0,3.0,3.0,3.0,3.0,4.0,-0.988074877792844,0.210589013995855,-0.264020662075569,0.0206682600391986,-1.08301299643608,3.09104245335832,1811.33333333333,7.501818501318182
7012037,,1,20,2.0,1028060,20,20.0,hourly,2.0,4.0,3.0,3.0,2.0,4.0,3.0,4.0,3.0,4.0,4.0,0.666075208587985,0.210589013995855,0.336483766279283,0.0206682600391986,0.464560124585293,2.99573227355399,1733.33333333333,7.457801615901407
7012051,,2,3600,1.0,1018759,32,25.963535656589,monthly,3.0,2.0,3.0,4.0,3.0,3.0,3.0,4.0,2.0,3.0,3.0,-0.436691515665901,-1.30193373305479,0.336483766279283,-1.05168494199458,-0.567155289428958,3.2566930788867,3600.27694438034,8.188766050479856
7012083,,1,22,2.0,1015626,8,22.0,hourly,3.0,3.0,3.0,4.0,3.0,4.0,2.0,5.0,2.0,3.0,5.0,0.114691846461042,0.714763212595312,0.936988194634136,-1.05168494199458,-0.567155289428958,3.09104245335832,762.666666666667,6.636821063831579
7012087,,2,4200,1.0,1020281,34,28.5089803288036,monthly,1.0,5.0,2.0,5.0,3.0,5.0,2.0,5.0,2.0,5.0,5.0,1.76884193284187,1.72311145854195,1.53749262298899,-1.58786154301148,0.464560124585293,3.35021913689753,4200.32310177706,8.342916730307115
7012106,,1,26,1.0,1026483,38,26.0,hourly,1.0,4.0,2.0,4.0,1.0,5.0,3.0,3.0,3.0,5.0,4.0,1.76884193284187,0.210589013995855,0.336483766279283,-0.515508340977693,1.49627553859954,3.25809653802148,4281.33333333333,8.362019766541295
7012109,1.0,2,3000,2.0,1019382,32,21.6362797138241,monthly,4.0,2.0,4.0,4.0,3.0,4.0,3.0,3.0,3.0,4.0,4.0,-0.436691515665901,-0.797759534455332,-0.864525090430422,-0.515508340977693,-0.0512975824218321,3.07437152209275,3000.23078698361,8.0064444936859
7012211,1.0,1,23,1.0,1015342,42,23.0,hourly,4.0,1.0,4.0,2.0,1.0,2.0,2.0,3.0,4.0,5.0,4.0,-1.53945823991979,-0.797759534455332,-0.864525090430422,1.09302146207298,1.49627553859954,3.13549421592915,4186.0,8.339500903005945
7012232,,1,27,2.0,1018494,25,27.0,hourly,4.0,3.0,5.0,4.0,4.0,4.0,4.0,3.0,4.0,2.0,3.0,-0.436691515665901,-1.30193373305479,-1.46502951878527,0.0206682600391986,-1.59887070344321,3.29583686600433,2925.0,7.981049759665957
7012236,2.0,1,19,1.0,1019405,6,19.0,hourly,2.0,5.0,3.0,2.0,1.0,3.0,3.0,3.0,5.0,5.0,5.0,0.114691846461042,1.21893771369932,-0.264020662075569,1.62919806308987,1.49627553859954,2.94443897916644,494.0,6.202535517187923
7012238,1.0,2,500,2.0,1019824,10,11.5393491807062,monthly,2.0,4.0,2.0,1.0,4.0,4.0,2.0,4.0,4.0,3.0,5.0,0.666075208587985,1.21893771369932,0.936988194634136,1.62919806308987,-1.08301299643608,2.44576286267037,500.038464497269,6.214685024457847
7012244,,2,400,2.0,1026856,3,30.7715978152166,monthly,2.0,4.0,3.0,5.0,2.0,5.0,3.0,4.0,2.0,4.0,5.0,1.21745857071493,0.714763212595312,0.336483766279283,-1.58786154301148,0.464560124585293,3.4265921156821,400.030771597816,5.991541473143639
7012249,3.0,2,4000,2.0,1027184,12,76.9289945380414,monthly,2.0,2.0,3.0,3.0,4.0,4.0,3.0,4.0,3.0,3.0,4.0,0.666075208587985,-0.797759534455332,0.336483766279283,0.0206682600391986,-1.08301299643608,4.34288284755625,4000.30771597815,8.294126566137681
7012334,,1,26,2.0,1027349,6,26.0,hourly,2.0,3.0,2.0,1.0,4.0,4.0,3.0,3.0,5.0,4.0,4.0,0.666075208587985,-0.293585335855875,0.336483766279283,2.16537466410676,-0.567155289428958,3.25809653802148,676.0,6.516193076042964
7012352,,2,4500,1.0,1027215,5,207.708285252712,monthly,2.0,3.0,3.0,2.0,4.0,3.0,2.0,4.0,2.0,2.0,5.0,0.114691846461042,0.714763212595312,0.336483766279283,0.0206682600391986,-1.59887070344321,5.33613462056654,4500.34618047543,8.411909601794068
7012365,,2,3500,2.0,1018860,30,26.9251480883145,monthly,2.0,1.0,3.0,3.0,5.0,3.0,3.0,5.0,3.0,3.0,3.0,0.114691846461042,-1.80610808290652,0.936988194634136,0.0206682600391986,-1.59887070344321,3.29306072305758,3500.26925148089,8.160595173513162
7012374,,2,4600,1.0,1028428,39,27.2210288365377,monthly,2.0,3.0,3.0,3.0,1.0,4.0,3.0,4.0,1.0,4.0,5.0,0.666075208587985,0.210589013995855,0.336483766279283,-1.05168494199458,0.980417831592419,3.30398979358977,4600.35387337487,8.43388850851284
7012442,,2,4200,1.0,1018917,3,323.101777059774,monthly,2.0,4.0,3.0,3.0,2.0,2.0,2.0,3.0,4.0,4.0,4.0,-0.436691515665901,0.714763212595312,-0.264020662075569,0.55684486105609,0.464560124585293,5.77796737284558,4200.32310177706,8.342916730307115
7012482,,1,25,1.0,1026076,1,25.0,hourly,2.0,4.0,2.0,4.0,4.0,5.0,2.0,4.0,2.0,5.0,4.0,1.21745857071493,0.714763212595312,0.936988194634136,-1.05168494199458,-0.0512975824218321,3.2188758248682,108.333333333333,4.685212893661625
7012513,,2,2400,2.0,1026316,6,92.3147934456497,monthly,2.0,4.0,3.0,3.0,4.0,4.0,2.0,3.0,2.0,3.0,4.0,0.666075208587985,0.714763212595312,-0.264020662075569,-0.515508340977693,-1.08301299643608,4.52520440435021,2400.18462958689,7.7833009423716915
7012551,1.0,1,27,2.0,1018703,10,27.0,hourly,3.0,3.0,4.0,2.0,2.0,4.0,3.0,4.0,4.0,4.0,3.0,0.114691846461042,-0.797759534455332,-0.264020662075569,1.09302146207298,0.464560124585293,3.29583686600433,1170.0,7.064759027791802
7012571,1.0,2,1800,1.0,1026741,3,138.472190168474,monthly,4.0,5.0,5.0,4.0,2.0,4.0,2.0,1.0,2.0,4.0,5.0,-0.436691515665901,1.72311145854195,-2.66603837549498,-1.05168494199458,0.464560124585293,4.93066951245837,1800.13847219016,7.495618869919906
7012579,2.0,2,4800,2.0,1019671,20,55.3888760673898,monthly,3.0,4.0,4.0,2.0,5.0,3.0,2.0,2.0,4.0,4.0,5.0,-0.436691515665901,1.21893771369932,-1.46502951878527,1.09302146207298,-1.08301299643608,4.01437878058422,4800.36925917378,8.476448122931636
7012615,,2,1100,1.0,1019242,1,253.865681975537,monthly,3.0,5.0,4.0,5.0,5.0,3.0,4.0,4.0,2.0,3.0,4.0,-0.436691515665901,0.210589013995855,-0.264020662075569,-1.58786154301148,-1.59887070344321,5.53680531602869,1100.08462189399,7.003142384822115
7012653,,2,1400,2.0,1026419,7,46.1573967228248,monthly,3.0,4.0,4.0,2.0,4.0,4.0,3.0,3.0,3.0,3.0,4.0,0.114691846461042,0.210589013995855,-0.864525090430422,0.55684486105609,-1.08301299643608,3.83205722379026,1400.10770059235,7.244304441639002
7012666,3.0,2,1400,1.0,1018450,6,53.850296176629,monthly,2.0,4.0,5.0,4.0,2.0,5.0,4.0,2.0,1.0,4.0,3.0,1.21745857071493,-0.797759534455332,-2.06553394714013,-1.58786154301148,0.464560124585293,3.98620790361752,1400.10770059235,7.244304441639002
7012735,,1,68,1.0,1026994,32,68.0,hourly,4.0,4.0,3.0,2.0,3.0,2.0,2.0,4.0,2.0,4.0,5.0,-1.53945823991979,1.21893771369932,0.336483766279283,0.0206682600391986,-0.0512975824218321,4.21950770517611,9429.33333333333,9.15158067676926
7012762,1.0,1,25,2.0,1015211,20,25.0,hourly,1.0,4.0,4.0,3.0,5.0,5.0,2.0,3.0,2.0,4.0,4.0,1.76884193284187,0.714763212595312,-0.864525090430422,-0.515508340977693,-1.08301299643608,3.2188758248682,2166.66666666667,7.68094516721562
7012794,2.0,1,18,2.0,1026377,1,18.0,hourly,1.0,5.0,1.0,3.0,2.0,5.0,4.0,5.0,3.0,5.0,4.0,1.76884193284187,0.210589013995855,2.13799705134384,0.0206682600391986,0.980417831592419,2.89037175789616,78.0,4.356708826689592
7012818,1.0,1,30,1.0,1015748,9,30.0,hourly,2.0,3.0,2.0,2.0,1.0,4.0,4.0,3.0,2.0,5.0,4.0,0.666075208587985,-0.797759534455332,0.336483766279283,0.0206682600391986,1.49627553859954,3.40119738166216,1170.0,7.064759027791802
7012836,1.0,1,25,1.0,1028222,41,25.0,hourly,3.0,2.0,2.0,4.0,3.0,4.0,3.0,5.0,2.0,4.0,4.0,0.114691846461042,-0.797759534455332,1.53749262298899,-1.05168494199458,-0.0512975824218321,3.2188758248682,4441.66666666667,8.398784960365937
7012857,,1,40,1.0,1026290,7,40.0,hourly,3.0,3.0,4.0,5.0,3.0,3.0,4.0,4.0,2.0,3.0,4.0,-0.436691515665901,-0.797759534455332,-0.264020662075569,-1.58786154301148,-0.567155289428958,3.68887945411394,1213.33333333333,7.101126671962674
7012866,1.0,2,4200,1.0,1028388,3,323.101777059774,monthly,3.0,2.0,4.0,3.0,4.0,4.0,4.0,3.0,5.0,3.0,4.0,0.114691846461042,-1.30193373305479,-0.864525090430422,1.09302146207298,-1.08301299643608,5.77796737284558,4200.32310177706,8.342916730307115
7012934,,1,21,2.0,1019708,20,21.0,hourly,1.0,2.0,2.0,1.0,3.0,5.0,3.0,4.0,2.0,4.0,4.0,1.76884193284187,-0.797759534455332,0.936988194634136,0.55684486105609,-0.0512975824218321,3.04452243772342,1820.0,7.506591780070841
7012942,,1,20,1.0,1026722,6,20.0,hourly,4.0,4.0,2.0,4.0,4.0,4.0,2.0,4.0,3.0,4.0,4.0,-0.436691515665901,0.714763212595312,0.936988194634136,-0.515508340977693,-0.567155289428958,2.99573227355399,520.0,6.253828811575473
7012974,1.0,2,4000,2.0,1026458,20,46.1573967228248,monthly,5.0,2.0,2.0,3.0,2.0,3.0,3.0,5.0,2.0,5.0,4.0,-1.53945823991979,-0.797759534455332,1.53749262298899,-0.515508340977693,0.980417831592419,3.83205722379026,4000.30771597815,8.294126566137681
7012997,,2,1000,2.0,1018307,20,11.5393491807062,monthly,2.0,3.0,1.0,4.0,5.0,4.0,2.0,2.0,2.0,3.0,5.0,0.666075208587985,0.714763212595312,0.336483766279283,-1.05168494199458,-1.59887070344321,2.44576286267037,1000.07692899454,6.907832205017794
7013027,,1,20,2.0,1026789,25,20.0,hourly,4.0,4.0,2.0,4.0,2.0,4.0,1.0,4.0,2.0,3.0,1.0,-0.436691515665901,-0.293585335855875,0.936988194634136,-1.05168494199458,-0.0512975824218321,2.99573227355399,2166.66666666667,7.68094516721562
7013029,,2,2740,2.0,1019074,1,632.3563351027,monthly,3.0,4.0,3.0,2.0,2.0,4.0,3.0,4.0,4.0,5.0,4.0,0.114691846461042,0.210589013995855,0.336483766279283,1.09302146207298,0.980417831592419,6.44945305662434,2740.21078544503,7.915790125417769
7013040,1.0,2,1500,1.0,1027452,2,173.090237710593,monthly,4.0,3.0,3.0,2.0,4.0,3.0,4.0,5.0,3.0,3.0,3.0,-0.988074877792844,-1.30193373305479,0.936988194634136,0.55684486105609,-1.08301299643608,5.15381306377258,1500.11539349181,7.313297313125958
7013051,,1,25,1.0,1027312,30,25.0,hourly,2.0,3.0,2.0,4.0,2.0,4.0,1.0,3.0,2.0,4.0,3.0,0.666075208587985,0.210589013995855,0.336483766279283,-1.05168494199458,0.464560124585293,3.2188758248682,3250.0,8.086410275323782
7013065,,1,19,1.0,1026403,25,19.0,hourly,2.0,3.0,3.0,3.0,4.0,5.0,3.0,5.0,2.0,2.0,1.0,1.21745857071493,-1.80610808290652,0.936988194634136,-0.515508340977693,-1.59887070344321,2.94443897916644,2058.33333333333,7.629651872828067
7013076,2.0,1,19,,1015144,7,19.0,hourly,5.0,2.0,4.0,2.0,5.0,2.0,2.0,3.0,3.0,1.0,3.0,-2.09084160204673,-0.797759534455332,-0.864525090430422,0.55684486105609,-2.63058611745746,2.94443897916644,576.333333333333,6.35668619701518
7013128,1.0,1,20,2.0,1015412,24,20.0,hourly,3.0,4.0,3.0,5.0,1.0,4.0,2.0,5.0,4.0,5.0,4.0,0.114691846461042,0.714763212595312,0.936988194634136,-0.515508340977693,1.49627553859954,2.99573227355399,2080.0,7.640123172695364
7013159,,2,2000,2.0,1000163,30,15.3857989076083,monthly,1.0,1.0,4.0,4.0,5.0,5.0,2.0,3.0,1.0,5.0,4.0,1.76884193284187,-0.797759534455332,-0.864525090430422,-1.58786154301148,-0.567155289428958,2.73344493512215,2000.15385798908,7.600979385577739
7013162,1.0,1,25,1.0,1027770,16,25.0,hourly,2.0,4.0,4.0,1.0,1.0,3.0,3.0,4.0,3.0,5.0,4.0,0.114691846461042,0.210589013995855,-0.264020662075569,1.09302146207298,1.49627553859954,3.2188758248682,1733.33333333333,7.457801615901407
7013174,1.0,1,25,1.0,1028307,24,25.0,hourly,4.0,2.0,3.0,3.0,3.0,2.0,3.0,4.0,4.0,4.0,5.0,-1.53945823991979,-0.293585335855875,0.336483766279283,0.55684486105609,-0.0512975824218321,3.2188758248682,2600.0,7.8632667240095735
7013190,,1,20,1.0,1015524,17,20.0,hourly,2.0,2.0,3.0,2.0,4.0,5.0,3.0,3.0,4.0,4.0,3.0,1.21745857071493,-1.30193373305479,-0.264020662075569,1.09302146207298,-0.567155289428958,2.99573227355399,1473.33333333333,7.295282686403632
7013201,,2,2300,1.0,1015354,12,44.2341718593738,monthly,4.0,3.0,2.0,4.0,5.0,4.0,2.0,4.0,2.0,5.0,3.0,-0.436691515665901,-0.293585335855875,0.936988194634136,-1.05168494199458,-0.567155289428958,3.78949760937147,2300.17693668744,7.740741327952897
7013212,,2,1200,2.0,1015091,30,9.23147934456497,monthly,3.0,2.0,5.0,3.0,3.0,4.0,3.0,3.0,3.0,5.0,4.0,0.114691846461042,-0.797759534455332,-1.46502951878527,0.0206682600391986,0.464560124585293,2.22261931135616,1200.09231479345,7.09015376181175
7013233,1.0,2,2000,2.0,1026175,3,153.857989076083,monthly,4.0,3.0,1.0,3.0,1.0,4.0,2.0,4.0,3.0,5.0,5.0,-0.436691515665901,0.714763212595312,1.53749262298899,0.0206682600391986,1.49627553859954,5.0360300281162,2000.15385798908,7.600979385577739
7013317,1.0,2,3800,1.0,1018369,36,24.3608482703798,monthly,3.0,5.0,5.0,3.0,5.0,4.0,3.0,3.0,3.0,5.0,4.0,0.114691846461042,0.714763212595312,-1.46502951878527,0.0206682600391986,-0.567155289428958,3.1929772645006,3800.29233017925,8.242833271750133
7013326,1.0,1,25,1.0,1026201,10,25.0,hourly,3.0,3.0,2.0,4.0,1.0,4.0,2.0,3.0,2.0,3.0,3.0,0.114691846461042,-0.293585335855875,0.336483766279283,-1.05168494199458,0.464560124585293,3.2188758248682,1083.33333333333,6.9877979866556705
7013339,,2,3200,1.0,1026800,25,29.5407339026079,monthly,3.0,3.0,4.0,4.0,1.0,3.0,3.0,4.0,3.0,5.0,5.0,-0.436691515665901,0.210589013995855,-0.264020662075569,-0.515508340977693,1.49627553859954,3.38577012116184,3200.24617278252,8.070983014823472
7013352,1.0,2,1600,1.0,1027567,8,46.1573967228248,monthly,1.0,3.0,4.0,2.0,2.0,5.0,4.0,3.0,3.0,3.0,4.0,1.76884193284187,-0.797759534455332,-0.864525090430422,0.55684486105609,-0.0512975824218321,3.83205722379026,1600.12308639126,7.377835834263527
7013397,,2,3500,1.0,1020248,90,8.9750493627715,monthly,3.0,5.0,5.0,5.0,5.0,5.0,5.0,4.0,5.0,3.0,4.0,0.666075208587985,-0.293585335855875,-0.864525090430422,0.0206682600391986,-1.59887070344321,2.19444843438947,3500.26925148089,8.160595173513162
7013409,,2,2500,1.0,1028572,20,28.8483729517655,monthly,3.0,4.0,4.0,1.0,1.0,3.0,4.0,3.0,1.0,5.0,2.0,-0.436691515665901,-1.30193373305479,-0.864525090430422,0.0206682600391986,1.49627553859954,3.36205359454453,2500.19232248634,7.8241229368919445
7013414,2.0,1,17,2.0,1019667,32,17.0,hourly,5.0,3.0,3.0,1.0,1.0,2.0,2.0,2.0,4.0,5.0,5.0,-2.09084160204673,0.714763212595312,-0.864525090430422,1.62919806308987,1.49627553859954,2.83321334405622,2357.33333333333,7.7652863156493686
7013431,,1,26,1.0,1028293,34,26.0,hourly,4.0,4.0,4.0,4.0,4.0,4.0,4.0,4.0,4.0,4.0,4.0,-0.436691515665901,-0.293585335855875,-0.264020662075569,0.0206682600391986,-0.567155289428958,3.25809653802148,3830.66666666667,8.250794131431071
7013435,,1,20,1.0,1015115,20,20.0,hourly,2.0,4.0,4.0,4.0,1.0,3.0,2.0,4.0,4.0,4.0,4.0,0.114691846461042,0.714763212595312,-0.264020662075569,0.0206682600391986,0.980417831592419,2.99573227355399,1733.33333333333,7.457801615901407
7013468,1.0,2,1400,1.0,1027185,5,64.6203554119548,monthly,1.0,3.0,3.0,3.0,5.0,5.0,2.0,5.0,2.0,5.0,5.0,1.76884193284187,0.714763212595312,0.936988194634136,-0.515508340977693,-0.567155289428958,4.16852946041148,1400.10770059235,7.244304441639002
8011044,2.0,2,3200,1.0,1027256,28,26.3756552701856,monthly,4.0,4.0,1.0,2.0,4.0,3.0,1.0,5.0,3.0,2.0,5.0,-0.988074877792844,1.72311145854195,2.13799705134384,0.55684486105609,-1.59887070344321,3.27244143585484,3200.24617278252,8.070983014823472
8011045,,1,16,2.0,1026406,10,16.0,hourly,3.0,4.0,4.0,1.0,4.0,3.0,2.0,5.0,5.0,3.0,3.0,-0.436691515665901,0.210589013995855,0.336483766279283,2.16537466410676,-1.08301299643608,2.77258872223978,693.333333333333,6.541510884027254
8011050,,1,24,2.0,1018208,20,24.0,hourly,4.0,2.0,2.0,3.0,2.0,3.0,1.0,4.0,5.0,2.0,4.0,-0.988074877792844,0.210589013995855,0.936988194634136,1.09302146207298,-0.567155289428958,3.17805383034795,2080.0,7.640123172695364
8011060,1.0,2,3900,1.0,1019804,2,450.034618047542,monthly,3.0,1.0,1.0,4.0,1.0,4.0,1.0,5.0,4.0,5.0,5.0,0.114691846461042,0.210589013995855,2.13799705134384,0.0206682600391986,1.49627553859954,6.10932450880002,3900.3000230787,8.268808758153392
8011079,,1,22,2.0,1028033,18,22.0,hourly,3.0,2.0,5.0,3.0,1.0,5.0,4.0,4.0,3.0,5.0,3.0,0.666075208587985,-1.80610808290652,-0.864525090430422,0.0206682600391986,1.49627553859954,3.09104245335832,1716.0,7.447751280047908
8011105,,1,26,1.0,1018728,20,26.0,hourly,4.0,3.0,4.0,3.0,5.0,4.0,3.0,4.0,4.0,3.0,4.0,-0.436691515665901,-0.293585335855875,-0.264020662075569,0.55684486105609,-1.59887070344321,3.25809653802148,2253.33333333333,7.720165880368898
8011110,,2,2000,1.0,1015719,3,153.857989076083,monthly,3.0,3.0,3.0,4.0,1.0,3.0,3.0,5.0,3.0,5.0,4.0,-0.436691515665901,-0.293585335855875,0.936988194634136,-0.515508340977693,1.49627553859954,5.0360300281162,2000.15385798908,7.600979385577739
8011126,1.0,1,25,1.0,1027914,8,25.0,hourly,2.0,4.0,3.0,3.0,2.0,4.0,2.0,4.0,2.0,3.0,4.0,0.666075208587985,0.714763212595312,0.336483766279283,-0.515508340977693,-0.0512975824218321,3.2188758248682,866.666666666667,6.764654435341464
8011129,,1,26,1.0,1027683,16,26.0,hourly,3.0,4.0,3.0,3.0,1.0,3.0,2.0,3.0,2.0,5.0,5.0,-0.436691515665901,1.21893771369932,-0.264020662075569,-0.515508340977693,1.49627553859954,3.25809653802148,1802.66666666667,7.497022329054692
8011183,1.0,2,4840,1.0,1027613,9,124.11211118804,monthly,3.0,3.0,2.0,4.0,2.0,3.0,2.0,3.0,2.0,4.0,4.0,-0.436691515665901,0.210589013995855,0.336483766279283,-1.05168494199458,0.464560124585293,4.82118527961669,4840.37233633356,8.48474692574633
8011190,,1,22,1.0,1028022,4,22.0,hourly,3.0,3.0,3.0,3.0,3.0,3.0,3.0,3.0,3.0,3.0,3.0,-0.436691515665901,-0.797759534455332,-0.264020662075569,0.0206682600391986,-0.567155289428958,3.09104245335832,381.333333333333,5.943673883271632
8011200,1.0,1,20,1.0,1019023,8,20.0,hourly,2.0,3.0,4.0,2.0,1.0,5.0,3.0,3.0,3.0,5.0,4.0,1.21745857071493,-0.293585335855875,-0.864525090430422,0.55684486105609,1.49627553859954,2.99573227355399,693.333333333333,6.541510884027254
8011204,,1,25,1.0,1018419,10,25.0,hourly,1.0,2.0,3.0,4.0,5.0,5.0,3.0,2.0,1.0,1.0,1.0,1.76884193284187,-2.31028228150598,-0.864525090430422,-1.58786154301148,-2.63058611745746,3.2188758248682,1083.33333333333,6.9877979866556705
8011210,,1,30,1.0,1000177,1,30.0,hourly,2.0,4.0,3.0,3.0,3.0,3.0,2.0,3.0,2.0,4.0,3.0,0.114691846461042,0.210589013995855,-0.264020662075569,-0.515508340977693,-0.0512975824218321,3.40119738166216,130.0,4.867534450455582
8011219,1.0,2,4200,1.0,1027557,10,96.9305331179322,monthly,1.0,3.0,4.0,1.0,1.0,4.0,3.0,3.0,3.0,4.0,4.0,1.21745857071493,-0.293585335855875,-0.864525090430422,1.09302146207298,0.980417831592419,4.57399456851964,4200.32310177706,8.342916730307115
8011262,,1,19,2.0,1026218,2,19.0,hourly,3.0,4.0,2.0,4.0,2.0,3.0,2.0,5.0,1.0,4.0,5.0,-0.436691515665901,1.21893771369932,1.53749262298899,-1.58786154301148,0.464560124585293,2.94443897916644,164.666666666667,5.103923228519815
8011279,,1,10,2.0,1026627,50,10.0,hourly,3.0,4.0,4.0,5.0,2.0,3.0,2.0,4.0,2.0,5.0,4.0,-0.436691515665901,0.714763212595312,-0.264020662075569,-1.58786154301148,0.980417831592419,2.30258509299405,2166.66666666667,7.68094516721562
8011282,1.0,2,800,2.0,1018612,16,11.5393491807062,monthly,2.0,1.0,1.0,3.0,5.0,4.0,4.0,3.0,2.0,5.0,3.0,0.666075208587985,-2.31028228150598,0.936988194634136,-0.515508340977693,-0.567155289428958,2.44576286267037,800.06154319563,6.6846886537035815
8011286,,2,2700,1.0,1018735,26,23.9663406060821,monthly,1.0,3.0,3.0,4.0,3.0,4.0,3.0,4.0,2.0,3.0,2.0,1.21745857071493,-1.30193373305479,0.336483766279283,-1.05168494199458,-0.567155289428958,3.17665037121317,2700.20770828525,7.901083978028074
8011289,,2,3500,1.0,1028152,6,134.625740441572,monthly,3.0,2.0,3.0,3.0,2.0,3.0,4.0,4.0,3.0,4.0,2.0,-0.436691515665901,-2.31028228150598,0.336483766279283,0.0206682600391986,0.464560124585293,4.90249863549168,3500.26925148087,8.160595173513157
8011291,,1,26,2.0,1027931,80,26.0,hourly,3.0,3.0,3.0,3.0,1.0,3.0,2.0,3.0,4.0,4.0,5.0,-0.436691515665901,0.714763212595312,-0.264020662075569,0.55684486105609,0.980417831592419,3.25809653802148,9013.33333333333,9.10646024148879
8011316,1.0,1,26,1.0,1027449,5,26.0,hourly,4.0,2.0,2.0,3.0,5.0,4.0,2.0,4.0,4.0,4.0,3.0,-0.436691515665901,-0.797759534455332,0.936988194634136,0.55684486105609,-1.08301299643608,3.25809653802148,563.333333333333,6.3338715192490085
8011374,1.0,2,4200,1.0,1028477,4,242.32633279483,monthly,4.0,5.0,4.0,5.0,3.0,4.0,1.0,3.0,1.0,5.0,4.0,-0.436691515665901,1.72311145854195,-0.864525090430422,-2.12403814402837,0.464560124585293,5.4902853003938,4200.32310177705,8.342916730307111
8011470,,1,11,2.0,1026648,3,11.0,hourly,3.0,4.0,2.0,3.0,3.0,3.0,4.0,4.0,3.0,4.0,4.0,-0.436691515665901,-0.293585335855875,0.936988194634136,0.0206682600391986,-0.0512975824218321,2.39789527279837,143.0,4.962844630259907
8011484,,2,3000,2.0,1019328,38,18.2200250221677,monthly,3.0,2.0,1.0,3.0,1.0,3.0,4.0,3.0,1.0,5.0,4.0,-0.436691515665901,-1.30193373305479,0.936988194634136,-1.05168494199458,1.49627553859954,2.90252126516609,3000.23078698361,8.0064444936859
8011485,1.0,1,19,2.0,1019810,35,19.0,hourly,4.0,3.0,3.0,2.0,4.0,3.0,3.0,3.0,3.0,4.0,5.0,-0.988074877792844,0.210589013995855,-0.264020662075569,0.55684486105609,-0.567155289428958,2.94443897916644,2881.66666666667,7.966124109449282
8011487,1.0,2,3900,1.0,1018238,34,26.4726245910319,monthly,1.0,3.0,4.0,4.0,1.0,5.0,2.0,4.0,3.0,5.0,5.0,1.76884193284187,0.714763212595312,-0.264020662075569,-0.515508340977693,1.49627553859954,3.2761111647438,3900.3000230787,8.268808758153392
8011515,,1,21,2.0,1027106,30,21.0,hourly,4.0,4.0,1.0,3.0,4.0,4.0,2.0,5.0,4.0,3.0,4.0,-0.436691515665901,0.714763212595312,2.13799705134384,0.55684486105609,-1.08301299643608,3.04452243772342,2730.0,7.912056888179006
8011577,1.0,2,1500,2.0,1027298,1,346.180475421186,monthly,2.0,2.0,3.0,3.0,2.0,4.0,2.0,5.0,2.0,2.0,5.0,0.666075208587985,0.210589013995855,0.936988194634136,-0.515508340977693,-0.567155289428958,5.84696024433253,1500.11539349181,7.313297313125958
8011585,,2,2000,1.0,1000143,40,11.5393491807062,monthly,4.0,4.0,3.0,2.0,1.0,2.0,2.0,4.0,4.0,5.0,3.0,-1.53945823991979,0.210589013995855,0.336483766279283,1.09302146207298,1.49627553859954,2.44576286267037,2000.15385798907,7.600979385577734
8011608,1.0,2,900,2.0,1018185,10,20.7708285252712,monthly,5.0,2.0,4.0,2.0,2.0,4.0,3.0,4.0,5.0,3.0,5.0,-0.988074877792844,-0.293585335855875,-0.264020662075569,1.62919806308987,-0.0512975824218321,3.03354952757249,900.069236095085,6.802471689359966
8011621,1.0,2,2560,1.0,1026038,25,23.6325871220863,monthly,3.0,4.0,3.0,2.0,2.0,3.0,4.0,4.0,4.0,4.0,5.0,-0.436691515665901,0.210589013995855,0.336483766279283,1.09302146207298,0.464560124585293,3.16262656984763,2560.19693822602,7.847839463509263
8011654,,2,900,2.0,1018243,10,20.7708285252712,monthly,3.0,5.0,2.0,1.0,4.0,4.0,3.0,2.0,5.0,2.0,3.0,0.114691846461042,0.210589013995855,-0.264020662075569,2.16537466410676,-1.59887070344321,3.03354952757249,900.069236095085,6.802471689359966
8011662,,2,400,1.0,1015594,3,30.7715978152166,monthly,2.0,3.0,2.0,2.0,1.0,4.0,4.0,4.0,5.0,4.0,4.0,0.666075208587985,-0.797759534455332,0.936988194634136,1.62919806308987,0.980417831592419,3.4265921156821,400.030771597816,5.991541473143639
8011702,1.0,1,26,1.0,1026702,6,26.0,hourly,4.0,3.0,5.0,2.0,4.0,3.0,4.0,2.0,4.0,3.0,5.0,-0.988074877792844,-0.293585335855875,-2.06553394714013,1.09302146207298,-1.08301299643608,3.25809653802148,676.0,6.516193076042964
8011709,,2,320,1.0,1020229,30,2.46172782521732,monthly,2.0,4.0,3.0,3.0,2.0,4.0,2.0,4.0,2.0,4.0,5.0,0.666075208587985,1.21893771369932,0.336483766279283,-0.515508340977693,0.464560124585293,0.900863471373844,320.024617278252,5.768397921829426
8011730,,1,23,1.0,1019431,20,23.0,hourly,3.0,5.0,3.0,4.0,3.0,3.0,2.0,4.0,4.0,4.0,4.0,-0.436691515665901,1.21893771369932,0.336483766279283,0.0206682600391986,-0.0512975824218321,3.13549421592915,1993.33333333333,7.597563558276566
8011758,,1,24,1.0,1026110,20,24.0,hourly,5.0,4.0,4.0,3.0,3.0,1.0,3.0,4.0,2.0,4.0,3.0,-2.64222496417367,-0.293585335855875,-0.264020662075569,-0.515508340977693,-0.0512975824218321,3.17805383034795,2080.0,7.640123172695364
8011759,,2,900,2.0,1019747,2,103.854142626356,monthly,2.0,4.0,2.0,2.0,1.0,5.0,2.0,3.0,4.0,5.0,4.0,1.21745857071493,0.714763212595312,0.336483766279283,1.09302146207298,1.49627553859954,4.64298744000659,900.069236095085,6.802471689359966
8011780,1.0,2,4200,2.0,1018630,45,21.5401184706516,monthly,2.0,5.0,1.0,3.0,5.0,4.0,1.0,5.0,3.0,4.0,5.0,0.666075208587985,2.22728595964596,2.13799705134384,0.0206682600391986,-1.08301299643608,3.06991717174337,4200.32310177706,8.342916730307115
8011871,,1,40,1.0,1018924,10,40.0,hourly,3.0,4.0,5.0,4.0,1.0,2.0,2.0,2.0,2.0,2.0,2.0,-0.988074877792844,-0.293585335855875,-2.06553394714013,-1.05168494199458,-0.0512975824218321,3.68887945411394,1733.33333333333,7.457801615901407
8011882,1.0,2,6600,1.0,1027076,21,72.5330519930104,monthly,3.0,4.0,3.0,2.0,2.0,3.0,1.0,5.0,4.0,3.0,5.0,-0.436691515665901,1.72311145854195,0.936988194634136,1.09302146207298,-0.0512975824218321,4.28404234753332,6600.50773136395,8.794901854050172
8011893,,1,20,1.0,1015305,40,20.0,hourly,3.0,3.0,2.0,4.0,4.0,4.0,2.0,4.0,2.0,4.0,4.0,0.114691846461042,0.210589013995855,0.936988194634136,-1.05168494199458,-0.567155289428958,2.99573227355399,3466.66666666667,8.150948796461355
8011898,1.0,1,38,1.0,1026749,32,38.0,hourly,2.0,1.0,4.0,3.0,4.0,5.0,1.0,3.0,3.0,2.0,5.0,1.21745857071493,0.210589013995855,-0.864525090430422,0.0206682600391986,-1.59887070344321,3.63758615972639,5269.33333333333,8.569659131319538
8011910,1.0,2,3400,1.0,1019476,6,130.77929071467,monthly,4.0,4.0,2.0,4.0,4.0,4.0,2.0,4.0,4.0,3.0,5.0,-0.436691515665901,1.21893771369932,0.936988194634136,0.0206682600391986,-1.08301299643608,4.87351109861843,3400.26155858142,8.131607636639904
8011937,1.0,2,4300,2.0,1020348,34,29.1877655747275,monthly,3.0,4.0,3.0,3.0,4.0,4.0,2.0,4.0,2.0,2.0,4.0,0.114691846461042,0.714763212595312,0.336483766279283,-0.515508340977693,-1.59887070344321,3.37374963430772,4300.33079467652,8.36644722771731
8011940,,1,20,1.0,1027411,19,20.0,hourly,5.0,4.0,5.0,4.0,3.0,2.0,4.0,3.0,5.0,3.0,3.0,-2.09084160204673,-0.797759534455332,-1.46502951878527,0.55684486105609,-0.567155289428958,2.99573227355399,1646.66666666667,7.4065083215138605
8011942,3.0,2,4500,1.0,1027486,10,103.854142626356,monthly,4.0,3.0,4.0,3.0,1.0,3.0,1.0,3.0,3.0,3.0,3.0,-0.988074877792844,0.210589013995855,-0.864525090430422,0.0206682600391986,0.464560124585293,4.64298744000659,4500.34618047543,8.411909601794068
8011943,,1,20,1.0,1018918,3,20.0,hourly,4.0,2.0,5.0,3.0,5.0,2.0,2.0,2.0,4.0,3.0,2.0,-1.53945823991979,-1.30193373305479,-2.06553394714013,0.55684486105609,-1.59887070344321,2.99573227355399,260.0,5.560681631015528
8011951,1.0,1,23,1.0,1018509,6,23.0,hourly,2.0,3.0,3.0,2.0,3.0,4.0,3.0,4.0,2.0,3.0,4.0,0.666075208587985,-0.293585335855875,0.336483766279283,0.0206682600391986,-0.567155289428958,3.13549421592915,598.0,6.393590753950631
8011964,1.0,1,21,2.0,1015291,1,21.0,hourly,2.0,4.0,3.0,2.0,2.0,5.0,3.0,2.0,2.0,5.0,4.0,1.21745857071493,0.210589013995855,-0.864525090430422,0.0206682600391986,0.980417831592419,3.04452243772342,91.0,4.51085950651685
8011981,,1,18,2.0,1015126,8,18.0,hourly,2.0,4.0,3.0,3.0,3.0,5.0,2.0,5.0,2.0,2.0,5.0,1.21745857071493,1.21893771369932,0.936988194634136,-0.515508340977693,-1.08301299643608,2.89037175789616,624.0,6.436150368369428
8012084,,2,2000,1.0,1018941,5,92.3147934456497,monthly,5.0,3.0,3.0,3.0,5.0,5.0,2.0,5.0,3.0,3.0,5.0,-0.436691515665901,0.714763212595312,0.936988194634136,0.0206682600391986,-1.59887070344321,4.52520440435021,2000.15385798908,7.600979385577739
8012108,,2,2000,2.0,1027956,24,19.2322486345103,monthly,3.0,4.0,,1.0,5.0,4.0,2.0,4.0,5.0,3.0,5.0,0.114691846461042,1.21893771369932,0.696786423292195,2.16537466410676,-1.59887070344321,2.95658848643636,2000.15385798907,7.600979385577734
8012133,1.0,2,4000,1.0,1027075,26,35.5056897867883,monthly,4.0,5.0,3.0,3.0,5.0,3.0,3.0,4.0,4.0,4.0,5.0,-0.988074877792844,1.21893771369932,0.336483766279283,0.55684486105609,-1.08301299643608,3.56969295932277,4000.30771597815,8.294126566137681
8012134,,1,21,1.0,1026754,70,21.0,hourly,3.0,3.0,3.0,4.0,2.0,3.0,1.0,4.0,3.0,4.0,5.0,-0.436691515665901,1.21893771369932,0.336483766279283,-0.515508340977693,0.464560124585293,3.04452243772342,6370.0,8.759354748566208
8012163,1.0,2,3600,2.0,1018985,33,25.1767618488135,monthly,3.0,3.0,4.0,3.0,4.0,3.0,2.0,3.0,5.0,4.0,4.0,-0.436691515665901,0.210589013995855,-0.864525090430422,1.09302146207298,-0.567155289428958,3.22592142021995,3600.27694438033,8.188766050479854
8012202,,1,20,2.0,1015092,40,20.0,hourly,5.0,3.0,1.0,3.0,2.0,4.0,2.0,5.0,3.0,5.0,5.0,-0.988074877792844,0.714763212595312,2.13799705134384,0.0206682600391986,0.980417831592419,2.99573227355399,3466.66666666667,8.150948796461355
8012262,,2,180,2.0,1015045,15,2.76944380336949,monthly,3.0,3.0,1.0,2.0,2.0,4.0,3.0,5.0,3.0,5.0,5.0,0.114691846461042,0.210589013995855,2.13799705134384,0.55684486105609,0.980417831592419,1.01864650703023,180.013847219017,5.193033776925866
8012340,,1,20,2.0,1015451,40,20.0,hourly,3.0,3.0,2.0,3.0,1.0,2.0,2.0,4.0,2.0,4.0,5.0,-0.988074877792844,0.714763212595312,0.936988194634136,-0.515508340977693,0.980417831592419,2.99573227355399,3466.66666666667,8.150948796461355
8012363,,2,2500,1.0,1026564,55,10.4903174370056,monthly,1.0,3.0,3.0,4.0,4.0,5.0,2.0,3.0,2.0,3.0,4.0,1.76884193284187,0.210589013995855,-0.264020662075569,-1.05168494199458,-1.08301299643608,2.35045268286605,2500.19232248633,7.824122936891941
8012371,1.0,2,4800,1.0,1027467,10,110.77775213478,monthly,2.0,4.0,4.0,3.0,3.0,4.0,3.0,3.0,3.0,5.0,5.0,0.666075208587985,0.714763212595312,-0.864525090430422,0.0206682600391986,0.464560124585293,4.70752596114416,4800.3692591738,8.476448122931641
8012406,1.0,1,24,2.0,1026672,35,24.0,hourly,4.0,2.0,3.0,2.0,2.0,2.0,4.0,4.0,4.0,4.0,4.0,-1.53945823991979,-1.30193373305479,0.336483766279283,1.09302146207298,0.464560124585293,3.17805383034795,3640.0,8.199738960630786
8012411,,2,6000,1.0,1026548,20,69.2360950842372,monthly,2.0,5.0,4.0,3.0,3.0,5.0,2.0,5.0,2.0,4.0,5.0,1.21745857071493,1.72311145854195,0.336483766279283,-0.515508340977693,-0.0512975824218321,4.23752233189843,6000.46157396722,8.699591674245845
8012420,,1,16,2.0,1015488,4,16.0,hourly,3.0,3.0,2.0,4.0,2.0,3.0,3.0,4.0,3.0,4.0,4.0,-0.436691515665901,-0.293585335855875,0.936988194634136,-0.515508340977693,0.464560124585293,2.77258872223978,277.333333333333,5.625220152153098
8012454,2.0,1,24,1.0,1019001,8,24.0,hourly,2.0,5.0,3.0,4.0,3.0,5.0,2.0,4.0,2.0,5.0,5.0,1.21745857071493,1.72311145854195,0.336483766279283,-1.05168494199458,0.464560124585293,3.17805383034795,832.0,6.723832440821209
8012505,1.0,2,3600,1.0,1018596,30,27.6944380336949,monthly,3.0,2.0,3.0,2.0,4.0,4.0,4.0,3.0,4.0,5.0,3.0,0.114691846461042,-1.80610808290652,-0.264020662075569,1.09302146207298,-0.0512975824218321,3.32123160002427,3600.27694438034,8.188766050479856
8012525,,2,3000,,1019385,1,692.360950842373,monthly,4.0,2.0,2.0,3.0,5.0,4.0,3.0,4.0,3.0,3.0,3.0,-0.436691515665901,-1.30193373305479,0.936988194634136,0.0206682600391986,-1.59887070344321,6.54010742489247,3000.23078698362,8.006444493685903
8012552,1.0,2,830,1.0,1019090,8,23.9441495499654,monthly,4.0,2.0,4.0,2.0,2.0,3.0,3.0,4.0,4.0,5.0,4.0,-0.988074877792844,-0.797759534455332,-0.264020662075569,1.09302146207298,0.980417831592419,3.17572401635303,830.063851065467,6.7215026268262985
8012562,3.0,1,20,2.0,1027117,6,20.0,hourly,3.0,2.0,3.0,1.0,1.0,3.0,1.0,2.0,3.0,3.0,1.0,-0.436691515665901,-1.30193373305479,-0.864525090430422,1.09302146207298,0.464560124585293,2.99573227355399,520.0,6.253828811575473
8012588,,1,20,1.0,1026713,5,20.0,hourly,3.0,3.0,4.0,3.0,3.0,4.0,2.0,4.0,2.0,4.0,3.0,0.114691846461042,-0.293585335855875,-0.264020662075569,-0.515508340977693,-0.0512975824218321,2.99573227355399,433.333333333333,6.071507254781517
8012604,,1,26,1.0,1020191,5,26.0,hourly,4.0,4.0,2.0,2.0,5.0,3.0,2.0,4.0,3.0,4.0,4.0,-0.988074877792844,0.714763212595312,0.936988194634136,0.55684486105609,-1.08301299643608,3.25809653802148,563.333333333333,6.3338715192490085
8012625,,1,12,,1019502,10,12.0,hourly,3.0,2.0,3.0,1.0,2.0,3.0,4.0,5.0,4.0,4.0,3.0,-0.436691515665901,-1.80610808290652,0.936988194634136,1.62919806308987,0.464560124585293,2.484906649788,520.0,6.253828811575473
8012626,1.0,2,800,1.0,1027401,7,26.3756552701856,monthly,4.0,4.0,2.0,4.0,3.0,3.0,2.0,3.0,2.0,4.0,4.0,-0.988074877792844,0.714763212595312,0.336483766279283,-1.05168494199458,-0.0512975824218321,3.27244143585484,800.06154319563,6.6846886537035815
8012627,1.0,1,17,2.0,1027052,5,17.0,hourly,4.0,2.0,2.0,2.0,5.0,3.0,3.0,5.0,3.0,1.0,4.0,-0.988074877792844,-0.797759534455332,1.53749262298899,0.55684486105609,-2.63058611745746,2.83321334405622,368.333333333333,5.908988325283743
8012636,1.0,1,23,2.0,1018352,5,23.0,hourly,1.0,5.0,4.0,3.0,5.0,5.0,3.0,1.0,2.0,5.0,5.0,1.76884193284187,1.21893771369932,-2.06553394714013,-0.515508340977693,-0.567155289428958,3.13549421592915,498.333333333333,6.2112691971566765
8012649,,1,30,1.0,1026484,6,30.0,hourly,2.0,4.0,2.0,4.0,2.0,4.0,2.0,4.0,3.0,4.0,3.0,0.666075208587985,0.210589013995855,0.936988194634136,-0.515508340977693,0.464560124585293,3.40119738166216,780.0,6.659293919683638
8012658,1.0,1,21,1.0,1026042,4,21.0,hourly,4.0,5.0,4.0,3.0,1.0,1.0,3.0,4.0,5.0,5.0,5.0,-2.09084160204673,1.21893771369932,-0.264020662075569,1.09302146207298,1.49627553859954,3.04452243772342,364.0,5.8971538676367405
8012680,1.0,2,1800,1.0,1019085,5,83.0833141010847,monthly,3.0,4.0,2.0,4.0,2.0,4.0,3.0,4.0,2.0,4.0,5.0,0.114691846461042,0.714763212595312,0.936988194634136,-1.05168494199458,0.464560124585293,4.41984388869238,1800.13847219017,7.4956188699199116
8012698,,1,25,1.0,1026225,12,25.0,hourly,3.0,5.0,3.0,3.0,3.0,5.0,3.0,3.0,3.0,5.0,5.0,0.666075208587985,1.21893771369932,-0.264020662075569,0.0206682600391986,0.464560124585293,3.2188758248682,1300.0,7.170119543449628
8012700,,2,3900,1.0,1028046,24,37.5028848372952,monthly,4.0,3.0,3.0,3.0,4.0,3.0,2.0,2.0,4.0,5.0,4.0,-0.988074877792844,0.210589013995855,-0.864525090430422,0.55684486105609,-0.0512975824218321,3.62441785901202,3900.3000230787,8.268808758153392
8012734,,1,25,1.0,1027109,4,25.0,hourly,2.0,3.0,3.0,2.0,2.0,5.0,3.0,4.0,2.0,4.0,4.0,1.21745857071493,-0.293585335855875,0.336483766279283,0.0206682600391986,0.464560124585293,3.2188758248682,433.333333333333,6.071507254781517
8012743,,2,1800,2.0,1019944,2,207.708285252712,monthly,5.0,3.0,1.0,2.0,2.0,2.0,4.0,5.0,5.0,5.0,3.0,-2.09084160204673,-1.30193373305479,2.13799705134384,1.62919806308987,0.980417831592419,5.33613462056654,1800.13847219017,7.4956188699199116
8012759,1.0,1,26,1.0,1027678,24,26.0,hourly,1.0,2.0,1.0,4.0,1.0,4.0,3.0,4.0,3.0,5.0,4.0,1.21745857071493,-0.797759534455332,1.53749262298899,-0.515508340977693,1.49627553859954,3.25809653802148,2704.0,7.902487437162855
8012770,,2,4500,2.0,1018937,6,173.090237710593,monthly,4.0,4.0,2.0,2.0,2.0,3.0,2.0,5.0,3.0,4.0,5.0,-0.988074877792844,1.21893771369932,1.53749262298899,0.55684486105609,0.464560124585293,5.15381306377258,4500.34618047542,8.411909601794065
8012781,,1,15,1.0,1019536,12,15.0,hourly,4.0,3.0,3.0,2.0,1.0,3.0,2.0,1.0,2.0,4.0,5.0,-0.988074877792844,0.714763212595312,-1.46502951878527,0.0206682600391986,0.980417831592419,2.70805020110221,780.0,6.659293919683638
8012793,,2,2500,1.0,1028567,15,38.4644972690207,monthly,4.0,2.0,2.0,4.0,1.0,3.0,3.0,4.0,4.0,3.0,5.0,-0.988074877792844,-0.293585335855875,0.936988194634136,0.0206682600391986,0.464560124585293,3.64973566699631,2500.19232248634,7.8241229368919445
8012808,,2,2200,1.0,1027885,9,56.4145959945637,monthly,2.0,4.0,4.0,3.0,2.0,4.0,2.0,2.0,3.0,5.0,3.0,0.666075208587985,0.210589013995855,-1.46502951878527,0.0206682600391986,0.980417831592419,4.03272791925242,2200.16924378798,7.69628956538206
8012823,1.0,2,4200,2.0,1028624,35,27.6944380336949,monthly,3.0,3.0,3.0,4.0,4.0,4.0,4.0,3.0,3.0,4.0,5.0,0.114691846461042,-0.293585335855875,-0.264020662075569,-0.515508340977693,-0.567155289428958,3.32123160002427,4200.32310177706,8.342916730307115
8012844,1.0,2,2200,1.0,1019276,12,42.3109469959228,monthly,2.0,4.0,4.0,4.0,1.0,4.0,2.0,3.0,1.0,5.0,4.0,0.666075208587985,0.714763212595312,-0.864525090430422,-1.58786154301148,1.49627553859954,3.74504584680063,2200.16924378799,7.696289565382065
8012878,,1,18,2.0,1015498,20,18.0,hourly,5.0,3.0,4.0,1.0,1.0,2.0,3.0,3.0,5.0,3.0,4.0,-2.09084160204673,-0.293585335855875,-0.864525090430422,2.16537466410676,0.464560124585293,2.89037175789616,1560.0,7.352441100243583
8012883,,2,3000,2.0,1019547,6,115.393491807062,monthly,3.0,5.0,5.0,3.0,3.0,4.0,4.0,3.0,4.0,5.0,4.0,0.114691846461042,0.210589013995855,-1.46502951878527,0.55684486105609,0.464560124585293,4.74834795566442,3000.23078698361,8.0064444936859
8012896,,1,48,1.0,1026954,3,48.0,hourly,1.0,3.0,2.0,2.0,1.0,5.0,3.0,3.0,3.0,5.0,3.0,1.76884193284187,-0.797759534455332,0.336483766279283,0.55684486105609,1.49627553859954,3.87120101090789,624.0,6.436150368369428
8012897,,2,700,,1027831,34,4.75149672146726,monthly,1.0,2.0,2.0,1.0,1.0,2.0,2.0,1.0,1.0,2.0,4.0,0.114691846461042,-0.293585335855875,-0.864525090430422,0.0206682600391986,-0.0512975824218321,1.55845966766947,700.053850296176,6.551157261079059
8012935,2.0,2,4200,1.0,1026546,25,38.7722132471729,monthly,4.0,3.0,3.0,4.0,2.0,4.0,3.0,3.0,3.0,4.0,4.0,-0.436691515665901,-0.293585335855875,-0.264020662075569,-0.515508340977693,0.464560124585293,3.65770383664549,4200.32310177706,8.342916730307115
8012953,1.0,2,4200,2.0,1020041,3,323.101777059774,monthly,4.0,4.0,4.0,2.0,2.0,3.0,2.0,3.0,4.0,3.0,4.0,-0.988074877792844,0.714763212595312,-0.864525090430422,1.09302146207298,-0.0512975824218321,5.77796737284558,4200.32310177706,8.342916730307115
8012957,1.0,2,2000,2.0,1018984,12,38.4644972690207,monthly,3.0,4.0,3.0,3.0,1.0,4.0,3.0,3.0,3.0,4.0,4.0,0.114691846461042,0.210589013995855,-0.264020662075569,0.0206682600391986,0.980417831592419,3.64973566699631,2000.15385798908,7.600979385577739
8012976,1.0,2,3380,1.0,1020398,21,37.1457145055114,monthly,3.0,4.0,4.0,4.0,3.0,4.0,3.0,5.0,4.0,4.0,5.0,0.114691846461042,0.714763212595312,0.336483766279283,0.0206682600391986,-0.0512975824218321,3.61484840799587,3380.26002000154,8.12570791451272
8012986,1.0,2,4100,1.0,1020107,5,189.245326563582,monthly,4.0,4.0,4.0,4.0,4.0,4.0,4.0,4.0,4.0,4.0,4.0,-0.436691515665901,-0.293585335855875,-0.264020662075569,0.0206682600391986,-0.567155289428958,5.24304419750053,4100.31540887761,8.318819178728054
8012990,,2,200,1.0,1018672,9,5.12859963586943,monthly,1.0,3.0,3.0,3.0,3.0,3.0,3.0,3.0,3.0,3.0,3.0,0.666075208587985,-0.797759534455332,-0.264020662075569,0.0206682600391986,-0.567155289428958,1.63483264645405,200.015385798908,5.298394292583693
8012999,,1,20,2.0,1019829,8,20.0,hourly,1.0,4.0,3.0,1.0,2.0,5.0,3.0,5.0,4.0,4.0,4.0,1.76884193284187,0.210589013995855,0.936988194634136,1.62919806308987,0.464560124585293,2.99573227355399,693.333333333333,6.541510884027254
8013009,,1,25,1.0,1028091,30,25.0,hourly,3.0,5.0,3.0,4.0,4.0,5.0,3.0,4.0,5.0,3.0,5.0,0.666075208587985,1.21893771369932,0.336483766279283,0.55684486105609,-1.08301299643608,3.2188758248682,3250.0,8.086410275323782
8013015,1.0,1,25,1.0,1027137,30,25.0,hourly,3.0,4.0,2.0,3.0,2.0,5.0,3.0,4.0,4.0,5.0,5.0,0.666075208587985,0.714763212595312,0.936988194634136,0.55684486105609,0.980417831592419,3.2188758248682,3250.0,8.086410275323782
8013074,1.0,1,45,1.0,1020009,1,45.0,hourly,3.0,3.0,3.0,2.0,1.0,3.0,2.0,4.0,4.0,4.0,4.0,-0.436691515665901,0.210589013995855,0.336483766279283,1.09302146207298,0.980417831592419,3.80666248977032,195.0,5.272999558563747
8013099,,1,50,1.0,1026140,8,50.0,hourly,1.0,5.0,4.0,3.0,2.0,4.0,2.0,3.0,2.0,4.0,4.0,1.21745857071493,1.21893771369932,-0.864525090430422,-0.515508340977693,0.464560124585293,3.91202300542815,1733.33333333333,7.457801615901407
8013101,,2,2500,2.0,1026873,24,24.0403107931379,monthly,4.0,5.0,2.0,3.0,2.0,2.0,3.0,4.0,4.0,4.0,5.0,-1.53945823991979,1.21893771369932,0.936988194634136,0.55684486105609,0.464560124585293,3.17973203775057,2500.19232248634,7.8241229368919445
8013137,,1,16,1.0,1028460,16,16.0,hourly,3.0,3.0,1.0,5.0,1.0,4.0,1.0,4.0,2.0,5.0,5.0,0.114691846461042,1.21893771369932,1.53749262298899,-1.58786154301148,1.49627553859954,2.77258872223978,1109.33333333333,7.011514513272987
8013218,1.0,1,20,1.0,1015810,1,20.0,hourly,3.0,2.0,2.0,3.0,2.0,3.0,3.0,4.0,4.0,3.0,3.0,-0.436691515665901,-1.30193373305479,0.936988194634136,0.55684486105609,-0.0512975824218321,2.99573227355399,86.6666666666667,4.4620693423474185
8013324,1.0,2,3000,1.0,1028527,35,19.7817414526392,monthly,4.0,4.0,4.0,4.0,4.0,4.0,4.0,4.0,4.0,4.0,4.0,-0.436691515665901,-0.293585335855875,-0.264020662075569,0.0206682600391986,-0.567155289428958,2.98475936340306,3000.23078698361,8.0064444936859
8013329,1.0,2,4200,1.0,1018920,2,484.652665589661,monthly,2.0,4.0,4.0,3.0,4.0,4.0,2.0,3.0,4.0,3.0,5.0,0.666075208587985,1.21893771369932,-0.864525090430422,0.55684486105609,-1.08301299643608,6.18343248095374,4200.32310177706,8.342916730307115
8013348,,1,19,1.0,1026951,15,19.0,hourly,1.0,3.0,5.0,5.0,5.0,5.0,4.0,2.0,3.0,4.0,3.0,1.76884193284187,-1.30193373305479,-2.06553394714013,-1.05168494199458,-1.08301299643608,2.94443897916644,1235.0,7.118826249062078
8013369,,2,4100,1.0,1028177,34,27.8301950828797,monthly,4.0,5.0,5.0,2.0,3.0,4.0,3.0,5.0,4.0,5.0,5.0,-0.436691515665901,1.21893771369932,-0.264020662075569,1.09302146207298,0.464560124585293,3.32612158531846,4100.31540887761,8.318819178728054
8013384,,2,1000,2.0,1020278,30,7.69289945380414,monthly,1.0,1.0,1.0,1.0,1.0,1.0,1.0,1.0,1.0,1.0,1.0,-0.436691515665901,-1.80610808290652,-0.264020662075569,0.0206682600391986,-0.567155289428958,2.04029775456221,1000.07692899454,6.907832205017794
8013405,3.0,2,4000,2.0,1019893,20,46.1573967228248,monthly,2.0,3.0,2.0,1.0,3.0,4.0,1.0,2.0,4.0,4.0,4.0,0.666075208587985,0.714763212595312,-0.264020662075569,1.62919806308987,-0.0512975824218321,3.83205722379026,4000.30771597815,8.294126566137681
8013421,,2,1200,2.0,1015104,8,34.6180475421186,monthly,4.0,4.0,5.0,5.0,1.0,2.0,3.0,2.0,3.0,4.0,3.0,-1.53945823991979,-0.293585335855875,-2.06553394714013,-1.05168494199458,0.980417831592419,3.54437515133848,1200.09231479344,7.090153761811742
9011003,,1,17,1.0,1019243,8,17.0,hourly,4.0,1.0,2.0,2.0,2.0,3.0,1.0,2.0,4.0,5.0,4.0,-0.988074877792844,-0.293585335855875,-0.264020662075569,1.09302146207298,0.980417831592419,2.83321334405622,589.333333333333,6.378991954529479
9011036,,2,1500,2.0,1019724,22,15.7354761555085,monthly,3.0,2.0,2.0,5.0,4.0,5.0,5.0,5.0,2.0,4.0,4.0,0.666075208587985,-1.80610808290652,1.53749262298899,-1.58786154301148,-0.567155289428958,2.75591779097421,1500.11539349181,7.313297313125958
9011150,1.0,1,24,1.0,1018535,7,24.0,hourly,3.0,4.0,3.0,3.0,1.0,3.0,3.0,3.0,4.0,4.0,5.0,-0.436691515665901,0.714763212595312,-0.264020662075569,0.55684486105609,0.980417831592419,3.17805383034795,728.0,6.590301048196686
9011160,,2,4000,2.0,1026333,2,461.573967228248,monthly,5.0,5.0,3.0,2.0,5.0,1.0,1.0,4.0,5.0,5.0,5.0,-2.64222496417367,2.22728595964596,0.336483766279283,1.62919806308987,-0.567155289428958,6.13464231678431,4000.30771597815,8.294126566137681
9011161,,1,28,1.0,1028043,15,28.0,hourly,4.0,4.0,1.0,3.0,5.0,5.0,4.0,3.0,3.0,3.0,4.0,0.114691846461042,-0.293585335855875,0.936988194634136,0.0206682600391986,-1.59887070344321,3.3322045101752,1820.0,7.506591780070841
9011185,,1,22,2.0,1019096,6,22.0,hourly,2.0,4.0,4.0,2.0,4.0,4.0,4.0,3.0,2.0,3.0,4.0,0.666075208587985,-0.293585335855875,-0.864525090430422,0.0206682600391986,-1.08301299643608,3.09104245335832,572.0,6.349138991379798
9011214,1.0,1,25,1.0,1026142,2,25.0,hourly,3.0,4.0,2.0,4.0,1.0,4.0,2.0,4.0,2.0,5.0,5.0,0.114691846461042,1.21893771369932,0.936988194634136,-1.05168494199458,1.49627553859954,3.2188758248682,216.666666666667,5.3783600742215745
9011248,,2,3000,2.0,1020269,80,8.65451188552966,monthly,3.0,2.0,4.0,2.0,4.0,3.0,4.0,4.0,4.0,2.0,3.0,-0.436691515665901,-1.80610808290652,-0.264020662075569,1.09302146207298,-1.59887070344321,2.15808079021859,3000.23078698361,8.0064444936859
9011284,,2,3300,1.0,1026064,35,21.7599155979031,monthly,4.0,5.0,2.0,2.0,3.0,2.0,2.0,4.0,5.0,2.0,5.0,-1.53945823991979,1.72311145854195,0.936988194634136,1.62919806308987,-1.08301299643608,3.08006954320739,3300.25386568197,8.101754673490225
9011290,1.0,1,22,1.0,1028632,13,22.0,hourly,1.0,4.0,3.0,5.0,1.0,5.0,1.0,3.0,1.0,5.0,5.0,1.76884193284187,1.72311145854195,-0.264020662075569,-2.12403814402837,1.49627553859954,3.09104245335832,1239.33333333333,7.122328879613277
9011307,,1,30,,1018503,30,30.0,hourly,3.0,4.0,3.0,4.0,2.0,4.0,2.0,4.0,2.0,4.0,4.0,0.114691846461042,0.714763212595312,0.336483766279283,-1.05168494199458,0.464560124585293,3.40119738166216,3900.0,8.268731832117737
9011340,1.0,1,29,1.0,1018464,20,29.0,hourly,3.0,5.0,3.0,2.0,2.0,4.0,1.0,5.0,3.0,4.0,4.0,0.114691846461042,1.72311145854195,0.936988194634136,0.55684486105609,0.464560124585293,3.36729582998647,2513.33333333333,7.82936517233389
9011376,,1,26,1.0,1026062,16,26.0,hourly,5.0,3.0,4.0,3.0,1.0,4.0,1.0,4.0,5.0,5.0,3.0,-0.988074877792844,0.210589013995855,-0.264020662075569,1.09302146207298,1.49627553859954,3.25809653802148,1802.66666666667,7.497022329054692
9011431,1.0,1,25,1.0,1018899,25,25.0,hourly,4.0,4.0,4.0,4.0,3.0,4.0,4.0,4.0,4.0,4.0,4.0,-0.436691515665901,-0.293585335855875,-0.264020662075569,0.0206682600391986,-0.0512975824218321,3.2188758248682,2708.33333333333,7.904088718529827
9011466,1.0,2,4200,1.0,1020328,15,64.6203554119548,monthly,2.0,3.0,3.0,3.0,4.0,4.0,2.0,3.0,2.0,3.0,3.0,0.666075208587985,-0.293585335855875,-0.264020662075569,-0.515508340977693,-1.08301299643608,4.16852946041148,4200.32310177706,8.342916730307115
9011476,,2,4300,1.0,1026475,30,33.0794676513578,monthly,4.0,4.0,3.0,4.0,4.0,4.0,2.0,5.0,1.0,2.0,5.0,-0.436691515665901,1.21893771369932,0.936988194634136,-1.58786154301148,-1.59887070344321,3.49891277726173,4300.33079467651,8.366447227717307
9011487,1.0,2,3000,1.0,1018981,32,21.6362797138241,monthly,4.0,5.0,4.0,3.0,3.0,4.0,2.0,3.0,4.0,5.0,5.0,-0.436691515665901,1.72311145854195,-0.864525090430422,0.55684486105609,0.464560124585293,3.07437152209275,3000.23078698361,8.0064444936859
9011504,1.0,2,3900,1.0,1019940,32,28.1271636279714,monthly,4.0,3.0,4.0,4.0,1.0,3.0,4.0,4.0,3.0,5.0,4.0,-0.988074877792844,-0.797759534455332,-0.264020662075569,-0.515508340977693,1.49627553859954,3.33673578656024,3900.3000230787,8.268808758153392
9011529,1.0,2,880,2.0,1018434,12,16.9243787983691,monthly,2.0,2.0,3.0,4.0,1.0,4.0,1.0,5.0,1.0,5.0,4.0,0.666075208587985,0.210589013995855,0.936988194634136,-1.58786154301148,1.49627553859954,2.82875511492648,880.067697515193,6.779998833507906
9011548,1.0,1,25,1.0,1019740,32,25.0,hourly,5.0,4.0,2.0,3.0,4.0,4.0,4.0,4.0,4.0,4.0,5.0,-0.988074877792844,0.210589013995855,0.936988194634136,0.55684486105609,-0.567155289428958,3.2188758248682,3466.66666666667,8.150948796461355
9011559,,1,21,1.0,1028282,15,21.0,hourly,4.0,2.0,5.0,3.0,3.0,3.0,2.0,4.0,2.0,5.0,5.0,-0.988074877792844,0.210589013995855,-0.864525090430422,-0.515508340977693,0.464560124585293,3.04452243772342,1365.0,7.21890970761906
9011620,,2,2400,1.0,1026927,24,23.0786983614124,monthly,3.0,5.0,5.0,2.0,2.0,3.0,3.0,1.0,4.0,5.0,4.0,-0.436691515665901,0.714763212595312,-2.66603837549498,1.09302146207298,0.980417831592419,3.13891004323032,2400.18462958689,7.7833009423716915
9011624,,1,25,1.0,1020217,16,25.0,hourly,3.0,2.0,2.0,3.0,4.0,4.0,3.0,4.0,3.0,4.0,5.0,0.114691846461042,-0.293585335855875,0.936988194634136,0.0206682600391986,-0.567155289428958,3.2188758248682,1733.33333333333,7.457801615901407
9011713,1.0,1,20,2.0,1028547,6,20.0,hourly,3.0,3.0,4.0,4.0,4.0,3.0,3.0,3.0,3.0,4.0,4.0,-0.436691515665901,-0.293585335855875,-0.864525090430422,-0.515508340977693,-0.567155289428958,2.99573227355399,520.0,6.253828811575473
9011776,1.0,2,4400,1.0,1019624,3,338.487575967382,monthly,3.0,5.0,2.0,4.0,5.0,3.0,2.0,5.0,2.0,2.0,5.0,-0.436691515665901,1.72311145854195,1.53749262298899,-1.05168494199458,-2.11472841045033,5.82448738848047,4400.33848757597,8.389436745942008
9011787,,1,18,1.0,1018190,40,18.0,hourly,3.0,4.0,2.0,4.0,2.0,4.0,2.0,4.0,2.0,4.0,4.0,0.114691846461042,0.714763212595312,0.936988194634136,-1.05168494199458,0.464560124585293,2.89037175789616,3120.0,8.045588280803528
9011859,1.0,1,27,1.0,1019173,24,27.0,hourly,4.0,5.0,3.0,3.0,2.0,5.0,2.0,4.0,2.0,4.0,3.0,0.114691846461042,0.714763212595312,0.336483766279283,-0.515508340977693,0.464560124585293,3.29583686600433,2808.0,7.940227765145702
9011885,1.0,2,450,2.0,1019078,9,11.5393491807062,monthly,4.0,4.0,5.0,2.0,1.0,3.0,4.0,2.0,3.0,5.0,4.0,-0.988074877792844,-0.293585335855875,-2.06553394714013,0.55684486105609,1.49627553859954,2.44576286267037,450.034618047542,6.10932450880002
9011900,,1,20,1.0,1026020,30,20.0,hourly,2.0,1.0,5.0,2.0,3.0,3.0,4.0,4.0,5.0,3.0,3.0,0.114691846461042,-2.31028228150598,-0.864525090430422,1.62919806308987,-0.567155289428958,2.99573227355399,2600.0,7.8632667240095735
9011907,,1,28,1.0,1018916,24,28.0,hourly,3.0,3.0,2.0,3.0,3.0,3.0,2.0,3.0,4.0,3.0,3.0,-0.436691515665901,-0.293585335855875,0.336483766279283,0.55684486105609,-0.567155289428958,3.3322045101752,2912.0,7.976595409316577
9011912,1.0,2,4500,1.0,1028127,7,148.363060894794,monthly,2.0,4.0,4.0,5.0,5.0,5.0,4.0,4.0,2.0,3.0,4.0,1.21745857071493,-0.293585335855875,-0.264020662075569,-1.58786154301148,-1.59887070344321,4.99966238394533,4500.34618047542,8.411909601794065
9011918,1.0,1,25,2.0,1018513,10,25.0,hourly,1.0,3.0,4.0,3.0,1.0,4.0,2.0,3.0,1.0,5.0,3.0,1.21745857071493,-0.293585335855875,-0.864525090430422,-1.05168494199458,1.49627553859954,3.2188758248682,1083.33333333333,6.9877979866556705
9011932,1.0,2,4400,1.0,1026144,28,36.2665259965052,monthly,5.0,3.0,2.0,2.0,3.0,3.0,4.0,5.0,4.0,5.0,5.0,-1.53945823991979,-0.293585335855875,1.53749262298899,1.09302146207298,0.464560124585293,3.59089516697338,4400.33848757596,8.389436745942005
9011940,1.0,1,21,2.0,1026859,10,21.0,hourly,3.0,2.0,4.0,3.0,4.0,4.0,4.0,5.0,3.0,5.0,2.0,0.114691846461042,-2.31028228150598,0.336483766279283,0.0206682600391986,-0.0512975824218321,3.04452243772342,910.0,6.813444599510896
9011962,,1,23,1.0,1026111,4,23.0,hourly,2.0,3.0,2.0,3.0,4.0,4.0,2.0,4.0,3.0,4.0,4.0,0.666075208587985,0.210589013995855,0.936988194634136,0.0206682600391986,-0.567155289428958,3.13549421592915,398.666666666667,5.9881256458424685
9012050,1.0,1,20,2.0,1018914,32,20.0,hourly,3.0,5.0,3.0,2.0,5.0,3.0,4.0,4.0,5.0,2.0,4.0,-0.436691515665901,0.210589013995855,0.336483766279283,1.62919806308987,-2.11472841045033,2.99573227355399,2773.33333333333,7.927805245147144
9012072,1.0,2,2600,2.0,1028277,2,300.023078698361,monthly,2.0,4.0,3.0,4.0,2.0,4.0,2.0,3.0,2.0,2.0,4.0,0.666075208587985,0.714763212595312,-0.264020662075569,-1.05168494199458,-0.567155289428958,5.70385940069186,2600.2000153858,7.863343650045229
9012094,,2,1700,1.0,1027045,17,23.0786983614124,monthly,4.0,2.0,3.0,4.0,3.0,4.0,1.0,4.0,4.0,5.0,5.0,-0.436691515665901,0.714763212595312,0.336483766279283,0.0206682600391986,0.464560124585293,3.13891004323032,1700.13077929071,7.43846045607996
9012120,1.0,1,25,1.0,1028038,40,25.0,hourly,2.0,1.0,3.0,4.0,4.0,4.0,3.0,2.0,2.0,5.0,4.0,0.666075208587985,-1.30193373305479,-0.864525090430422,-1.05168494199458,-0.0512975824218321,3.2188758248682,4333.33333333333,8.374092347775564
9012243,,1,18,2.0,1018024,20,18.0,hourly,3.0,5.0,5.0,3.0,4.0,4.0,4.0,3.0,5.0,5.0,4.0,0.114691846461042,0.210589013995855,-1.46502951878527,1.09302146207298,-0.0512975824218321,2.89037175789616,1560.0,7.352441100243583
9012299,,1,55,2.0,1018568,40,55.0,hourly,4.0,3.0,3.0,4.0,3.0,2.0,4.0,4.0,3.0,3.0,4.0,-1.53945823991979,-0.797759534455332,0.336483766279283,-0.515508340977693,-0.567155289428958,4.00733318523247,9533.33333333333,9.162549708139833
9012309,1.0,2,2000,1.0,1027797,30,15.3857989076083,monthly,3.0,4.0,2.0,3.0,2.0,5.0,1.0,5.0,1.0,5.0,5.0,0.666075208587985,1.72311145854195,1.53749262298899,-1.05168494199458,0.980417831592419,2.73344493512215,2000.15385798908,7.600979385577739
9012313,,1,20,1.0,1027346,15,20.0,hourly,1.0,3.0,4.0,2.0,1.0,5.0,3.0,5.0,4.0,4.0,3.0,1.76884193284187,-0.797759534455332,0.336483766279283,1.09302146207298,0.980417831592419,2.99573227355399,1300.0,7.170119543449628
9012315,1.0,1,20,1.0,1018900,12,20.0,hourly,4.0,1.0,2.0,3.0,1.0,3.0,2.0,4.0,2.0,4.0,4.0,-0.988074877792844,-0.797759534455332,0.936988194634136,-0.515508340977693,0.980417831592419,2.99573227355399,1040.0,6.946975992135418
9012347,,2,3500,2.0,1027322,3,269.251480883145,monthly,3.0,3.0,3.0,3.0,3.0,3.0,3.0,3.0,3.0,3.0,3.0,-0.436691515665901,-0.797759534455332,-0.264020662075569,0.0206682600391986,-0.567155289428958,5.59564581605162,3500.26925148089,8.160595173513162
9012395,,1,60,,1028604,18,60.0,hourly,4.0,3.0,3.0,3.0,1.0,2.0,1.0,5.0,5.0,4.0,3.0,-1.53945823991979,0.210589013995855,0.936988194634136,1.09302146207298,0.980417831592419,4.0943445622221,4680.0,8.451053388911692
9012441,1.0,2,4200,1.0,1026531,25,38.7722132471729,monthly,3.0,4.0,3.0,4.0,2.0,3.0,2.0,4.0,3.0,3.0,3.0,-0.436691515665901,0.210589013995855,0.336483766279283,-0.515508340977693,-0.0512975824218321,3.65770383664549,4200.32310177706,8.342916730307115
9012445,,1,20,1.0,1027555,30,20.0,hourly,2.0,3.0,4.0,2.0,2.0,5.0,3.0,1.0,2.0,4.0,5.0,1.21745857071493,0.210589013995855,-2.06553394714013,0.0206682600391986,0.464560124585293,2.99573227355399,2600.0,7.8632667240095735
9012458,,1,23,1.0,1019463,5,23.0,hourly,4.0,3.0,5.0,3.0,2.0,3.0,3.0,3.0,4.0,2.0,4.0,-0.988074877792844,-0.293585335855875,-1.46502951878527,0.55684486105609,-0.567155289428958,3.13549421592915,498.333333333333,6.2112691971566765
9012473,,1,30,1.0,1019426,35,30.0,hourly,3.0,3.0,5.0,5.0,4.0,4.0,1.0,2.0,2.0,3.0,3.0,0.114691846461042,0.210589013995855,-2.06553394714013,-1.58786154301148,-1.08301299643608,3.40119738166216,4550.0,8.422882511944996
9012478,,1,25,2.0,1026280,20,25.0,hourly,3.0,3.0,3.0,1.0,1.0,5.0,1.0,4.0,4.0,5.0,5.0,0.666075208587985,1.21893771369932,0.336483766279283,1.62919806308987,1.49627553859954,3.2188758248682,2166.66666666667,7.68094516721562
9012491,,1,250,1.0,1015930,4,250.0,hourly,1.0,5.0,3.0,3.0,1.0,5.0,1.0,3.0,2.0,3.0,2.0,1.76884193284187,0.714763212595312,-0.264020662075569,-0.515508340977693,0.464560124585293,5.52146091786225,4333.33333333333,8.374092347775564
9012535,1.0,2,3000,1.0,1026456,2,346.180475421186,monthly,3.0,4.0,2.0,4.0,2.0,5.0,2.0,5.0,2.0,4.0,5.0,0.666075208587985,1.21893771369932,1.53749262298899,-1.05168494199458,0.464560124585293,5.84696024433253,3000.23078698361,8.0064444936859
9012563,,1,21,1.0,1027512,12,21.0,hourly,3.0,4.0,2.0,4.0,2.0,4.0,1.0,5.0,2.0,5.0,5.0,0.114691846461042,1.72311145854195,1.53749262298899,-1.05168494199458,0.980417831592419,3.04452243772342,1092.0,6.9957661563048505
9012567,1.0,2,4100,1.0,1028418,2,473.113316408955,monthly,2.0,3.0,4.0,4.0,4.0,4.0,3.0,4.0,2.0,5.0,5.0,0.666075208587985,0.210589013995855,-0.264020662075569,-1.05168494199458,-0.0512975824218321,6.15933492937468,4100.31540887761,8.318819178728054
9012573,,1,22,1.0,1018256,35,22.0,hourly,4.0,4.0,4.0,4.0,3.0,3.0,4.0,4.0,3.0,4.0,3.0,-0.988074877792844,-0.797759534455332,-0.264020662075569,-0.515508340977693,-0.0512975824218321,3.09104245335832,3336.66666666667,8.112727583641158
9012594,,1,22,1.0,1019960,2,22.0,hourly,3.0,3.0,3.0,2.0,3.0,4.0,3.0,4.0,2.0,3.0,5.0,0.114691846461042,0.210589013995855,0.336483766279283,0.0206682600391986,-0.567155289428958,3.09104245335832,190.666666666667,5.2505267027116895
9012602,,1,20,2.0,1027690,40,20.0,hourly,4.0,4.0,3.0,2.0,2.0,5.0,2.0,4.0,4.0,4.0,5.0,0.114691846461042,1.21893771369932,0.336483766279283,1.09302146207298,0.464560124585293,2.99573227355399,3466.66666666667,8.150948796461355
9012641,,2,3000,1.0,1000207,28,24.727176815799,monthly,3.0,4.0,3.0,4.0,4.0,3.0,2.0,4.0,3.0,4.0,4.0,-0.436691515665901,0.714763212595312,0.336483766279283,-0.515508340977693,-0.567155289428958,3.20790291471727,3000.23078698361,8.0064444936859
9012660,,1,23,1.0,1028331,25,23.0,hourly,2.0,2.0,3.0,4.0,5.0,4.0,3.0,5.0,2.0,4.0,5.0,0.666075208587985,-0.293585335855875,0.936988194634136,-1.05168494199458,-1.08301299643608,3.13549421592915,2491.66666666667,7.820707109590779
9012682,1.0,1,24,2.0,1018652,35,24.0,hourly,4.0,4.0,2.0,2.0,3.0,2.0,2.0,4.0,4.0,3.0,4.0,-1.53945823991979,0.714763212595312,0.936988194634136,1.09302146207298,-0.567155289428958,3.17805383034795,3640.0,8.199738960630786
9012708,,2,3300,1.0,1026532,26,29.2921940741004,monthly,5.0,4.0,2.0,4.0,1.0,4.0,2.0,4.0,2.0,4.0,5.0,-0.988074877792844,1.21893771369932,0.936988194634136,-1.05168494199458,0.980417831592419,3.37732106667532,3300.25386568198,8.101754673490227
9012744,,2,4000,1.0,1019991,37,24.9499441744999,monthly,1.0,4.0,5.0,4.0,3.0,5.0,4.0,3.0,4.0,5.0,5.0,1.76884193284187,0.210589013995855,-1.46502951878527,0.0206682600391986,0.464560124585293,3.21687158470003,4000.30771597815,8.294126566137681
9012869,1.0,2,2300,2.0,1019192,1,530.810062312486,monthly,3.0,5.0,2.0,2.0,4.0,3.0,4.0,4.0,3.0,5.0,5.0,-0.436691515665901,0.714763212595312,0.936988194634136,0.55684486105609,-0.0512975824218321,6.27440425915947,2300.17693668744,7.740741327952897
9012879,1.0,1,25,1.0,1015509,28,25.0,hourly,4.0,4.0,2.0,3.0,3.0,2.0,2.0,5.0,3.0,5.0,5.0,-1.53945823991979,1.21893771369932,1.53749262298899,0.0206682600391986,0.464560124585293,3.2188758248682,3033.33333333333,8.01741740383683
9012883,1.0,2,2600,1.0,1028218,6,100.007692899454,monthly,3.0,3.0,4.0,3.0,3.0,4.0,2.0,3.0,5.0,4.0,5.0,0.114691846461042,0.714763212595312,-0.864525090430422,1.09302146207298,-0.0512975824218321,4.60524711202375,2600.2000153858,7.863343650045229
9012919,,2,2400,1.0,1018359,45,12.3086391260866,monthly,2.0,4.0,3.0,2.0,2.0,4.0,3.0,4.0,2.0,4.0,3.0,0.666075208587985,-0.293585335855875,0.336483766279283,0.0206682600391986,0.464560124585293,2.51030138380794,2400.18462958689,7.7833009423716915
9012924,2.0,2,4000,1.0,1026679,12,76.9289945380414,monthly,1.0,5.0,5.0,5.0,5.0,5.0,5.0,5.0,5.0,5.0,5.0,1.76884193284187,0.210589013995855,-0.264020662075569,0.0206682600391986,-0.567155289428958,4.34288284755625,4000.30771597815,8.294126566137681
9012927,,2,4200,1.0,1027463,18,53.850296176629,monthly,4.0,4.0,2.0,2.0,5.0,3.0,4.0,5.0,3.0,1.0,2.0,-0.988074877792844,-1.30193373305479,1.53749262298899,0.55684486105609,-2.63058611745746,3.98620790361752,4200.32310177706,8.342916730307115
9012942,1.0,2,4800,1.0,1019137,20,55.3888760673898,monthly,3.0,2.0,1.0,1.0,2.0,5.0,2.0,1.0,1.0,5.0,5.0,0.666075208587985,0.210589013995855,-0.264020662075569,0.0206682600391986,0.980417831592419,4.01437878058422,4800.36925917378,8.476448122931636
9012994,,2,400,2.0,1026614,18,5.12859963586943,monthly,2.0,3.0,2.0,2.0,1.0,4.0,2.0,3.0,4.0,4.0,5.0,0.666075208587985,0.714763212595312,0.336483766279283,1.09302146207298,0.980417831592419,1.63483264645405,400.030771597816,5.991541473143639
9013081,,1,21,1.0,1015842,6,21.0,hourly,3.0,1.0,3.0,3.0,1.0,2.0,3.0,3.0,2.0,5.0,2.0,-0.988074877792844,-2.31028228150598,-0.264020662075569,-0.515508340977693,1.49627553859954,3.04452243772342,546.0,6.302618975744905
9013099,,1,21,1.0,1015603,20,21.0,hourly,1.0,2.0,2.0,3.0,3.0,4.0,2.0,3.0,3.0,2.0,4.0,1.21745857071493,-0.293585335855875,0.336483766279283,0.0206682600391986,-1.08301299643608,3.04452243772342,1820.0,7.506591780070841
9013148,,1,21,1.0,1027671,10,21.0,hourly,2.0,4.0,3.0,5.0,4.0,4.0,5.0,2.0,5.0,3.0,1.0,0.666075208587985,-2.31028228150598,-0.864525090430422,0.0206682600391986,-1.08301299643608,3.04452243772342,910.0,6.813444599510896
9013194,1.0,1,25,1.0,1026355,1,25.0,hourly,4.0,4.0,4.0,3.0,2.0,4.0,3.0,3.0,4.0,4.0,4.0,-0.436691515665901,0.210589013995855,-0.864525090430422,0.55684486105609,0.464560124585293,3.2188758248682,108.333333333333,4.685212893661625
9013206,1.0,1,30,2.0,1026988,3,30.0,hourly,3.0,4.0,1.0,2.0,1.0,4.0,3.0,4.0,4.0,4.0,5.0,0.114691846461042,0.714763212595312,1.53749262298899,1.09302146207298,0.980417831592419,3.40119738166216,390.0,5.966146739123692
9013220,1.0,1,22,1.0,1027375,12,22.0,hourly,3.0,2.0,5.0,3.0,4.0,4.0,2.0,3.0,2.0,4.0,3.0,0.114691846461042,-0.797759534455332,-1.46502951878527,-0.515508340977693,-0.567155289428958,3.09104245335832,1144.0,7.042286171939743
9013237,1.0,2,4000,1.0,1019700,90,10.2571992717389,monthly,2.0,5.0,3.0,4.0,3.0,5.0,3.0,2.0,2.0,4.0,4.0,1.21745857071493,0.714763212595312,-0.864525090430422,-1.05168494199458,-0.0512975824218321,2.32797982701399,4000.30771597817,8.294126566137686
9013245,,2,3040,1.0,1028194,32,21.9247634433418,monthly,2.0,4.0,4.0,4.0,1.0,4.0,4.0,3.0,2.0,4.0,3.0,0.666075208587985,-0.797759534455332,-0.864525090430422,-1.05168494199458,0.980417831592419,3.08761674884277,3040.2338641434,8.019689720435924
9013269,,1,15,1.0,1027219,20,15.0,hourly,3.0,5.0,3.0,4.0,1.0,3.0,2.0,2.0,3.0,4.0,4.0,-0.436691515665901,1.21893771369932,-0.864525090430422,-0.515508340977693,0.980417831592419,2.70805020110221,1300.0,7.170119543449628
9013271,,1,18,1.0,1015171,35,18.0,hourly,2.0,4.0,4.0,1.0,1.0,5.0,2.0,4.0,5.0,5.0,3.0,1.21745857071493,0.210589013995855,-0.264020662075569,2.16537466410676,1.49627553859954,2.89037175789616,2730.0,7.912056888179006
9013287,,2,1300,,1015388,22,13.6374126681073,monthly,5.0,3.0,2.0,3.0,3.0,3.0,3.0,4.0,4.0,3.0,3.0,-1.53945823991979,-0.797759534455332,0.936988194634136,0.55684486105609,-0.567155289428958,2.61281694733354,1300.1000076929,7.170196469485283
9013290,,1,21,1.0,1026893,38,21.0,hourly,5.0,4.0,4.0,1.0,1.0,2.0,3.0,4.0,1.0,5.0,3.0,-2.09084160204673,-0.293585335855875,-0.264020662075569,0.0206682600391986,1.49627553859954,3.04452243772342,3458.0,8.148445666243235
9013351,1.0,1,24,2.0,1018583,30,24.0,hourly,3.0,2.0,4.0,4.0,3.0,3.0,1.0,2.0,3.0,4.0,5.0,-0.436691515665901,0.714763212595312,-1.46502951878527,-0.515508340977693,-0.0512975824218321,3.17805383034795,3120.0,8.045588280803528
9013361,1.0,1,22,1.0,1027943,30,22.0,hourly,1.0,4.0,3.0,3.0,3.0,3.0,4.0,4.0,2.0,3.0,1.0,0.666075208587985,-1.80610808290652,0.336483766279283,-0.515508340977693,-0.567155289428958,3.09104245335832,2860.0,7.958576903813898
9013363,,2,1800,1.0,1000182,35,11.8690448715835,monthly,4.0,4.0,4.0,4.0,2.0,3.0,2.0,4.0,3.0,5.0,4.0,-0.988074877792844,0.714763212595312,-0.264020662075569,-0.515508340977693,0.980417831592419,2.47393373963707,1800.13847219016,7.495618869919906
9013370,1.0,2,2500,2.0,1026352,4,144.241864758828,monthly,3.0,2.0,3.0,4.0,4.0,4.0,3.0,4.0,3.0,3.0,3.0,0.114691846461042,-1.30193373305479,0.336483766279283,-0.515508340977693,-1.08301299643608,4.97149150697863,2500.19232248635,7.824122936891949
9013379,1.0,1,23,2.0,1026520,6,23.0,hourly,4.0,4.0,3.0,3.0,2.0,4.0,3.0,3.0,4.0,4.0,4.0,-0.436691515665901,0.210589013995855,-0.264020662075569,0.55684486105609,0.464560124585293,3.13549421592915,598.0,6.393590753950631
9013393,,1,46,1.0,1026544,2,46.0,hourly,2.0,4.0,2.0,3.0,3.0,4.0,2.0,4.0,2.0,3.0,4.0,0.666075208587985,0.714763212595312,0.936988194634136,-0.515508340977693,-0.567155289428958,3.8286413964891,398.666666666667,5.9881256458424685
9013402,,2,2700,2.0,1027764,30,20.7708285252712,monthly,2.0,2.0,4.0,3.0,4.0,4.0,3.0,3.0,3.0,4.0,4.0,0.666075208587985,-0.797759534455332,-0.864525090430422,0.0206682600391986,-0.567155289428958,3.03354952757249,2700.20770828526,7.901083978028078
9013453,,1,40,1.0,1027416,8,40.0,hourly,4.0,4.0,3.0,5.0,1.0,3.0,4.0,2.0,4.0,5.0,3.0,-0.988074877792844,-0.797759534455332,-0.864525090430422,-0.515508340977693,1.49627553859954,3.68887945411394,1386.66666666667,7.234658064587202
9013499,1.0,2,3400,2.0,1020385,30,26.1558581429341,monthly,3.0,4.0,4.0,4.0,2.0,4.0,3.0,4.0,2.0,4.0,4.0,0.114691846461042,0.210589013995855,-0.264020662075569,-1.05168494199458,0.464560124585293,3.26407318618433,3400.26155858143,8.131607636639908
